Brand,Year,Mileage,FuelType,Transmission,EngineSize,HorsePower,Condition,Location,Price
Toyota,2021,62734,Petrol,Auto,3.1,294,Fair,Abuja,16650862
Toyota,2015,49742,Petrol,Auto,3.4,320,Fair,Abuja,16701806
Toyota,2021,22488,Petrol,Auto,1.4,201,Fair,Abuja,12602584
Toyota,2019,119373,Petrol,Auto,1.5,115,Fair,Abuja,10964389
Toyota,2019,29307,Petrol,Auto,3.2,161,Fair,Abuja,15454851
Toyota,2024,101076,Petrol,Auto,3.7,207,Fair,Abuja,17162468
Toyota,2013,50265,Petrol,Auto,3,327,Fair,Abuja,15668145
Toyota,2023,53853,Petrol,Auto,3.9,258,Fair,Abuja,18253029
Toyota,2013,128810,Petrol,Auto,3.4,285,Fair,Abuja,15498330
Toyota,2012,152816,Petrol,Auto,1.5,346,Fair,Abuja,11990288
Toyota,2014,146166,Petrol,Auto,3.5,150,Fair,Abuja,14376838
Toyota,2017,176922,Petrol,Auto,1.8,100,Fair,Abuja,10711546
Toyota,2023,24390,Petrol,Auto,3.7,248,Fair,Abuja,17959270
Toyota,2017,40123,Petrol,Auto,3.2,178,Fair,Abuja,15249139
Toyota,2021,150362,Petrol,Auto,3.6,82,Fair,Abuja,14917466
Toyota,2023,122173,Petrol,Auto,4,105,Fair,Abuja,16444789
Toyota,2021,193523,Petrol,Auto,3.7,224,Fair,Abuja,16235339
Toyota,2016,184608,Petrol,Auto,2.3,296,Fair,Abuja,13467744
Toyota,2023,161890,Petrol,Auto,4,220,Fair,Abuja,17316770
Toyota,2024,34404,Petrol,Auto,2.8,226,Fair,Abuja,16019172
Toyota,2023,25071,Petrol,Auto,1.8,281,Fair,Abuja,14484503
Toyota,2010,192274,Petrol,Auto,2.9,189,Fair,Abuja,12644082
Toyota,2016,60533,Petrol,Auto,1.7,141,Fair,Abuja,11586269
Toyota,2012,171162,Petrol,Auto,1.3,251,Fair,Abuja,10511866
Toyota,2011,146655,Petrol,Auto,2.7,174,Fair,Abuja,12563415
Toyota,2015,133036,Petrol,Auto,1.7,137,Fair,Abuja,10888748
Toyota,2015,154880,Petrol,Auto,1.1,132,Fair,Abuja,9485840
Toyota,2019,144936,Petrol,Auto,3.5,324,Fair,Abuja,16875448
Toyota,2021,114851,Petrol,Auto,1.7,350,Fair,Abuja,14046043
Toyota,2024,114112,Petrol,Auto,1.6,212,Fair,Abuja,12921216
Toyota,2018,16961,Petrol,Auto,1.4,330,Fair,Abuja,13481273
Toyota,2016,176305,Petrol,Auto,1.1,296,Fair,Abuja,11125865
Toyota,2021,65829,Petrol,Auto,3.8,289,Fair,Abuja,17979197
Toyota,2013,20815,Petrol,Auto,2.3,265,Fair,Abuja,13854295
Toyota,2011,109449,Petrol,Auto,3.9,334,Fair,Abuja,16823857
Toyota,2022,65017,Petrol,Auto,3,98,Fair,Abuja,14624881
Toyota,2022,29486,Petrol,Auto,1.7,121,Fair,Abuja,12503598
Toyota,2012,36445,Petrol,Auto,3.5,250,Fair,Abuja,15844885
Toyota,2021,12323,Petrol,Auto,1.5,194,Fair,Abuja,12803739
Toyota,2010,198318,Petrol,Auto,1.8,219,Fair,Abuja,10701774
Toyota,2017,43804,Petrol,Auto,2.4,282,Fair,Abuja,14663372
Toyota,2013,173811,Petrol,Auto,1.4,244,Fair,Abuja,10773323
Toyota,2012,118542,Petrol,Auto,3,193,Fair,Abuja,13700206
Toyota,2010,35761,Petrol,Auto,2.2,200,Fair,Abuja,12449673
Toyota,2022,84034,Petrol,Auto,1.5,325,Fair,Abuja,13761762
Toyota,2018,72234,Petrol,Auto,1.2,93,Fair,Abuja,10324362
Toyota,2013,89834,Petrol,Auto,1.6,207,Fair,Abuja,11391162
Toyota,2010,81226,Petrol,Auto,2.9,309,Fair,Abuja,14621418
Toyota,2018,168639,Petrol,Auto,1,350,Fair,Abuja,11819527
Toyota,2024,57593,Petrol,Auto,2.1,256,Fair,Abuja,14756849
Toyota,2014,81284,Petrol,Auto,2.1,231,Fair,Abuja,12841012
Toyota,2011,98964,Petrol,Auto,3.8,149,Fair,Abuja,14847252
Toyota,2014,32585,Petrol,Auto,3.3,285,Fair,Abuja,16121905
Toyota,2017,115073,Petrol,Auto,4,237,Fair,Abuja,16914489
Toyota,2014,173435,Petrol,Auto,2.1,128,Fair,Abuja,11165955
Toyota,2011,193788,Petrol,Auto,1.8,290,Fair,Abuja,11593484
Toyota,2016,119662,Petrol,Auto,1.6,115,Fair,Abuja,10712366
Toyota,2018,143942,Petrol,Auto,2.6,345,Fair,Abuja,15142406
Toyota,2011,91936,Petrol,Auto,1.7,251,Fair,Abuja,11716448
Toyota,2022,10511,Petrol,Auto,1.2,240,Fair,Abuja,12826423
Toyota,2012,141512,Petrol,Auto,1.7,349,Fair,Abuja,12499416
Toyota,2023,80153,Petrol,Auto,1.4,169,Fair,Abuja,12178929
Toyota,2023,31083,Petrol,Auto,2.9,231,Fair,Abuja,16142419
Toyota,2012,45823,Petrol,Auto,4,142,Fair,Abuja,15699239
Toyota,2024,29292,Petrol,Auto,2.2,105,Fair,Abuja,13644956
Toyota,2013,155295,Petrol,Auto,2.3,219,Fair,Abuja,12452935
Toyota,2019,75833,Petrol,Auto,3,164,Fair,Abuja,14759169
Toyota,2024,134112,Petrol,Auto,3.7,319,Fair,Abuja,18051216
Toyota,2013,113412,Petrol,Auto,1.7,289,Fair,Abuja,12246116
Toyota,2012,56510,Petrol,Auto,2.2,125,Fair,Abuja,11854430
Toyota,2018,122496,Petrol,Auto,2.4,164,Fair,Abuja,13082528
Toyota,2011,12847,Petrol,Auto,2.8,135,Fair,Abuja,13310071
Toyota,2018,184638,Petrol,Auto,3.1,170,Fair,Abuja,14107534
Toyota,2010,134118,Petrol,Auto,1.2,108,Fair,Abuja,8841174
Toyota,2016,181604,Petrol,Auto,3.5,259,Fair,Abuja,15518772
Toyota,2020,11431,Petrol,Auto,3,349,Fair,Abuja,17209983
Toyota,2022,180406,Petrol,Auto,3.1,309,Fair,Abuja,16127158
Toyota,2015,141093,Petrol,Auto,2.3,180,Fair,Abuja,12462349
Toyota,2022,167041,Petrol,Auto,3.4,97,Fair,Lagos,15200713
Toyota,2023,111301,Petrol,Auto,1.7,325,Fair,Lagos,14620893
Toyota,2015,56604,Petrol,Auto,1.4,257,Fair,Lagos,12523772
Toyota,2012,133233,Petrol,Auto,3.4,146,Fair,Lagos,14427369
Toyota,2012,146300,Petrol,Auto,3.4,83,Fair,Lagos,13705900
Toyota,2011,98124,Petrol,Auto,2.7,269,Fair,Lagos,14353132
Toyota,2011,89503,Petrol,Auto,3,189,Fair,Lagos,14213479
Toyota,2015,123955,Petrol,Auto,3.9,345,Fair,Lagos,17932315
Toyota,2020,166059,Petrol,Auto,2.4,302,Fair,Lagos,14957587
Toyota,2021,189626,Petrol,Auto,3.9,129,Fair,Lagos,16212618
Toyota,2023,131042,Petrol,Auto,1.3,305,Fair,Lagos,13482706
Toyota,2014,48910,Petrol,Auto,3.8,119,Fair,Lagos,15847630
Toyota,2013,56591,Petrol,Auto,1.7,342,Fair,Lagos,13673863
Toyota,2023,132014,Petrol,Auto,3.6,284,Fair,Lagos,17865902
Toyota,2015,134678,Petrol,Auto,4,296,Fair,Lagos,17567254
Toyota,2010,115169,Petrol,Auto,1.5,242,Fair,Lagos,11413817
Toyota,2020,166363,Petrol,Auto,2.6,264,Fair,Lagos,14975459
Toyota,2021,57472,Petrol,Auto,1.5,155,Fair,Lagos,12597696
Toyota,2016,134755,Petrol,Auto,1.4,329,Fair,Lagos,12846715
Toyota,2015,18718,Petrol,Auto,2.7,97,Fair,Lagos,13788974
Toyota,2010,112185,Petrol,Auto,1.9,179,Fair,Lagos,11604705
Toyota,2022,53000,Petrol,Auto,2.4,350,Fair,Lagos,16529000
Toyota,2012,84981,Petrol,Auto,3.1,178,Fair,Lagos,14485133
Toyota,2011,144436,Petrol,Auto,1.9,321,Fair,Lagos,12948948
Toyota,2019,16574,Petrol,Auto,2.5,237,Fair,Lagos,15403982
Toyota,2010,122744,Petrol,Auto,2.6,116,Fair,Lagos,12300792
Toyota,2020,24848,Petrol,Auto,3.8,348,Fair,Lagos,19206064
Toyota,2021,42106,Petrol,Auto,3.6,100,Fair,Lagos,16355258
Toyota,2011,178388,Petrol,Auto,3.5,304,Fair,Lagos,15741284
Toyota,2018,71845,Petrol,Auto,2.4,236,Fair,Lagos,14657085
Toyota,2017,109174,Petrol,Auto,2.4,344,Fair,Lagos,15325782
Toyota,2021,76199,Petrol,Auto,1.4,348,Fair,Lagos,14196607
Toyota,2012,24301,Petrol,Auto,3.4,92,Fair,Lagos,14649893
Toyota,2024,139551,Petrol,Auto,2.4,176,Fair,Lagos,14483143
Toyota,2017,114256,Petrol,Auto,1.9,221,Fair,Lagos,13060208
Toyota,2010,59741,Petrol,Auto,4,240,Fair,Lagos,16781813
Toyota,2012,34275,Petrol,Auto,2.8,109,Fair,Lagos,13550075
Toyota,2024,137413,Petrol,Auto,3.2,110,Fair,Lagos,15438109
Toyota,2019,122921,Petrol,Auto,3.7,340,Fair,Lagos,18089553
Toyota,2012,116310,Petrol,Auto,3.7,260,Fair,Lagos,16285830
Toyota,2012,191271,Petrol,Auto,1.7,176,Fair,Lagos,10921103
Toyota,2015,84275,Petrol,Auto,3.9,266,Fair,Lagos,17420075
Toyota,2020,114917,Petrol,Auto,3.8,305,Fair,Lagos,18145581
Toyota,2021,71517,Petrol,Auto,2.9,278,Fair,Lagos,16529381
Toyota,2020,19852,Petrol,Auto,1.5,184,Fair,Lagos,13001036
Toyota,2017,27193,Petrol,Auto,2.1,184,Fair,Lagos,13699649
Toyota,2018,198180,Petrol,Auto,2.1,189,Fair,Lagos,12702740
Toyota,2023,69574,Petrol,Auto,1.2,136,Fair,Lagos,12022982
Toyota,2019,58741,Petrol,Auto,2.5,260,Fair,Lagos,15338813
Toyota,2020,91156,Petrol,Auto,1.4,246,Fair,Lagos,12921908
Toyota,2022,99632,Petrol,Auto,2.5,230,Fair,Lagos,15202576
Toyota,2022,181411,Petrol,Auto,3.1,195,Fair,Lagos,15480123
Toyota,2016,57495,Petrol,Auto,2.7,246,Fair,Lagos,15157535
Toyota,2017,76500,Petrol,Auto,1.1,241,Fair,Lagos,11924500
Toyota,2022,102066,Petrol,Auto,3.2,152,Fair,Lagos,15805538
Toyota,2020,47307,Petrol,Auto,2.8,229,Fair,Lagos,15858851
Toyota,2023,180501,Petrol,Auto,3.5,90,Fair,Lagos,15386493
Toyota,2012,61426,Petrol,Auto,3.3,99,Fair,Lagos,14260018
Toyota,2022,77836,Petrol,Auto,3.8,182,Fair,Lagos,17475148
Toyota,2015,150424,Petrol,Auto,3.6,314,Fair,Lagos,16837032
Toyota,2016,38895,Petrol,Auto,3.4,319,Fair,Lagos,17417735
Toyota,2021,179796,Petrol,Auto,1.6,126,Fair,Lagos,11651428
Toyota,2019,171843,Petrol,Auto,2.2,142,Fair,Lagos,12767099
Toyota,2019,147842,Petrol,Auto,3.4,128,Fair,Lagos,15195106
Toyota,2019,28639,Petrol,Auto,3.1,278,Fair,Lagos,16929527
Toyota,2011,121395,Petrol,Auto,1.2,87,Fair,Lagos,9370235
Toyota,2018,57634,Petrol,Auto,1.9,126,Fair,Lagos,12656562
Toyota,2022,144910,Petrol,Auto,3,323,Fair,Lagos,16815630
Toyota,2023,170930,Petrol,Auto,2.3,344,Fair,Lagos,15593490
Toyota,2016,17573,Petrol,Auto,3.1,179,Fair,Lagos,15566989
Toyota,2012,154246,Petrol,Auto,2.7,145,Fair,Lagos,12870278
Toyota,2016,60935,Petrol,Auto,3,88,Fair,Lagos,14153455
Toyota,2024,71788,Petrol,Auto,1.6,345,Fair,Lagos,15047484
Toyota,2011,100216,Petrol,Auto,1.4,171,Fair,Lagos,10758488
Toyota,2010,51101,Petrol,Auto,1.2,151,Fair,Lagos,10352293
Toyota,2016,42865,Petrol,Auto,2.5,148,Fair,Lagos,13879945
Toyota,2023,65621,Petrol,Auto,2.1,95,Fair,Lagos,13440653
Toyota,2022,44580,Petrol,Auto,1.4,288,Fair,Lagos,13967940
Toyota,2016,97539,Petrol,Auto,3.4,342,Fair,Lagos,17237227
Toyota,2019,160474,Petrol,Auto,1.5,241,Fair,Lagos,12436682
Toyota,2020,57320,Petrol,Auto,1.4,100,Fair,Lagos,11698760
Toyota,2016,178402,Petrol,Auto,3.5,163,Fair,Lagos,15081186
Toyota,2022,133253,Petrol,Auto,2.6,327,Fair,Lagos,16137229
Toyota,2021,169439,Petrol,Auto,3,349,Fair,Lagos,16753927
Toyota,2024,148630,Petrol,Auto,2.4,319,Fair,Lagos,15849590
Toyota,2014,88552,Petrol,Auto,2.1,158,Fair,Lagos,12560136
Toyota,2013,37555,Petrol,Auto,3.8,190,Fair,Lagos,16487115
Toyota,2019,148826,Petrol,Auto,3.1,349,Fair,Lagos,16798218
Toyota,2019,160102,Petrol,Auto,1,166,Fair,Lagos,10689286
Toyota,2016,127795,Petrol,Auto,1.2,183,Fair,Lagos,11035435
Toyota,2020,21603,Petrol,Auto,2.4,251,Fair,Lagos,15458779
Toyota,2019,15277,Petrol,Auto,1.5,284,Fair,Lagos,13883061
Toyota,2016,170291,Petrol,Auto,1.9,209,Fair,Lagos,12397963
Toyota,2019,93697,Petrol,Auto,2.9,251,Fair,Lagos,15804121
Toyota,2023,29989,Petrol,Auto,2,83,Fair,Lagos,13370077
Toyota,2014,98603,Petrol,Auto,1.3,237,Fair,Lagos,11679779
Toyota,2012,164980,Petrol,Auto,3.8,246,Fair,Lagos,16005140
Toyota,2023,128567,Petrol,Auto,2,183,Fair,Lagos,13680031
Toyota,2013,140337,Petrol,Auto,2.2,325,Fair,Lagos,13917641
Toyota,2021,155577,Petrol,Auto,3.6,205,Fair,Lagos,16610961
Toyota,2019,129392,Petrol,Auto,2.1,272,Fair,Lagos,14164256
Toyota,2021,199345,Petrol,Auto,2.3,216,Fair,Lagos,13814585
Toyota,2021,101472,Petrol,Auto,3.3,348,Fair,Lagos,17819696
Toyota,2011,61095,Petrol,Auto,1.5,263,Fair,Lagos,12152335
Toyota,2010,32683,Petrol,Auto,2.8,342,Fair,Lagos,15591219
Toyota,2020,22772,Petrol,Auto,3.2,289,Fair,Lagos,17430596
Toyota,2022,15559,Petrol,Auto,3.6,297,Fair,Lagos,18661087
Toyota,2024,54992,Petrol,Auto,2,174,Fair,Lagos,14255056
Toyota,2019,136102,Petrol,Auto,2.7,120,Fair,Lagos,13797286
Toyota,2018,82169,Petrol,Auto,1.9,96,Fair,Lagos,12184817
Toyota,2021,158459,Petrol,Auto,2.6,287,Fair,Lagos,15410787
Toyota,2021,110180,Petrol,Auto,2.1,303,Fair,Lagos,14908740
Toyota,2018,166980,Petrol,Auto,2.1,160,Fair,Lagos,12631140
Toyota,2011,43855,Petrol,Auto,4,295,Fair,Lagos,17593015
Toyota,2016,149892,Petrol,Auto,1.1,334,Fair,Kano,10490756
Toyota,2018,125104,Petrol,Auto,3.2,149,Fair,Kano,13314272
Toyota,2024,111990,Petrol,Auto,3.9,175,Fair,Kano,15966070
Toyota,2018,91791,Petrol,Auto,2.7,81,Fair,Kano,11867463
Toyota,2022,111727,Petrol,Auto,3.7,331,Fair,Kano,16827911
Toyota,2024,44735,Petrol,Auto,4,145,Fair,Kano,16336855
Toyota,2022,99752,Petrol,Auto,3,124,Fair,Kano,13441736
Toyota,2023,143349,Petrol,Auto,1.2,238,Fair,Kano,10826557
Toyota,2015,179116,Petrol,Auto,3.6,255,Fair,Kano,14346188
Toyota,2023,152928,Petrol,Auto,1.2,115,Fair,Kano,9529504
Toyota,2013,124275,Petrol,Auto,1.5,130,Fair,Kano,8980075
Toyota,2016,149055,Petrol,Auto,1.6,185,Fair,Kano,10006615
Toyota,2015,83584,Petrol,Auto,2.9,176,Fair,Kano,12824912
Toyota,2024,185234,Petrol,Auto,3.8,287,Fair,Kano,16373362
Toyota,2019,39572,Petrol,Auto,2.7,95,Fair,Kano,12522996
Toyota,2012,155427,Petrol,Auto,2.1,138,Fair,Kano,9892011
Toyota,2024,24073,Petrol,Auto,3.3,271,Fair,Kano,16341489
Toyota,2018,148349,Petrol,Auto,3.3,246,Fair,Kano,14321557
Toyota,2018,88274,Petrol,Auto,2.8,173,Fair,Kano,13012082
Toyota,2012,38588,Petrol,Auto,1.7,86,Fair,Kano,9389884
Toyota,2019,139919,Petrol,Auto,1.6,244,Fair,Kano,11110567
Toyota,2016,187044,Petrol,Auto,1.7,286,Fair,Kano,10950692
Toyota,2011,77662,Petrol,Auto,3.8,273,Fair,Kano,15036366
Toyota,2017,196047,Petrol,Auto,2.3,298,Fair,Kano,12357671
Toyota,2024,66144,Petrol,Auto,1.6,90,Fair,Kano,10836992
Toyota,2022,55690,Petrol,Auto,2.7,96,Fair,Kano,12870170
Toyota,2015,162649,Petrol,Auto,2.9,349,Fair,Kano,14001457
Toyota,2019,159139,Petrol,Auto,2.5,168,Fair,Kano,12016027
Toyota,2012,173174,Petrol,Auto,3.8,162,Fair,Kano,13407782
Toyota,2015,125424,Petrol,Auto,1.3,173,Fair,Kano,9302032
Toyota,2020,80694,Petrol,Auto,2,285,Fair,Kano,12885142
Toyota,2014,180369,Petrol,Auto,2.1,279,Fair,Kano,11427417
Toyota,2012,37144,Petrol,Auto,2,101,Fair,Kano,10149992
Toyota,2013,81431,Petrol,Auto,3,238,Fair,Kano,13359983
Toyota,2019,141255,Petrol,Auto,1.9,124,Fair,Kano,10501215
Toyota,2024,132367,Petrol,Auto,1.3,218,Fair,Kano,11053431
Toyota,2022,105267,Petrol,Auto,2,263,Fair,Kano,12793131
Toyota,2023,17543,Petrol,Auto,2.5,237,Fair,Kano,14297199
Toyota,2012,42880,Petrol,Auto,3.6,153,Fair,Kano,13829840
Toyota,2014,165854,Petrol,Auto,3.3,115,Fair,Kano,12289022
Honda,2015,86115,Petrol,Auto,4,152,Fair,Kano,14267195
Honda,2017,99735,Petrol,Auto,3.3,342,Fair,Kano,14971855
Honda,2023,198629,Petrol,Auto,3.2,287,Fair,Kano,14429597
Honda,2012,28575,Petrol,Auto,3.3,230,Fair,Kano,13599975
Honda,2013,186611,Petrol,Auto,2.2,186,Fair,Kano,10003723
Honda,2022,10132,Petrol,Auto,2.2,284,Fair,Kano,13569076
Honda,2024,41200,Petrol,Auto,3.7,156,Fair,Kano,15371600
Honda,2024,121197,Petrol,Auto,3.2,156,Fair,Kano,13811621
Honda,2017,22188,Petrol,Auto,2.6,287,Fair,Kano,13564684
Honda,2013,122806,Petrol,Auto,3.7,285,Fair,Kano,14440358
Honda,2016,51195,Petrol,Auto,3.8,259,Fair,Kano,15331635
Honda,2010,43706,Petrol,Auto,3.8,225,Fair,Kano,14144058
Honda,2015,16401,Petrol,Auto,1.6,337,Fair,Kano,11805193
Honda,2012,93832,Petrol,Auto,1.2,165,Fair,Kano,8293176
Honda,2011,53079,Petrol,Auto,3.9,326,Fair,Kano,15438447
Honda,2019,144648,Petrol,Auto,2.6,177,Fair,Kano,11907464
Honda,2013,37333,Petrol,Auto,3.1,224,Fair,Kano,13228669
Honda,2021,13317,Petrol,Auto,1.6,181,Fair,Kano,11166781
Honda,2022,148761,Petrol,Auto,3.1,249,Fair,Kano,14048673
Honda,2019,52316,Petrol,Auto,2.8,198,Fair,Kano,13163788
Honda,2023,194160,Petrol,Auto,3.9,98,Fair,Kano,13970880
Honda,2010,40471,Petrol,Auto,2.3,189,Fair,Kano,10806703
Honda,2013,191982,Petrol,Auto,2.1,328,Fair,Kano,11186126
Honda,2017,124599,Petrol,Auto,2,217,Fair,Kano,10947807
Honda,2014,44733,Petrol,Auto,2.8,348,Fair,Kano,13966869
Honda,2019,128480,Petrol,Auto,1.7,327,Fair,Kano,11720640
Honda,2022,83077,Petrol,Auto,1.2,253,Fair,Kano,10748461
Honda,2022,174767,Petrol,Auto,2,233,Fair,Kano,11506631
Honda,2019,33795,Petrol,Auto,3.3,104,Fair,Kano,13353435
Honda,2018,59363,Petrol,Auto,2.6,235,Fair,Kano,12934459
Honda,2024,138022,Petrol,Auto,1.8,207,Fair,Kano,11403846
Honda,2017,11035,Petrol,Auto,1.7,119,Fair,Kano,10162755
Honda,2024,87374,Petrol,Auto,2.4,330,Fair,Kano,14188382
Honda,2019,113659,Petrol,Auto,3.3,291,Fair,Kano,14664387
Honda,2014,168879,Petrol,Auto,3,107,Fair,Kano,11087847
Honda,2024,154363,Petrol,Auto,1.3,139,Fair,Kano,9609459
Honda,2016,173106,Petrol,Auto,1.3,350,Fair,Kano,10388258
Honda,2016,76499,Petrol,Auto,1.4,256,Fair,Kano,10324507
Honda,2018,119490,Petrol,Auto,3.5,217,Fair,Kano,14133570
Honda,2013,199567,Petrol,Auto,1.8,151,Fair,Kano,8763031
Honda,2020,152274,Petrol,Auto,2.2,81,Fair,Kano,10244082
Honda,2022,148138,Petrol,Auto,2.8,193,Fair,Kano,12893034
Honda,2011,149294,Petrol,Auto,3.6,210,Fair,Kano,13004942
Honda,2016,117471,Petrol,Auto,2,185,Fair,Kano,10527703
Honda,2014,78461,Petrol,Auto,2.2,311,Fair,Kano,12160773
Honda,2010,28841,Petrol,Auto,1.9,331,Fair,Kano,11508113
Honda,2023,152142,Petrol,Auto,4,167,Fair,Kano,15155006
Honda,2011,67332,Petrol,Auto,2.4,305,Fair,Kano,12128676
Honda,2013,163955,Petrol,Auto,1.8,255,Fair,Kano,10052315
Honda,2011,154555,Petrol,Auto,3.3,202,Fair,Kano,12288115
Honda,2021,61814,Petrol,Auto,2.3,275,Fair,Kano,13167302
Honda,2016,179571,Petrol,Auto,3.6,213,Fair,Kano,13573003
Honda,2019,138275,Petrol,Auto,3.6,141,Fair,Kano,13592075
Honda,2017,198407,Petrol,Auto,1.7,339,Fair,Kano,11051151
Honda,2015,193167,Petrol,Auto,2.5,127,Fair,Kano,10267831
Honda,2017,31832,Petrol,Auto,2.1,195,Fair,Kano,11577176
Honda,2016,176933,Petrol,Auto,3.5,182,Fair,Kaduna,12481469
Honda,2015,147152,Petrol,Auto,4,131,Fair,Kaduna,13029936
Honda,2018,189459,Petrol,Auto,2.9,253,Fair,Kaduna,12203787
Honda,2019,138994,Petrol,Auto,1.3,245,Fair,Kaduna,9427042
Honda,2024,56361,Petrol,Auto,1.4,346,Fair,Kaduna,11965473
Honda,2021,72947,Petrol,Auto,2.1,339,Fair,Kaduna,12729371
Honda,2011,111453,Petrol,Auto,3.6,218,Fair,Kaduna,12749829
Honda,2014,45809,Petrol,Auto,3.4,204,Fair,Kaduna,13119337
Honda,2011,197607,Petrol,Auto,2.2,334,Fair,Kaduna,10506751
Honda,2021,115174,Petrol,Auto,2.9,197,Fair,Kaduna,12613782
Honda,2021,56336,Petrol,Auto,2.7,312,Fair,Kaduna,13775648
Honda,2022,85175,Petrol,Auto,3.6,300,Fair,Kaduna,15403775
Honda,2019,161176,Petrol,Auto,2.2,271,Fair,Kaduna,11331768
Honda,2013,75009,Petrol,Auto,3.4,115,Fair,Kaduna,11874937
Honda,2013,19654,Petrol,Auto,2.8,265,Fair,Kaduna,12562422
Honda,2015,109335,Petrol,Auto,3.2,253,Fair,Kaduna,12914655
Honda,2012,55015,Petrol,Auto,1.5,253,Fair,Kaduna,9444895
Honda,2021,58394,Petrol,Auto,2.6,201,Fair,Kaduna,12451242
Honda,2024,49037,Petrol,Auto,3.5,222,Fair,Kaduna,14976741
Honda,2017,185622,Petrol,Auto,2.9,289,Fair,Kaduna,12440646
Honda,2010,18493,Petrol,Auto,2.7,176,Fair,Kaduna,11030549
Honda,2023,87711,Petrol,Auto,3.3,106,Fair,Kaduna,12996023
Honda,2012,116071,Petrol,Auto,3.5,209,Fair,Kaduna,12577503
Honda,2013,103624,Petrol,Auto,2.6,303,Fair,Kaduna,11954632
Honda,2017,58355,Petrol,Auto,3.3,348,Fair,Kaduna,14721515
Honda,2024,55434,Petrol,Auto,3.6,301,Fair,Kaduna,15921962
Honda,2020,98915,Petrol,Auto,2.3,294,Fair,Kaduna,12347595
Honda,2018,171163,Petrol,Auto,3.8,255,Fair,Kaduna,14151859
Honda,2023,143055,Petrol,Auto,1.2,270,Fair,Kaduna,10048615
Honda,2014,53792,Petrol,Auto,1.1,327,Fair,Kaduna,9693456
Honda,2017,18236,Petrol,Auto,2.6,237,Fair,Kaduna,12492348
Honda,2016,33269,Petrol,Auto,2.4,232,Fair,Kaduna,11787117
Honda,2021,22402,Petrol,Auto,1.4,266,Fair,Kaduna,10953186
Honda,2016,89908,Petrol,Auto,1.1,254,Fair,Kaduna,9010644
Honda,2019,171515,Petrol,Auto,3.3,279,Fair,Kaduna,13539395
Honda,2023,89869,Petrol,Auto,1.2,153,Fair,Kaduna,9250917
Honda,2022,162381,Petrol,Auto,1.2,335,Fair,Kaduna,10413333
Honda,2011,146949,Petrol,Auto,3.7,99,Fair,Kaduna,11511357
Honda,2021,37962,Petrol,Auto,1.4,340,Fair,Kaduna,11584266
Honda,2019,163008,Petrol,Auto,2,113,Fair,Kaduna,9338944
Honda,2010,78895,Petrol,Auto,1.9,299,Fair,Kaduna,10237735
Honda,2016,141722,Petrol,Auto,3.2,334,Fair,Kaduna,13647946
Honda,2022,102041,Petrol,Auto,1.6,350,Fair,Kaduna,11785713
Honda,2012,38604,Petrol,Auto,1.5,99,Fair,Kaduna,8019772
Honda,2019,168770,Petrol,Auto,1.7,246,Fair,Kaduna,10028610
Honda,2019,49071,Petrol,Auto,1.1,121,Fair,Kaduna,8416503
Honda,2010,157901,Petrol,Auto,2.7,171,Fair,Kaduna,10004693
Honda,2012,157454,Petrol,Auto,1.2,195,Fair,Kaduna,7547822
Honda,2013,164665,Petrol,Auto,3.4,212,Fair,Kaduna,12217345
Honda,2021,40048,Petrol,Auto,3.4,260,Fair,Kaduna,14769664
Honda,2020,198838,Petrol,Auto,1.6,348,Fair,Kaduna,10788134
Honda,2012,132259,Petrol,Auto,3.2,199,Fair,Kaduna,11764187
Honda,2017,53828,Petrol,Auto,1.8,145,Fair,Kaduna,9723204
Honda,2017,64433,Petrol,Auto,1.7,300,Fair,Kaduna,10998969
Honda,2013,127751,Petrol,Auto,2.1,201,Fair,Kaduna,9765743
Honda,2012,184150,Petrol,Auto,2.6,84,Fair,Kaduna,9050950
Honda,2020,88680,Petrol,Auto,3,182,Fair,Kaduna,12699240
Honda,2014,19084,Petrol,Auto,1,182,Fair,Kaduna,8286412
Honda,2021,97136,Petrol,Auto,1.4,275,Fair,Kaduna,10520048
Honda,2019,167328,Petrol,Auto,2.1,215,Fair,Kaduna,10528704
Honda,2023,50947,Petrol,Auto,2.3,82,Fair,Kaduna,11013371
Honda,2024,166024,Petrol,Auto,3.1,266,Fair,Kaduna,13797832
Honda,2012,11680,Petrol,Auto,1.9,94,Fair,Kaduna,8958240
Honda,2010,102676,Petrol,Auto,1.5,322,Fair,Kaduna,9501268
Honda,2018,98322,Petrol,Auto,3.6,255,Fair,Kaduna,14261746
Honda,2021,32965,Petrol,Auto,3.8,262,Fair,Kaduna,15639245
Honda,2021,34889,Petrol,Auto,3.6,303,Fair,Kaduna,15635777
Honda,2021,36578,Petrol,Auto,2,185,Fair,Kaduna,11243954
Honda,2019,172842,Petrol,Auto,2.9,195,Fair,Kaduna,11890106
Honda,2017,48851,Petrol,Auto,3.8,244,Fair,Kaduna,14748043
Honda,2011,173582,Petrol,Auto,3.9,235,Fair,Kaduna,13084926
Honda,2012,47345,Petrol,Auto,3.9,278,Fair,Kaduna,14548585
Honda,2013,64402,Petrol,Auto,1.8,338,Fair,Kaduna,10979186
Honda,2010,142703,Petrol,Auto,3.7,237,Fair,Kaduna,12771079
Honda,2014,183183,Petrol,Auto,2.9,245,Fair,Kaduna,11567719
Honda,2017,82417,Petrol,Auto,2.8,232,Fair,Kaduna,12393081
Honda,2015,172501,Petrol,Auto,2.6,168,Fair,Kaduna,10422493
Honda,2024,121535,Petrol,Auto,2.6,214,Fair,Kaduna,12589255
Honda,2023,88946,Petrol,Auto,3.1,265,Fair,Kaduna,14177378
Honda,2016,168652,Petrol,Auto,2.8,115,Fair,Kaduna,10469436
Honda,2010,89239,Petrol,Auto,1.4,85,Fair,Kaduna,7025327
Honda,2021,18723,Petrol,Auto,3.8,180,Fair,Kaduna,14918939
Honda,2011,53168,Petrol,Auto,2.8,200,Fair,Kaduna,11377824
Honda,2018,117891,Petrol,Auto,2.9,312,Fair,Kaduna,13294763
Honda,2011,126315,Petrol,Auto,1.9,150,Fair,Kaduna,8565795
Honda,2022,34556,Petrol,Auto,3.7,116,Fair,Kaduna,14118108
Honda,2018,92154,Petrol,Auto,1.3,122,Fair,Kaduna,8374922
Honda,2010,132721,Petrol,Auto,4,205,Fair,Kaduna,13120953
Honda,2019,154164,Petrol,Auto,2.4,324,Fair,Kaduna,12310852
Honda,2016,75350,Petrol,Auto,2.8,109,Fair,Kaduna,11062550
Honda,2015,175479,Petrol,Auto,2.7,107,Fair,Kaduna,9991647
Honda,2011,26668,Petrol,Auto,2.8,313,Fair,Kaduna,12693324
Honda,2010,125899,Petrol,Auto,1.3,123,Fair,Kaduna,6948707
Honda,2023,159454,Petrol,Auto,1,286,Fair,Kaduna,9693822
Honda,2011,63572,Petrol,Auto,2,267,Fair,Kaduna,10374996
Honda,2013,146114,Petrol,Auto,2.2,185,Fair,Kaduna,9677202
Honda,2017,141673,Petrol,Auto,2.1,114,Fair,Kaduna,9398289
Honda,2020,19351,Petrol,Auto,4,100,Fair,Kaduna,14364543
Honda,2012,21617,Petrol,Auto,3.9,183,Fair,Kaduna,13778681
Honda,2018,112767,Petrol,Auto,1.2,211,Fair,Kaduna,8920631
Honda,2023,68498,Petrol,Auto,2.6,91,Fair,Kaduna,11580514
Honda,2022,23574,Petrol,Auto,1.8,315,Fair,Kaduna,12384982
Honda,2019,12146,Petrol,Auto,1.2,206,Fair,Kaduna,9724978
Honda,2024,26769,Petrol,Auto,3,83,Fair,Kaduna,12742617
Honda,2017,128675,Petrol,Auto,3.6,142,Fair,Kaduna,12769275
Honda,2022,18426,Petrol,Auto,3.8,333,Fair,Kaduna,16601018
Honda,2011,69360,Petrol,Auto,1.7,182,Fair,Kaduna,8884480
Honda,2021,23736,Petrol,Auto,2.6,301,Fair,Kaduna,13693848
Honda,2021,103023,Petrol,Auto,3.5,141,Fair,Kaduna,13338839
Honda,2013,99899,Petrol,Auto,2.1,196,Fair,Kaduna,9910707
Honda,2015,191827,Petrol,Auto,1.6,156,Fair,Kaduna,8167211
Honda,2024,29818,Petrol,Auto,3.5,144,Fair,Kaduna,14331274
Honda,2017,115902,Petrol,Auto,1.6,326,Fair,Kaduna,10698686
Honda,2023,12711,Petrol,Auto,3.9,101,Fair,Kaduna,14671023
Honda,2021,144923,Petrol,Auto,3.8,168,Fair,Kaduna,13915539
Honda,2019,22898,Petrol,Auto,2.9,248,Fair,Kaduna,13469714
Honda,2020,191032,Petrol,Auto,1.4,83,Fair,Kaduna,7792776
Honda,2012,29112,Petrol,Auto,3.2,335,Fair,Kaduna,13846216
Honda,2018,186205,Petrol,Auto,1.9,315,Fair,Kaduna,10846565
Honda,2022,39653,Petrol,Auto,1.5,183,Fair,Kaduna,10352429
Honda,2018,195058,Petrol,Auto,3.1,113,Fair,Kaduna,11164594
Honda,2015,33386,Petrol,Auto,1,115,Fair,Kaduna,7666298
Honda,2018,143880,Petrol,Auto,1.2,119,Fair,Kaduna,7782840
Honda,2010,54876,Petrol,Auto,2.5,216,Fair,Kaduna,10775868
Honda,2015,86957,Petrol,Auto,3.5,134,Fair,Kaduna,12481301
Honda,2010,56810,Petrol,Auto,3.1,179,Fair,Kaduna,11592330
Honda,2013,184477,Petrol,Auto,1.1,148,Fair,Kaduna,6838661
Honda,2013,39801,Petrol,Auto,2.9,121,Fair,Kaduna,11181393
Honda,2020,124498,Petrol,Auto,2.9,226,Fair,Kaduna,12688514
Honda,2014,124975,Petrol,Auto,2.4,197,Fair,Kaduna,10495175
Honda,2010,81937,Petrol,Auto,3.6,348,Fair,Kaduna,14106441
Honda,2013,93507,Petrol,Auto,2.2,269,Fair,Kaduna,10885451
Honda,2015,42984,Petrol,Auto,2.3,158,Fair,Kaduna,10629112
Honda,2021,199568,Petrol,Auto,1.5,272,Fair,Kaduna,9973024
Honda,2021,190808,Petrol,Auto,1.8,348,Fair,Kaduna,11394344
Honda,2011,148661,Petrol,Auto,2.2,142,Fair,Kaduna,8929373
Honda,2023,174614,Petrol,Auto,2.5,349,Fair,Kaduna,13217702
Honda,2018,88759,Petrol,Auto,3.1,306,Fair,Kaduna,13838687
Honda,2023,135257,Petrol,Auto,1.6,188,Fair,Kaduna,10083201
Honda,2013,43195,Petrol,Auto,1.8,224,Fair,Kaduna,9987635
Honda,2020,56989,Petrol,Auto,3,149,Fair,Kaduna,12591077
Honda,2024,150217,Petrol,Auto,1.4,209,Fair,Kaduna,9938481
Honda,2020,138596,Petrol,Auto,2.7,283,Fair,Kaduna,12759828
Honda,2017,14457,Petrol,Auto,2.3,158,Fair,Kaduna,11128801
Honda,2018,89476,Petrol,Auto,3.5,138,Fair,Kaduna,12953668
Honda,2020,67663,Petrol,Auto,1.9,262,Fair,Kaduna,11446359
Honda,2012,79032,Petrol,Auto,3.1,181,Fair,Kaduna,11756776
Honda,2021,109346,Petrol,Auto,3.8,196,Fair,Kaduna,14444578
Honda,2017,175977,Petrol,Auto,3.7,122,Fair,Kaduna,12438161
Honda,2012,81475,Petrol,Auto,3.9,160,Fair,Kaduna,13129675
Honda,2016,76959,Petrol,Auto,3.6,322,Fair,Kaduna,14781287
Honda,2024,58548,Petrol,Auto,1.3,181,Fair,Kaduna,10100164
Honda,2011,78557,Petrol,Auto,2.6,193,Fair,Kaduna,10730101
Honda,2018,88527,Petrol,Auto,3.9,300,Fair,Kaduna,15380311
Honda,2015,180517,Petrol,Auto,2.2,139,Fair,Kaduna,9276381
Honda,2011,102635,Petrol,Auto,3.6,218,Fair,Kaduna,12811555
Honda,2017,127025,Petrol,Auto,2.5,348,Fair,Kaduna,12640825
Honda,2010,130713,Petrol,Auto,2.7,157,Fair,Kaduna,10055009
Honda,2024,109160,Petrol,Auto,2.7,97,Fair,Kaduna,11705880
Honda,2018,50759,Petrol,Auto,1.7,120,Fair,Kaduna,9444687
Honda,2021,92332,Petrol,Auto,3.3,104,Fair,Kaduna,12643676
Honda,2020,58818,Petrol,Auto,3.5,262,Fair,Kaduna,14708274
Honda,2019,69887,Petrol,Auto,2.4,252,Fair,Kaduna,12180791
Honda,2012,55068,Petrol,Auto,1.1,187,Fair,Kaduna,7984524
Honda,2019,29717,Petrol,Auto,2.5,285,Fair,Kaduna,12991981
Honda,2022,27629,Petrol,Auto,1.5,114,Fair,Kaduna,9746597
Honda,2011,136058,Petrol,Auto,3.9,211,Fair,Kaduna,13107594
Honda,2017,95271,Petrol,Auto,1.6,335,Fair,Kaduna,10933103
Honda,2012,166336,Petrol,Auto,1.7,230,Fair,Kaduna,8835648
Honda,2015,54882,Petrol,Auto,1.7,175,Fair,Kaduna,9515826
Honda,2021,104413,Petrol,Auto,2,335,Fair,Kaduna,12269109
Honda,2014,49763,Petrol,Auto,2.9,123,Fair,Kaduna,11281659
Honda,2018,54468,Petrol,Auto,3.6,189,Fair,Kaduna,13908724
Honda,2016,42359,Petrol,Auto,3.8,296,Fair,Kaduna,15163487
Honda,2014,49573,Petrol,Auto,3.9,229,Fair,Kaduna,14342989
Honda,2017,79234,Petrol,Auto,1.3,325,Fair,Kaduna,10345362
Honda,2013,113610,Petrol,Auto,3.4,276,Fair,Kaduna,13214730
Honda,2020,192519,Petrol,Auto,2.8,240,Fair,Kaduna,12152367
Honda,2021,44896,Petrol,Auto,1.4,145,Fair,Kaduna,9585728
Honda,2010,121130,Petrol,Auto,1.3,203,Fair,Kaduna,7782090
Honda,2019,79149,Petrol,Auto,1.3,220,Fair,Kaduna,9595957
Honda,2010,193537,Petrol,Auto,1.9,196,Fair,Kaduna,8405241
Honda,2019,69386,Petrol,Auto,1.8,269,Fair,Kaduna,11154298
Honda,2020,125142,Petrol,Auto,1.2,125,Fair,Kaduna,8274006
Honda,2021,168362,Petrol,Auto,1.6,342,Fair,Kaduna,11091466
Honda,2011,180862,Petrol,Auto,3.7,83,Fair,Kaduna,11113966
Honda,2012,14689,Petrol,Auto,3,196,Fair,Kaduna,12157177
Honda,2024,36405,Petrol,Auto,3.4,291,Fair,Kaduna,15555165
Honda,2013,82708,Petrol,Auto,3.1,155,Fair,Kaduna,11621044
Honda,2015,20636,Petrol,Auto,1.6,297,Fair,Kaduna,10775548
Honda,2012,159839,Petrol,Auto,1.8,132,Fair,Kaduna,8101127
Honda,2017,92584,Petrol,Auto,2.3,176,Fair,Kaduna,10761912
Honda,2010,63631,Petrol,Auto,2.3,114,Fair,Kaduna,9294583
Honda,2014,46351,Petrol,Auto,2,261,Fair,Kaduna,10885543
Honda,2024,180706,Petrol,Auto,2.6,300,Fair,Kaduna,13035058
Honda,2018,77993,Petrol,Auto,2.7,315,Fair,Kaduna,13204049
Honda,2022,70522,Petrol,Auto,1.8,303,Fair,Kaduna,11936346
Honda,2015,163102,Petrol,Auto,3.1,193,Fair,Kaduna,11738286
Honda,2016,118692,Petrol,Auto,1.1,207,Fair,Kaduna,8339156
Honda,2023,104445,Petrol,Auto,1.1,132,Fair,Kaduna,8738885
Honda,2016,100750,Petrol,Auto,3,160,Fair,Kaduna,11794750
Honda,2015,93956,Petrol,Auto,2.8,184,Fair,Kaduna,11532308
Honda,2013,176953,Petrol,Auto,3.8,143,Fair,Kaduna,12241329
Honda,2015,149938,Petrol,Auto,4,251,Fair,Kaduna,14210434
Honda,2017,32990,Petrol,Auto,2.9,166,Fair,Kaduna,12279070
Honda,2013,179680,Petrol,Auto,3.4,236,Fair,Kaduna,12352240
Honda,2016,81118,Petrol,Auto,2.2,238,Fair,Kaduna,11112174
Honda,2016,121075,Petrol,Auto,1.6,322,Fair,Kaduna,10472475
Honda,2012,85888,Petrol,Auto,3.3,267,Fair,Kaduna,12968784
Honda,2012,127884,Petrol,Auto,1.8,335,Fair,Kaduna,10354812
Honda,2017,94737,Petrol,Auto,2,332,Fair,Kaduna,11706841
Honda,2022,154263,Petrol,Auto,2.3,210,Fair,Kaduna,11420159
Honda,2014,173664,Petrol,Auto,3.3,170,Fair,Kaduna,11684352
Honda,2015,199023,Petrol,Auto,3.8,216,Fair,Kaduna,13116839
Honda,2012,134949,Petrol,Auto,3.1,121,Fair,Kaduna,10765357
Honda,2013,63159,Petrol,Auto,1.3,315,Fair,Kaduna,9757887
Honda,2013,12144,Petrol,Auto,1.1,217,Fair,Kaduna,8734992
Honda,2022,54581,Petrol,Auto,1.8,280,Fair,Kaduna,11817933
Honda,2019,149649,Petrol,Auto,2.3,107,Fair,Kaduna,9972457
Honda,2010,46583,Petrol,Auto,2.7,336,Fair,Kaduna,12433919
Honda,2016,124087,Petrol,Auto,3.8,294,Fair,Kaduna,14571391
Honda,2010,46375,Petrol,Auto,2.1,176,Fair,Kaduna,9635375
Honda,2020,182246,Petrol,Auto,2.1,122,Fair,Kaduna,9644278
Honda,2016,137406,Petrol,Auto,1,272,Fair,Kaduna,8658158
Honda,2010,75041,Petrol,Auto,3.6,319,Fair,Kaduna,13864713
Honda,2024,69028,Petrol,Auto,3.9,257,Fair,Kaduna,15986804
Honda,2021,153695,Petrol,Auto,3.8,88,Fair,Kaduna,13054135
Honda,2018,23963,Petrol,Auto,3,222,Fair,Kaduna,13252259
Honda,2022,181391,Petrol,Auto,3.5,204,Fair,Kaduna,13570263
Honda,2015,42748,Petrol,Auto,3.1,152,Fair,Kaduna,12170764
Honda,2016,117279,Petrol,Auto,3.3,100,Fair,Kaduna,11679047
Honda,2017,57494,Petrol,Auto,2.8,341,Fair,Kaduna,13657542
Honda,2019,45574,Petrol,Auto,1.2,82,Fair,Kaduna,8250982
Honda,2015,95221,Petrol,Auto,1,222,Fair,Kaduna,8303453
Honda,2014,11725,Petrol,Auto,3,158,Fair,Kaduna,12097925
Honda,2013,141019,Petrol,Auto,2.6,201,Fair,Kaduna,10672867
Honda,2015,186911,Petrol,Auto,2.2,116,Fair,Kaduna,9001623
Honda,2018,124631,Petrol,Auto,3.5,238,Fair,Kaduna,13707583
Honda,2017,119236,Petrol,Auto,3.9,326,Fair,Kaduna,15275348
Honda,2020,74983,Petrol,Auto,1,80,Fair,Kaduna,7775119
Honda,2015,137457,Petrol,Auto,4,298,Fair,Kaduna,14767801
Honda,2012,178944,Petrol,Auto,1.2,108,Fair,Kaduna,6527392
Honda,2014,14282,Petrol,Auto,2.3,140,Fair,Kaduna,10500026
Honda,2018,32175,Petrol,Auto,1.9,342,Fair,Kaduna,12194775
Honda,2016,24157,Petrol,Auto,1.3,317,Fair,Kaduna,10500901
Honda,2023,166585,Petrol,Auto,2.8,206,Fair,Kaduna,12443905
Honda,2016,11256,Petrol,Auto,2.9,167,Fair,Kaduna,12291208
Honda,2021,116154,Petrol,Auto,1.6,216,Fair,Kaduna,10196922
Honda,2017,193812,Petrol,Auto,1.4,110,Fair,Kaduna,7593316
Honda,2014,104447,Petrol,Auto,3.9,131,Fair,Kaduna,12978871
Honda,2015,164243,Petrol,Auto,3.6,104,Fair,Kaduna,11840299
Honda,2016,194730,Petrol,Auto,3.9,135,Fair,Kaduna,12686890
Honda,2013,72492,Petrol,Auto,3.4,279,Fair,Kaduna,13532556
Honda,2023,91386,Petrol,Auto,3.1,122,Fair,Kaduna,12730298
Honda,2021,62825,Petrol,Auto,2.4,296,Fair,Kaduna,12970225
Honda,2010,10681,Petrol,Auto,3.9,112,Fair,Kaduna,12845233
Honda,2023,57851,Petrol,Auto,3.7,91,Fair,Kaduna,13855043
Honda,2020,118242,Petrol,Auto,3.7,215,Fair,Kaduna,14222306
Honda,2019,81249,Petrol,Auto,3.1,273,Fair,Kaduna,13711257
Honda,2015,82994,Petrol,Auto,3.2,105,Fair,Kaduna,11619042
Honda,2024,159117,Petrol,Auto,1.4,142,Fair,Kaduna,9206181
Honda,2017,10386,Petrol,Auto,3.4,344,Fair,Kaduna,15217298
Honda,2020,46088,Petrol,Auto,3.4,328,Fair,Kaduna,15257384
Honda,2018,120813,Petrol,Auto,2.9,228,Fair,Kaduna,12434309
Honda,2012,164520,Petrol,Auto,3.5,197,Fair,Kaduna,12118360
Honda,2011,153424,Petrol,Auto,1.3,126,Fair,Kaduna,6936032
Honda,2014,27470,Petrol,Auto,3.1,154,Fair,Kaduna,12147710
Honda,2020,15240,Petrol,Auto,3.4,244,Fair,Kaduna,14633320
Honda,2011,116664,Petrol,Auto,1.2,223,Fair,Kaduna,7963352
Honda,2020,50435,Petrol,Auto,1.3,321,Fair,Kaduna,10956955
Honda,2016,111058,Petrol,Auto,2,221,Fair,Kaduna,10332594
Honda,2014,195972,Petrol,Auto,3.3,164,Fair,Kaduna,11468196
Honda,2022,27827,Petrol,Auto,3.8,260,Fair,Kaduna,15805211
Honda,2011,21209,Petrol,Auto,3.8,107,Fair,Kaduna,12671537
Honda,2010,69124,Petrol,Auto,1.5,233,Fair,Kaduna,8846132
Honda,2021,124155,Petrol,Auto,1.5,336,Fair,Kaduna,11140915
Honda,2018,135430,Petrol,Auto,2.6,233,Fair,Kaduna,11781990
Honda,2023,139274,Petrol,Auto,3.4,88,Fair,Kaduna,12655082
Honda,2015,13925,Petrol,Auto,1.7,159,Fair,Kaduna,9642525
Honda,2022,157567,Petrol,Auto,3.1,270,Fair,Kaduna,13597031
Honda,2020,132924,Petrol,Auto,3.9,257,Fair,Kaduna,14939532
Honda,2012,198725,Petrol,Auto,3.4,114,Fair,Kaduna,10848925
Honda,2018,56749,Petrol,Auto,2.2,108,Fair,Kaduna,10282757
Honda,2012,116336,Petrol,Auto,2.1,98,Fair,Kaduna,8665648
Honda,2021,95724,Petrol,Auto,3.7,153,Fair,Kaduna,13909932
Honda,2021,70507,Petrol,Auto,3.9,296,Fair,Kaduna,15916451
Honda,2023,141872,Petrol,Auto,3.4,103,Fair,Kaduna,12786896
Honda,2017,27017,Petrol,Auto,3.9,214,Fair,Kaduna,14800881
Honda,2014,96910,Petrol,Auto,2.6,332,Fair,Kaduna,12441630
Honda,2013,107040,Petrol,Auto,1.3,91,Fair,Kaduna,7210720
Honda,2021,20342,Petrol,Auto,3.3,236,Fair,Kaduna,14467606
Honda,2013,160185,Petrol,Auto,3.5,154,Fair,Kaduna,11868705
Honda,2021,196156,Petrol,Auto,1.1,271,Fair,Kaduna,9186908
Honda,2013,70415,Petrol,Auto,2.7,333,Fair,Kaduna,12687095
Honda,2024,149206,Petrol,Auto,1.4,142,Fair,Kaduna,9275558
Honda,2013,92094,Petrol,Auto,1.3,228,Fair,Kaduna,8685342
Honda,2021,22592,Petrol,Auto,1.4,136,Fair,Kaduna,9651856
Honda,2024,61064,Petrol,Auto,2.5,109,Fair,Kaduna,11762552
Honda,2019,191732,Petrol,Auto,2.3,249,Fair,Kaduna,11097876
Honda,2013,36273,Petrol,Auto,3.2,179,Fair,Kaduna,12386089
Honda,2017,129159,Petrol,Auto,2.9,240,Fair,Kaduna,12345887
Honda,2014,64080,Petrol,Auto,2.4,100,Fair,Kaduna,9951440
Honda,2020,150517,Petrol,Auto,2.8,135,Fair,Kaduna,11396381
Honda,2020,179678,Petrol,Auto,3.7,331,Fair,Kaduna,14952254
Honda,2018,86019,Petrol,Auto,2.1,83,Fair,Kaduna,9627867
Honda,2021,48396,Petrol,Auto,3.2,176,Fair,Kaduna,13471228
Honda,2011,106276,Petrol,Auto,3.8,177,Fair,Kaduna,12776068
Honda,2016,147840,Petrol,Auto,3.1,241,Fair,Kaduna,12475120
Honda,2011,109750,Petrol,Auto,3.7,200,Fair,Kaduna,12781750
Honda,2022,101879,Petrol,Auto,3.2,290,Fair,Kaduna,14386847
Honda,2019,78585,Petrol,Auto,2.1,141,Fair,Kaduna,10409905
Honda,2012,97240,Petrol,Auto,2.2,170,Fair,Kaduna,9719320
Honda,2024,49746,Petrol,Auto,2.3,304,Fair,Kaduna,13391778
Honda,2014,126122,Petrol,Auto,4,124,Fair,Kaduna,12957146
Honda,2016,158673,Petrol,Auto,1.9,331,Fair,Kaduna,10899289
Honda,2023,71264,Petrol,Auto,3.2,220,Fair,Kaduna,14051152
Honda,2012,77652,Petrol,Auto,2,345,Fair,Kaduna,11206436
Honda,2014,13501,Petrol,Auto,2.3,275,Fair,Kaduna,11855493
Honda,2021,83588,Petrol,Auto,1.4,251,Fair,Kaduna,10374884
Honda,2010,52317,Petrol,Auto,2.9,338,Fair,Kaduna,12813781
Honda,2023,64213,Petrol,Auto,2.7,331,Fair,Kaduna,14210509
Honda,2012,43105,Petrol,Auto,1.8,210,Fair,Kaduna,9698265
Honda,2023,68584,Petrol,Auto,3.3,222,Fair,Kaduna,14289912
Honda,2016,155243,Petrol,Auto,1.7,87,Fair,Kaduna,8083299
Honda,2023,161041,Petrol,Auto,2.1,295,Fair,Kaduna,11972713
Honda,2017,122969,Petrol,Auto,3.1,161,Fair,Kaduna,11999217
Honda,2024,15865,Petrol,Auto,1.5,176,Fair,Kaduna,10748945
Honda,2015,76222,Petrol,Auto,3.8,262,Fair,Kaduna,14436446
Honda,2023,169292,Petrol,Auto,2.9,339,Fair,Kaduna,13954956
Honda,2013,148676,Petrol,Auto,1.3,207,Fair,Kaduna,8079268
Honda,2015,177921,Petrol,Auto,2.6,180,Fair,Kaduna,10504553
Honda,2017,96374,Petrol,Auto,3.8,239,Fair,Kaduna,14365382
Honda,2014,11252,Petrol,Auto,2.4,161,Fair,Kaduna,10931236
Honda,2015,119478,Petrol,Auto,1.9,210,Fair,Kaduna,9813654
Honda,2021,48034,Petrol,Auto,2.4,326,Fair,Kaduna,13373762
Honda,2010,180865,Petrol,Auto,3.9,199,Fair,Kaduna,12523945
Honda,2023,88402,Petrol,Auto,2,307,Fair,Kaduna,12401186
Honda,2012,94224,Petrol,Auto,1.6,183,Fair,Kaduna,8670432
Honda,2012,199264,Petrol,Auto,1.9,110,Fair,Kaduna,7805152
Honda,2021,26005,Petrol,Auto,1,282,Fair,Kaduna,10287965
Honda,2011,94431,Petrol,Auto,2.8,223,Fair,Kaduna,11318983
Honda,2024,84140,Petrol,Auto,1.1,281,Fair,Kaduna,10521020
Honda,2022,159213,Petrol,Auto,1.9,115,Fair,Kaduna,9635509
Honda,2022,154260,Petrol,Auto,1.1,119,Fair,Kaduna,8110180
Honda,2018,154065,Petrol,Auto,3.3,135,Fair,Kaduna,12071545
Honda,2022,80866,Petrol,Auto,1.1,339,Fair,Kaduna,10823938
Honda,2013,21217,Petrol,Auto,4,332,Fair,Kaduna,15621481
Honda,2012,103960,Petrol,Auto,1.2,344,Fair,Kaduna,9412280
Honda,2023,127561,Petrol,Auto,3.1,321,Fair,Kaduna,14467073
Honda,2014,142021,Petrol,Auto,3.4,244,Fair,Kaduna,12845853
Honda,2017,111950,Petrol,Auto,3.4,202,Fair,Kaduna,13086350
Honda,2017,61081,Petrol,Auto,3.2,191,Fair,Kaduna,12932433
Honda,2017,56591,Petrol,Auto,1.3,143,Fair,Kaduna,8683863
Honda,2024,89484,Petrol,Auto,2,164,Fair,Kaduna,11113612
Honda,2022,191320,Petrol,Auto,1.5,93,Fair,Kaduna,8390760
Honda,2010,25883,Petrol,Auto,1.6,211,Fair,Kaduna,9128819
Honda,2024,192255,Petrol,Auto,1.8,303,Fair,Kaduna,11384215
Honda,2014,104443,Petrol,Auto,1.1,111,Fair,Abuja,8978899
Honda,2023,58464,Petrol,Auto,1.6,298,Fair,Abuja,13520752
Honda,2022,19559,Petrol,Auto,2.1,307,Fair,Abuja,14733087
Honda,2013,33819,Petrol,Auto,1.7,81,Fair,Abuja,10223267
Honda,2024,119015,Petrol,Auto,1.8,279,Fair,Abuja,13456895
Honda,2012,52069,Petrol,Auto,2,275,Fair,Abuja,12485517
Honda,2024,189723,Petrol,Auto,1,93,Fair,Abuja,9501939
Honda,2018,130974,Petrol,Auto,3.4,129,Fair,Abuja,14173182
Honda,2015,27288,Petrol,Auto,2.3,194,Fair,Abuja,12898984
Honda,2013,117611,Petrol,Auto,1.8,198,Fair,Abuja,11006723
Honda,2013,113382,Petrol,Auto,3.9,262,Fair,Abuja,15876326
Honda,2011,91934,Petrol,Auto,3.6,190,Fair,Abuja,14406462
Honda,2012,128893,Petrol,Auto,3.4,210,Fair,Abuja,14097749
Honda,2010,140242,Petrol,Auto,2.9,201,Fair,Abuja,12628306
Honda,2010,32631,Petrol,Auto,3.4,322,Fair,Abuja,15591583
Honda,2019,58164,Petrol,Auto,1.5,94,Fair,Abuja,10682852
Honda,2011,179765,Petrol,Auto,3,154,Fair,Abuja,12231645
Honda,2010,102946,Petrol,Auto,3.6,298,Fair,Abuja,15259378
Honda,2020,177592,Petrol,Auto,1.5,235,Fair,Abuja,11406856
Honda,2017,138334,Petrol,Auto,3.3,221,Fair,Abuja,14691662
Honda,2015,133840,Petrol,Auto,2.6,163,Fair,Abuja,12443120
Honda,2013,46406,Petrol,Auto,1.2,149,Fair,Abuja,9815158
Honda,2023,27543,Petrol,Auto,2.4,290,Fair,Abuja,15257199
Honda,2020,189117,Petrol,Auto,1.1,107,Fair,Abuja,9246181
Honda,2018,141500,Petrol,Auto,1.7,251,Fair,Abuja,11919500
Honda,2024,46678,Petrol,Auto,2.5,263,Fair,Abuja,15203254
Honda,2024,155366,Petrol,Auto,2.9,82,Fair,Abuja,13432438
Honda,2019,192386,Petrol,Auto,3.2,161,Fair,Abuja,13813298
Honda,2010,105250,Petrol,Auto,2.7,296,Fair,Abuja,13423250
Honda,2011,64011,Petrol,Auto,1.2,315,Fair,Abuja,11051923
Honda,2015,19944,Petrol,Auto,1.1,340,Fair,Abuja,12010392
Honda,2015,174134,Petrol,Auto,2.7,182,Fair,Abuja,12551062
Honda,2019,187164,Petrol,Auto,1.8,285,Fair,Abuja,12289852
Honda,2013,196302,Petrol,Auto,2.4,153,Fair,Abuja,11205886
Honda,2011,132959,Petrol,Auto,4,273,Fair,Abuja,15749287
Honda,2012,169556,Petrol,Auto,1.8,228,Fair,Abuja,10793108
Honda,2024,19001,Petrol,Auto,1.3,319,Fair,Abuja,13556993
Honda,2024,91216,Petrol,Auto,2.4,188,Fair,Abuja,13941488
Honda,2015,179859,Petrol,Auto,1.3,271,Fair,Abuja,10600987
Honda,2010,91061,Petrol,Auto,2.3,249,Fair,Abuja,12252573
Honda,2022,83977,Petrol,Auto,2.1,217,Fair,Abuja,13382161
Honda,2014,88265,Petrol,Auto,1.2,121,Fair,Abuja,9392145
Honda,2015,167308,Petrol,Auto,1.5,143,Fair,Abuja,9808844
Honda,2010,77763,Petrol,Auto,1.3,323,Fair,Abuja,11085659
Honda,2016,165125,Petrol,Auto,3.1,131,Fair,Abuja,13054125
Honda,2015,38393,Petrol,Auto,2,242,Fair,Abuja,12701249
Honda,2023,122996,Petrol,Auto,2.3,207,Fair,Abuja,13559028
Honda,2014,134007,Petrol,Auto,2.2,293,Fair,Abuja,12791951
Honda,2017,111118,Petrol,Auto,1,106,Fair,Abuja,9132174
Honda,2011,13728,Petrol,Auto,2.4,137,Fair,Abuja,12023904
Honda,2024,68721,Petrol,Auto,3.6,332,Fair,Abuja,17938953
Honda,2019,77770,Petrol,Auto,1.8,157,Fair,Abuja,11775610
Honda,2019,159991,Petrol,Auto,2,107,Fair,Abuja,11100063
Honda,2010,47724,Petrol,Auto,1.2,157,Fair,Abuja,9435932
Honda,2015,143719,Petrol,Auto,2.9,200,Fair,Abuja,13343967
Honda,2015,145758,Petrol,Auto,1.7,114,Fair,Abuja,10069694
Honda,2010,15498,Petrol,Auto,3.4,323,Fair,Abuja,15721514
Honda,2017,136427,Petrol,Auto,1.3,248,Fair,Abuja,10975011
Honda,2016,46566,Petrol,Auto,2.4,245,Fair,Abuja,13624038
Honda,2019,42850,Petrol,Auto,2.9,326,Fair,Abuja,15910050
Honda,2018,97735,Petrol,Auto,2,285,Fair,Abuja,13165855
Honda,2015,184651,Petrol,Auto,1,266,Fair,Abuja,9917443
Honda,2024,72956,Petrol,Auto,3.7,280,Fair,Abuja,17589308
Honda,2016,78681,Petrol,Auto,3.3,220,Fair,Abuja,14949233
Honda,2019,10445,Petrol,Auto,2.8,130,Fair,Abuja,13976885
Honda,2017,156901,Petrol,Auto,1.4,242,Fair,Abuja,10971693
Honda,2017,173186,Petrol,Auto,2.3,215,Fair,Abuja,12387698
Honda,2011,66178,Petrol,Auto,1,124,Fair,Abuja,8726754
Honda,2023,83117,Petrol,Auto,2.7,169,Fair,Abuja,14258181
Honda,2011,162032,Petrol,Auto,1.5,255,Fair,Abuja,10365776
Honda,2011,61908,Petrol,Auto,1.3,236,Fair,Abuja,10476644
Honda,2022,132375,Petrol,Auto,3.3,264,Fair,Abuja,15913375
Honda,2023,150208,Petrol,Auto,3.2,254,Fair,Abuja,15638544
Honda,2023,86749,Petrol,Auto,2.4,131,Fair,Abuja,13252757
Honda,2022,35507,Petrol,Auto,1.6,338,Fair,Abuja,13931451
Honda,2014,136567,Petrol,Auto,2.7,105,Fair,Abuja,11894031
Honda,2014,20704,Petrol,Auto,2.5,135,Fair,Abuja,12605072
Honda,2018,153586,Petrol,Auto,2.3,257,Fair,Abuja,13094898
Honda,2023,108725,Petrol,Auto,2.4,268,Fair,Abuja,14468925
Honda,2020,107921,Petrol,Auto,2.7,344,Fair,Abuja,15384553
Honda,2016,52812,Petrol,Auto,3.7,262,Fair,Abuja,16350316
Honda,2014,108121,Petrol,Auto,1.4,189,Fair,Abuja,10333153
Honda,2023,80865,Petrol,Auto,2.1,151,Fair,Abuja,12893945
Honda,2023,147329,Petrol,Auto,1.1,146,Fair,Abuja,10378697
Honda,2016,182506,Petrol,Auto,2.6,83,Fair,Abuja,11452458
Honda,2023,128640,Petrol,Auto,2.4,260,Fair,Abuja,14249520
Honda,2018,86995,Petrol,Auto,1.4,213,Fair,Abuja,11321035
Honda,2023,154134,Petrol,Auto,2.6,319,Fair,Abuja,15061062
Honda,2018,99119,Petrol,Auto,2.8,185,Fair,Abuja,13756167
Honda,2024,91945,Petrol,Auto,2.3,96,Fair,Abuja,12816385
Honda,2011,177627,Petrol,Auto,2.1,135,Fair,Abuja,10256611
Honda,2021,34434,Petrol,Auto,3,302,Fair,Abuja,16228962
Honda,2022,103693,Petrol,Auto,4,182,Good,Abuja,17694149
Honda,2013,97011,Petrol,Auto,4,230,Good,Abuja,16870923
Honda,2020,17340,Petrol,Auto,3.1,253,Good,Abuja,16908620
Honda,2010,16598,Petrol,Auto,2.5,326,Good,Abuja,14943814
Honda,2023,134680,Petrol,Auto,2.6,154,Good,Abuja,14547240
Honda,2013,11206,Petrol,Auto,1.9,346,Good,Abuja,14431558
Honda,2014,131109,Petrol,Auto,1.4,152,Good,Abuja,10802237
Honda,2022,58354,Petrol,Auto,2.3,322,Good,Abuja,16011522
Honda,2018,28557,Petrol,Auto,3.3,233,Good,Abuja,16730101
Honda,2024,94936,Petrol,Auto,1.4,86,Good,Abuja,11895448
Honda,2014,131913,Petrol,Auto,1.4,154,Good,Abuja,10816609
Honda,2013,65287,Petrol,Auto,2,291,Good,Abuja,13702991
Honda,2010,63759,Petrol,Auto,2.6,221,Good,Abuja,13763687
Honda,2017,55396,Petrol,Auto,2.1,292,Good,Abuja,14582228
Honda,2016,84064,Petrol,Auto,1.5,106,Good,Abuja,11171552
Honda,2017,134214,Petrol,Auto,1.1,266,Good,Abuja,11770502
Honda,2020,177900,Petrol,Auto,2.4,275,Good,Abuja,14604700
Honda,2016,69067,Petrol,Auto,3.3,229,Good,Abuja,16106531
Honda,2024,94344,Petrol,Auto,3.4,95,Good,Abuja,15989592
Honda,2021,161419,Petrol,Auto,2.6,237,Good,Abuja,14890067
Honda,2014,77157,Petrol,Auto,3.1,163,Good,Abuja,14689901
Honda,2016,193992,Petrol,Auto,1.8,266,Good,Abuja,12602056
Honda,2022,75454,Petrol,Auto,3.1,165,Good,Abuja,15921822
Honda,2010,39008,Petrol,Auto,2,185,Good,Abuja,12376944
Honda,2020,72019,Petrol,Auto,1.6,320,Good,Abuja,14195867
Honda,2015,189750,Petrol,Auto,3.9,344,Good,Abuja,17461750
Honda,2012,108386,Petrol,Auto,1.4,235,Good,Abuja,11491298
Honda,2021,177506,Petrol,Auto,1.9,115,Good,Abuja,12157458
Honda,2023,126103,Petrol,Auto,1.3,87,Good,Abuja,11337279
Honda,2022,112189,Petrol,Auto,1.2,310,Good,Abuja,13314677
Honda,2022,102143,Petrol,Auto,3,243,Good,Abuja,16314999
Honda,2015,133673,Petrol,Auto,4,87,Good,Abuja,15484289
Honda,2012,92227,Petrol,Auto,3.7,127,Good,Abuja,15124411
Honda,2018,107055,Petrol,Auto,3.5,218,Good,Abuja,16430615
Honda,2020,131528,Petrol,Auto,3.6,98,Good,Abuja,15559304
Honda,2012,173480,Petrol,Auto,1.2,141,Good,Abuja,9695640
Honda,2013,60054,Petrol,Auto,2.2,183,Good,Abuja,13059622
Honda,2016,33006,Petrol,Auto,2.3,243,Good,Abuja,14498958
Honda,2016,93318,Petrol,Auto,1.2,240,Good,Abuja,11846774
Honda,2017,41528,Petrol,Auto,1.5,198,Good,Abuja,12539304
Honda,2021,121108,Petrol,Auto,1.8,170,Good,Abuja,12902244
Honda,2011,142807,Petrol,Auto,1.7,348,Good,Abuja,12830351
Honda,2024,43190,Petrol,Auto,2,233,Good,Abuja,14927670
Honda,2022,72118,Petrol,Auto,1.3,146,Good,Abuja,12155174
Honda,2022,170719,Petrol,Auto,1.4,182,Good,Abuja,12024967
Honda,2017,76236,Petrol,Auto,3.1,340,Good,Abuja,16916348
Honda,2010,123076,Petrol,Auto,1,331,Good,Abuja,11248468
Honda,2016,142836,Petrol,Auto,3.8,146,Good,Abuja,15760148
Honda,2020,123379,Petrol,Auto,1.2,91,Good,Abuja,10746347
Honda,2019,63531,Petrol,Auto,2.5,256,Good,Abuja,15265283
Honda,2013,40644,Petrol,Auto,3.7,260,Good,Abuja,16965492
Honda,2024,15215,Petrol,Auto,2.8,124,Good,Abuja,15633495
Honda,2013,38276,Petrol,Auto,1.1,337,Good,Abuja,12552068
Honda,2014,47722,Petrol,Auto,2.3,333,Good,Abuja,14995946
Honda,2018,16356,Petrol,Auto,3.1,220,Good,Abuja,16285508
Honda,2018,82285,Petrol,Auto,3.1,337,Good,Abuja,16994005
Honda,2022,122824,Petrol,Auto,2.4,146,Good,Abuja,14000232
Honda,2023,138538,Petrol,Auto,3,104,Good,Abuja,14820234
Honda,2024,16525,Petrol,Auto,1.2,115,Good,Abuja,12334325
Honda,2023,65855,Petrol,Auto,2.5,211,Good,Abuja,15399015
Honda,2020,38450,Petrol,Auto,3.6,132,Good,Abuja,16550850
Honda,2013,161377,Petrol,Auto,3.1,273,Good,Abuja,15050361
Honda,2011,141304,Petrol,Auto,2.9,230,Good,Abuja,14060872
Honda,2013,199659,Petrol,Auto,1.1,95,Good,Abuja,9002387
Honda,2021,20410,Petrol,Auto,2.5,119,Good,Abuja,14497130
Honda,2021,106177,Petrol,Auto,3.6,298,Good,Abuja,17886761
Honda,2016,20315,Petrol,Auto,1.5,173,Good,Abuja,12287795
Honda,2020,182920,Petrol,Auto,1,164,Good,Abuja,10659560
Honda,2013,156977,Petrol,Auto,3.3,239,Good,Abuja,15141161
Honda,2021,166539,Petrol,Auto,3.8,111,Good,Abuja,15994227
Honda,2012,110253,Petrol,Auto,3.4,291,Good,Abuja,16038229
Honda,2023,48613,Petrol,Auto,1.3,205,Good,Abuja,13059709
Honda,2024,193443,Petrol,Auto,3.3,112,Good,Abuja,15265899
Honda,2021,99906,Petrol,Auto,1.2,129,Good,Abuja,11440658
Honda,2010,147245,Petrol,Auto,3.2,240,Good,Abuja,14569285
Honda,2018,83772,Petrol,Auto,3.9,281,Good,Abuja,18023596
Honda,2019,165244,Petrol,Auto,3,334,Good,Abuja,16333292
Honda,2015,191504,Petrol,Auto,3,215,Good,Abuja,14359472
Honda,2015,132572,Petrol,Auto,3.8,105,Good,Abuja,15271996
Honda,2023,74579,Petrol,Auto,1.5,156,Good,Abuja,12787947
Honda,2021,107496,Petrol,Auto,1.8,235,Good,Abuja,13647528
Honda,2014,61110,Petrol,Auto,3.5,316,Good,Abuja,17132230
Honda,2010,43451,Petrol,Auto,1.2,331,Good,Abuja,12205843
Honda,2021,38678,Petrol,Auto,1.8,334,Good,Abuja,15119254
Honda,2017,71940,Petrol,Auto,3.9,336,Good,Abuja,18506420
Honda,2015,165554,Petrol,Auto,2.7,195,Good,Abuja,13741122
Honda,2016,76798,Petrol,Auto,3.2,82,Good,Abuja,14382414
Honda,2022,65066,Petrol,Auto,2.1,135,Good,Abuja,13694538
Honda,2014,21235,Petrol,Auto,1.6,151,Good,Abuja,11961355
Honda,2017,175778,Petrol,Auto,2.5,228,Good,Abuja,13899554
Honda,2011,87122,Petrol,Auto,3.4,159,Good,Abuja,14730146
Honda,2018,58470,Petrol,Auto,1.8,188,Good,Abuja,13070710
Honda,2017,175314,Petrol,Auto,2.9,149,Good,Abuja,13912802
Honda,2021,71909,Petrol,Auto,3.2,165,Good,Abuja,15996637
Honda,2014,185517,Petrol,Auto,3.7,129,Good,Abuja,14791381
Honda,2015,189017,Petrol,Auto,2.3,254,Good,Abuja,13366881
Honda,2015,57609,Petrol,Auto,2.8,259,Good,Abuja,15336737
Honda,2024,173614,Petrol,Auto,3.5,210,Good,Abuja,16784702
Honda,2011,177982,Petrol,Auto,3.5,305,Good,Abuja,15754126
Honda,2019,180184,Petrol,Auto,2.4,204,Good,Abuja,13728712
Honda,2013,79345,Petrol,Auto,3.2,180,Good,Abuja,14894585
Honda,2021,116992,Petrol,Auto,3.4,291,Good,Abuja,17341056
Honda,2020,50936,Petrol,Auto,2.1,253,Good,Abuja,14673448
Honda,2023,148781,Petrol,Auto,3.8,318,Good,Abuja,18488533
Honda,2011,37409,Petrol,Auto,3.1,347,Good,Abuja,16358137
Honda,2011,99505,Petrol,Auto,3,323,Good,Abuja,15483465
Honda,2023,38659,Petrol,Auto,2.9,284,Good,Abuja,17119387
Honda,2010,95035,Petrol,Auto,2,104,Good,Abuja,11174755
Honda,2012,143478,Petrol,Auto,3.8,165,Good,Abuja,15345654
Honda,2023,24534,Petrol,Auto,1.7,326,Good,Abuja,15238262
Honda,2017,72487,Petrol,Auto,1.5,127,Good,Abuja,11612591
Honda,2017,20625,Petrol,Auto,2.7,297,Good,Abuja,16075625
Honda,2018,162763,Petrol,Auto,2.9,220,Good,Abuja,14860659
Honda,2018,21311,Petrol,Auto,2.2,134,Good,Abuja,13590823
Honda,2019,76221,Petrol,Auto,1.1,338,Good,Abuja,13196453
Honda,2020,32542,Petrol,Auto,1.9,152,Good,Abuja,13392206
Honda,2013,74827,Petrol,Auto,3.7,268,Good,Abuja,16806211
Honda,2024,27557,Petrol,Auto,1.4,121,Good,Abuja,12717101
Honda,2015,158472,Petrol,Auto,2.7,118,Good,Abuja,13020696
Honda,2023,18705,Petrol,Auto,3.7,100,Good,Abuja,17019065
Honda,2014,132007,Petrol,Auto,1.1,147,Good,Abuja,10145951
Honda,2022,55323,Petrol,Auto,3.8,203,Good,Abuja,17842739
Honda,2020,64659,Petrol,Auto,1.1,254,Good,Abuja,12587387
Honda,2024,23263,Petrol,Auto,1.6,83,Good,Abuja,12767159
Honda,2021,102177,Petrol,Auto,2.2,91,Good,Abuja,13044761
Honda,2023,41400,Petrol,Auto,3,111,Good,Abuja,15570200
Honda,2017,83834,Petrol,Auto,3.3,103,Good,Abuja,14893162
Honda,2011,32723,Petrol,Auto,2.9,139,Good,Abuja,13910939
Honda,2011,96791,Petrol,Auto,1.8,227,Good,Abuja,12142463
Honda,2015,191022,Petrol,Auto,3.3,201,Good,Abuja,14822846
Honda,2018,60345,Petrol,Auto,2.2,298,Good,Abuja,14957585
Honda,2018,26093,Petrol,Auto,1.6,320,Good,Abuja,14217349
Honda,2023,98868,Petrol,Auto,1.6,182,Good,Abuja,13077924
Honda,2016,180727,Petrol,Auto,1.7,182,Good,Abuja,11654911
Honda,2023,99524,Petrol,Auto,1.5,177,Good,Abuja,12823332
Honda,2010,18143,Petrol,Auto,2.8,134,Good,Abuja,13612999
Honda,2021,27990,Petrol,Auto,3.7,330,Good,Abuja,18954070
Honda,2014,12194,Petrol,Auto,1.3,149,Good,Abuja,11404642
Honda,2013,156158,Petrol,Auto,2.1,189,Good,Abuja,12246894
Honda,2010,192348,Petrol,Auto,2.9,320,Good,Abuja,14453564
Honda,2015,174442,Petrol,Auto,2.1,275,Good,Abuja,13278906
Honda,2013,66850,Petrol,Auto,2.7,288,Good,Abuja,15062050
Honda,2010,94280,Petrol,Auto,2.6,348,Good,Abuja,14820040
Honda,2013,88305,Petrol,Auto,2.5,146,Good,Abuja,13091865
Honda,2015,24263,Petrol,Auto,3,348,Good,Abuja,16860159
Honda,2019,90754,Petrol,Auto,1.6,138,Good,Abuja,12094722
Honda,2018,126842,Petrol,Auto,3.4,161,Good,Abuja,15522106
Honda,2021,77068,Petrol,Auto,3.8,317,Good,Abuja,18680524
Honda,2011,115092,Petrol,Auto,3.1,141,Good,Abuja,13754356
Honda,2011,86271,Petrol,Auto,2.3,323,Good,Abuja,14176103
Honda,2020,141933,Petrol,Auto,1.7,163,Good,Abuja,12336469
Honda,2017,134448,Petrol,Auto,1.6,280,Good,Abuja,12908864
Honda,2024,144732,Petrol,Auto,1.2,245,Good,Abuja,12736876
Honda,2010,103891,Petrol,Auto,3.5,308,Good,Abuja,16152763
Honda,2016,15127,Petrol,Auto,2.2,276,Good,Abuja,14754111
Honda,2017,101244,Petrol,Auto,2.2,265,Good,Abuja,14191292
Honda,2022,103887,Petrol,Auto,3.5,167,Good,Abuja,16542791
Honda,2013,143034,Petrol,Auto,1.7,182,Good,Abuja,11468762
Honda,2022,139168,Petrol,Auto,2.5,250,Good,Abuja,15125824
Honda,2012,106407,Petrol,Auto,3.7,279,Good,Abuja,16545151
Honda,2017,94133,Petrol,Auto,2.5,198,Good,Abuja,14171069
Honda,2017,32440,Petrol,Auto,3.5,199,Good,Abuja,16612920
Honda,2018,163783,Petrol,Auto,3.3,195,Good,Abuja,15403519
Honda,2020,120011,Petrol,Auto,2.9,281,Good,Abuja,16069923
Honda,2013,93121,Petrol,Auto,3.9,190,Good,Abuja,16298153
Honda,2010,50122,Petrol,Auto,2,252,Good,Abuja,12969146
Honda,2021,24915,Petrol,Auto,3.9,179,Good,Abuja,17865595
Honda,2023,110212,Petrol,Auto,3.1,104,Good,Abuja,15218516
Honda,2018,46208,Petrol,Auto,2.8,175,Good,Abuja,15026544
Honda,2017,133579,Petrol,Auto,1.8,244,Good,Abuja,12954947
Honda,2018,184339,Petrol,Auto,3,227,Good,Abuja,14979627
Honda,2017,129868,Petrol,Auto,1.8,155,Good,Abuja,12090924
Honda,2011,134959,Petrol,Auto,1.9,290,Good,Abuja,12705287
Honda,2017,38149,Petrol,Auto,3,254,Good,Abuja,16122957
Honda,2024,41482,Petrol,Auto,2.9,260,Good,Abuja,17009626
Honda,2024,44325,Petrol,Auto,3.5,225,Good,Abuja,17839725
Honda,2020,15881,Petrol,Auto,1.5,212,Good,Abuja,13308833
Honda,2013,145693,Petrol,Auto,3.7,166,Good,Abuja,15290149
Honda,2024,43794,Petrol,Auto,3.2,193,Good,Abuja,16923442
Honda,2019,172642,Petrol,Auto,2,87,Good,Abuja,11811506
Honda,2023,16649,Petrol,Auto,3,185,Good,Abuja,16483457
Honda,2013,27040,Petrol,Auto,3,92,Good,Abuja,13980720
Honda,2021,53440,Petrol,Auto,1.8,325,Good,Abuja,14925920
Honda,2014,124771,Petrol,Auto,1.7,126,Good,Abuja,11186603
Honda,2022,169388,Petrol,Auto,2,288,Good,Abuja,14294284
Honda,2010,56487,Petrol,Auto,3.5,325,Good,Abuja,16654591
Honda,2011,123344,Petrol,Auto,3,237,Good,Abuja,14456592
Honda,2018,78305,Petrol,Auto,2.7,134,Good,Abuja,14191865
Honda,2020,133062,Petrol,Auto,2.6,254,Good,Abuja,15108566
Honda,2022,181321,Petrol,Auto,1.9,254,Good,Abuja,13670753
Honda,2023,181942,Petrol,Auto,1.7,269,Good,Abuja,13566406
Honda,2022,122615,Petrol,Auto,2.7,198,Good,Abuja,15121695
Honda,2015,103871,Petrol,Auto,1.5,284,Good,Abuja,12662903
Honda,2022,45242,Petrol,Auto,1.5,116,Good,Abuja,12443306
Honda,2019,191113,Petrol,Auto,2.8,265,Good,Abuja,15062209
Honda,2010,66833,Petrol,Auto,1.5,204,Good,Abuja,11372169
Honda,2010,193092,Petrol,Auto,2.2,127,Good,Abuja,11118356
Honda,2019,78166,Petrol,Auto,1.7,117,Good,Abuja,12172838
Honda,2018,153334,Petrol,Auto,3.7,110,Good,Abuja,15426662
Honda,2019,50657,Petrol,Auto,1.2,324,Good,Abuja,13435401
Honda,2020,51480,Petrol,Auto,2.7,100,Good,Abuja,14339640
Honda,2013,65191,Petrol,Auto,2.2,131,Good,Abuja,12503663
Honda,2018,89973,Petrol,Auto,3,97,Good,Abuja,14340189
Honda,2015,20802,Petrol,Auto,2.8,114,Good,Abuja,14144386
Honda,2015,20737,Petrol,Auto,3.5,110,Good,Abuja,15504841
Honda,2013,109564,Petrol,Auto,3.4,174,Good,Abuja,15023052
Honda,2020,159185,Petrol,Auto,1.6,207,Good,Abuja,12455705
Honda,2015,194979,Petrol,Auto,1.7,193,Good,Abuja,11515147
Honda,2013,19220,Petrol,Auto,2.1,333,Good,Abuja,14645460
Honda,2014,137739,Petrol,Auto,3.2,201,Good,Abuja,14845827
Honda,2011,154852,Petrol,Auto,2.6,233,Good,Abuja,13396036
Honda,2013,155207,Petrol,Auto,3.9,139,Good,Abuja,15353551
Honda,2022,77600,Petrol,Auto,3.7,345,Good,Abuja,18906800
Honda,2018,142059,Petrol,Auto,2.8,140,Good,Abuja,14005587
Honda,2016,146343,Petrol,Auto,3.4,292,Good,Abuja,16395599
Honda,2022,194975,Petrol,Auto,2.3,338,Good,Abuja,15215175
Honda,2014,48230,Petrol,Auto,3.1,307,Good,Abuja,16332390
Honda,2017,65954,Petrol,Auto,2.1,236,Good,Abuja,13948322
Honda,2016,25537,Petrol,Auto,2.8,215,Good,Abuja,15271241
Honda,2010,101175,Petrol,Auto,1.1,115,Good,Abuja,9441775
Honda,2020,155345,Petrol,Auto,1.1,222,Good,Abuja,11632585
Honda,2020,128125,Petrol,Auto,1.3,200,Good,Abuja,12003125
Honda,2019,106184,Petrol,Auto,2.8,244,Good,Abuja,15446712
Honda,2017,47833,Petrol,Auto,2.3,139,Good,Abuja,13505169
Honda,2010,31931,Petrol,Auto,1.8,232,Good,Abuja,12496483
Honda,2017,76640,Petrol,Auto,3.6,297,Good,Abuja,17483520
Honda,2015,99495,Petrol,Auto,3.3,132,Good,Abuja,14773535
Honda,2016,133121,Petrol,Auto,3.8,331,Good,Abuja,17678153
Honda,2022,23467,Petrol,Auto,2.7,289,Good,Abuja,16725731
Honda,2012,80906,Petrol,Auto,2.9,162,Good,Abuja,13953658
Honda,2020,141945,Petrol,Auto,3.1,212,Good,Abuja,15626385
Honda,2024,153370,Petrol,Auto,3,151,Good,Abuja,15336410
Honda,2022,60683,Petrol,Auto,3.1,320,Good,Abuja,17575219
Honda,2016,115025,Petrol,Auto,2,342,Good,Abuja,14314825
Honda,2012,58425,Petrol,Auto,1.7,117,Good,Abuja,11261025
Honda,2015,30252,Petrol,Auto,2.6,299,Good,Abuja,15528236
Honda,2012,148828,Petrol,Auto,3.2,153,Good,Abuja,13988204
Honda,2015,50426,Petrol,Auto,1.5,244,Good,Abuja,12637018
Honda,2017,122132,Petrol,Auto,2.1,264,Good,Abuja,13835076
Honda,2019,115416,Petrol,Auto,3.9,125,Good,Abuja,16392088
Honda,2016,29274,Petrol,Auto,1.7,345,Good,Abuja,14345082
Honda,2016,147313,Petrol,Auto,2.1,89,Good,Abuja,11758809
Honda,2012,65289,Petrol,Auto,1.4,203,Good,Abuja,11472977
Honda,2010,105312,Petrol,Auto,1.3,141,Good,Abuja,10072816
Honda,2011,38879,Petrol,Auto,3,97,Good,Abuja,13647847
Honda,2016,153214,Petrol,Auto,1.9,104,Good,Abuja,11467502
Honda,2022,68008,Petrol,Auto,2.7,325,Good,Abuja,16773944
Honda,2024,180880,Petrol,Auto,1,331,Good,Abuja,12943840
Honda,2022,25593,Petrol,Auto,3.8,169,Good,Abuja,17710849
Honda,2016,81496,Petrol,Auto,3.9,119,Good,Abuja,16119528
Honda,2011,142010,Petrol,Auto,2,127,Good,Abuja,11225930
Honda,2023,61850,Petrol,Auto,2.1,225,Good,Abuja,14767050
Honda,2020,35753,Petrol,Auto,3.4,313,Good,Abuja,17979729
Honda,2024,181605,Petrol,Auto,2.3,108,Good,Abuja,13308765
Honda,2012,87298,Petrol,Auto,2,98,Good,Abuja,11468914
Honda,2017,29937,Petrol,Auto,1.7,123,Good,Abuja,12270441
Honda,2015,19444,Petrol,Auto,2.1,276,Good,Abuja,14373892
Honda,2016,185694,Petrol,Auto,2.7,106,Good,Abuja,12860142
Honda,2024,108676,Petrol,Auto,1.7,229,Good,Abuja,13829268
Honda,2010,73890,Petrol,Auto,3.9,228,Good,Abuja,16362770
Honda,2010,93690,Petrol,Auto,1.3,134,Good,Abuja,10084170
Honda,2021,99121,Petrol,Auto,3.2,291,Good,Abuja,17066153
Honda,2011,137324,Petrol,Auto,3.5,299,Good,Abuja,15978732
Honda,2011,140777,Petrol,Auto,1.9,334,Good,Abuja,13104561
Honda,2021,147306,Petrol,Auto,2.5,152,Good,Abuja,13938858
Honda,2015,15880,Petrol,Auto,3.7,329,Good,Abuja,18128840
Honda,2022,83678,Petrol,Auto,2.9,255,Good,Abuja,16364254
Honda,2015,19908,Petrol,Auto,2.2,173,Good,Abuja,13540644
Honda,2011,121882,Petrol,Auto,1.4,173,Good,Abuja,10626826
Honda,2018,122448,Petrol,Auto,3.8,295,Good,Abuja,17692864
Honda,2019,161221,Petrol,Auto,3.2,133,Good,Abuja,14751453
Honda,2013,34858,Petrol,Auto,3.8,149,Good,Abuja,16095994
Honda,2011,60165,Petrol,Auto,2.6,271,Good,Abuja,14438845
Honda,2013,151222,Petrol,Auto,2.6,152,Good,Abuja,12911446
Honda,2015,157416,Petrol,Auto,2.2,319,Good,Abuja,14038088
Honda,2020,159421,Petrol,Auto,3,184,Good,Abuja,15024053
Honda,2023,172173,Petrol,Auto,2.4,323,Good,Abuja,15574789
Honda,2022,37504,Petrol,Auto,2.5,162,Good,Abuja,14957472
Honda,2023,129649,Petrol,Auto,1.6,136,Good,Abuja,12402457
Honda,2024,193570,Petrol,Auto,2.1,124,Good,Abuja,12985010
Honda,2015,152258,Petrol,Auto,4,269,Good,Abuja,17174194
Honda,2019,68846,Petrol,Auto,2.3,198,Good,Abuja,14248078
Honda,2019,182405,Petrol,Auto,2.5,302,Good,Abuja,14893165
Honda,2013,179991,Petrol,Auto,1.8,238,Good,Abuja,11970063
Honda,2012,49874,Petrol,Auto,2.7,209,Good,Abuja,14240882
Honda,2019,131454,Petrol,Auto,3.6,166,Good,Abuja,16089822
Honda,2024,41211,Petrol,Auto,1.4,218,Good,Abuja,13591523
Honda,2010,148723,Petrol,Auto,1.7,305,Good,Abuja,12208939
Honda,2016,190862,Petrol,Auto,1,267,Good,Abuja,11033966
Honda,2019,146026,Petrol,Auto,3.1,311,Good,Abuja,16437818
Honda,2011,172668,Petrol,Auto,2.2,245,Good,Abuja,12591324
Honda,2022,142924,Petrol,Auto,1.3,239,Good,Abuja,12589532
Honda,2011,193439,Petrol,Auto,3.9,307,Good,Abuja,16465927
Honda,2024,148393,Petrol,Auto,3.2,103,Good,Abuja,15291249
Honda,2016,20022,Petrol,Auto,2.1,243,Good,Abuja,14189846
Honda,2021,121506,Petrol,Auto,3.9,207,Good,Abuja,17469458
Honda,2016,90126,Petrol,Auto,3.3,274,Good,Abuja,16409118
Honda,2023,183259,Petrol,Auto,1.1,174,Good,Abuja,11407187
Honda,2014,188898,Petrol,Auto,1.9,193,Good,Abuja,11807714
Honda,2019,30348,Petrol,Auto,3.6,178,Good,Abuja,16917564
Honda,2014,115529,Petrol,Auto,1.6,340,Good,Abuja,13191297
Honda,2020,55468,Petrol,Auto,3.2,89,Good,Abuja,15201724
Honda,2017,79549,Petrol,Auto,2.1,286,Good,Abuja,14353157
Honda,2018,186166,Petrol,Auto,2.8,160,Good,Abuja,13896838
Honda,2011,175652,Petrol,Auto,3.3,195,Good,Abuja,14270436
Honda,2013,164891,Petrol,Auto,1.6,83,Good,Abuja,10125763
Honda,2022,154066,Petrol,Auto,1.2,265,Good,Abuja,12571538
Honda,2017,34714,Petrol,Auto,1.5,232,Good,Abuja,12927002
Honda,2014,43648,Petrol,Auto,3.3,215,Good,Abuja,15844464
Honda,2017,35349,Petrol,Auto,1.2,148,Good,Abuja,11482557
Honda,2020,71340,Petrol,Auto,1.3,136,Good,Abuja,11760620
Honda,2010,37156,Petrol,Auto,2.4,251,Good,Abuja,13849908
Honda,2017,191847,Petrol,Auto,1.2,150,Good,Abuja,10407071
Honda,2023,110245,Petrol,Auto,1.4,167,Good,Abuja,12448285
Honda,2023,29703,Petrol,Auto,3,211,Good,Abuja,16652079
Honda,2022,134111,Petrol,Auto,3.7,114,Good,Abuja,16201223
Honda,2016,96270,Petrol,Auto,2.1,280,Good,Abuja,14026110
Honda,2014,153134,Petrol,Auto,2.2,280,Good,Abuja,13528062
Honda,2020,115147,Petrol,Auto,3.4,324,Good,Abuja,17533971
Honda,2012,68372,Petrol,Auto,2.6,252,Good,Abuja,14341396
Honda,2016,199744,Petrol,Auto,3.5,261,Good,Abuja,15911792
Honda,2011,108551,Petrol,Auto,1.5,320,Good,Abuja,12390143
Honda,2015,55799,Petrol,Auto,3.5,289,Good,Abuja,17049407
Honda,2010,61177,Petrol,Auto,3.1,204,Good,Abuja,14611761
Honda,2023,32346,Petrol,Auto,2.6,244,Good,Abuja,16163578
Honda,2017,120506,Petrol,Auto,3.6,270,Good,Abuja,16906458
Honda,2024,100431,Petrol,Auto,1.5,109,Good,Abuja,12286983
Honda,2017,78118,Petrol,Auto,1,156,Good,Abuja,10863174
Honda,2018,194564,Petrol,Auto,2.2,161,Good,Abuja,12648052
Honda,2012,69951,Petrol,Auto,2.4,92,Good,Abuja,12330343
Honda,2021,41119,Petrol,Auto,2.5,112,Good,Abuja,14282167
Honda,2019,139686,Petrol,Auto,2.3,308,Good,Abuja,14852198
Honda,2017,165893,Petrol,Auto,1.2,168,Good,Abuja,10768749
Honda,2011,53123,Petrol,Auto,3.6,311,Good,Abuja,16888139
Honda,2010,94155,Petrol,Auto,3.9,259,Good,Abuja,16530915
Honda,2019,78981,Petrol,Auto,1.9,202,Good,Abuja,13417133
Honda,2019,71786,Petrol,Auto,3.9,208,Good,Abuja,17527498
Honda,2019,24588,Petrol,Auto,3.2,177,Good,Abuja,16147884
Honda,2015,169413,Petrol,Auto,1.6,144,Good,Abuja,11004109
Honda,2013,48791,Petrol,Auto,3.9,273,Good,Abuja,17438463
Honda,2016,134157,Petrol,Auto,1.2,159,Good,Abuja,10750901
Honda,2021,90125,Petrol,Auto,1.1,255,Good,Abuja,12569125
Honda,2018,135043,Petrol,Auto,1.5,223,Good,Abuja,12284699
Honda,2013,33054,Petrol,Auto,1.2,341,Good,Abuja,12828622
Honda,2014,50020,Petrol,Auto,1.7,347,Good,Abuja,13919860
Honda,2018,144387,Petrol,Auto,2.2,319,Good,Abuja,14579291
Honda,2020,156819,Petrol,Auto,3.4,260,Good,Abuja,16602267
Honda,2016,194543,Petrol,Auto,2.7,274,Good,Abuja,14478199
Honda,2010,150152,Petrol,Auto,2.3,103,Good,Abuja,11378936
Honda,2020,117362,Petrol,Auto,1.7,277,Good,Abuja,13648466
Honda,2019,192991,Petrol,Auto,3.7,256,Good,Abuja,16759063
Honda,2013,24146,Petrol,Auto,3.3,238,Good,Abuja,16060978
Honda,2021,137874,Petrol,Auto,2.5,331,Good,Abuja,15794882
Honda,2021,145514,Petrol,Auto,3.2,126,Good,Abuja,15091402
Honda,2021,137990,Petrol,Auto,1.4,146,Good,Abuja,11744070
Honda,2019,139213,Petrol,Auto,3.8,182,Good,Abuja,16595509
Honda,2018,36966,Petrol,Auto,3.1,150,Good,Abuja,15441238
Honda,2011,106806,Petrol,Auto,1.8,146,Good,Abuja,11262358
Honda,2020,44682,Petrol,Auto,2.8,288,Good,Abuja,16467226
Honda,2023,104958,Petrol,Auto,3.8,93,Good,Abuja,16545294
Honda,2012,24579,Petrol,Auto,1.4,260,Good,Abuja,12327947
Honda,2018,95971,Petrol,Auto,2.2,147,Good,Abuja,13198203
Honda,2013,99680,Petrol,Auto,2.7,230,Good,Abuja,14252240
Honda,2015,196215,Petrol,Auto,3.3,303,Good,Abuja,15806495
Honda,2018,20093,Petrol,Auto,3.7,332,Good,Abuja,18579349
Honda,2011,116473,Petrol,Auto,3.9,202,Good,Abuja,15954689
Honda,2017,135615,Petrol,Auto,1.6,335,Good,Abuja,13450695
Honda,2011,173147,Petrol,Auto,1.5,115,Good,Abuja,9887971
Honda,2022,94301,Petrol,Auto,2.9,209,Good,Abuja,15829893
Honda,2011,42970,Petrol,Auto,1.4,337,Good,Abuja,12819210
Honda,2016,177588,Petrol,Auto,1.9,307,Good,Abuja,13326884
Honda,2013,101134,Petrol,Auto,2.5,109,Good,Abuja,12632062
Honda,2012,174460,Petrol,Auto,1.6,191,Good,Abuja,10988780
Honda,2019,70702,Petrol,Auto,3.6,226,Good,Abuja,17115086
Honda,2010,190337,Petrol,Auto,1.2,179,Good,Abuja,9657641
Honda,2017,44043,Petrol,Auto,3.7,292,Good,Abuja,17861699
Honda,2024,49731,Petrol,Auto,2.8,303,Good,Abuja,17181883
Honda,2022,195435,Petrol,Auto,2.3,216,Good,Abuja,13991955
Honda,2010,123093,Petrol,Auto,3.3,228,Good,Abuja,14818349
Honda,2024,186558,Petrol,Auto,2.4,214,Good,Abuja,14534094
Honda,2017,67242,Petrol,Auto,3.9,196,Good,Abuja,17139306
Honda,2019,48940,Petrol,Auto,2.1,178,Good,Abuja,13787420
Honda,2012,93173,Petrol,Auto,3.5,273,Good,Abuja,16177789
Honda,2023,153885,Petrol,Auto,2.9,317,Good,Abuja,16642805
Honda,2021,75602,Petrol,Auto,2.2,84,Good,Abuja,13160786
Honda,2018,48153,Petrol,Auto,1.4,248,Good,Abuja,12942929
Honda,2021,154463,Petrol,Auto,3.7,148,Good,Abuja,16248759
Honda,2012,77992,Petrol,Auto,3.8,222,Good,Abuja,16374056
Honda,2024,46530,Petrol,Auto,1.3,309,Good,Abuja,14264290
Honda,2013,83472,Petrol,Auto,2,163,Good,Abuja,12295696
Honda,2011,176299,Petrol,Auto,1,178,Good,Abuja,9495907
Honda,2019,49783,Petrol,Auto,2.9,206,Good,Abuja,15661519
Honda,2012,169252,Petrol,Auto,1.4,337,Good,Abuja,12085236
Honda,2020,93623,Petrol,Auto,1.5,201,Good,Abuja,12654639
Honda,2011,109840,Petrol,Auto,2.4,193,Good,Abuja,12911120
Honda,2020,36911,Petrol,Auto,2.2,168,Good,Abuja,14121623
Honda,2023,98396,Petrol,Auto,3.4,219,Good,Abuja,17051228
Honda,2020,123173,Petrol,Auto,2.7,207,Good,Abuja,14907789
Honda,2021,78016,Petrol,Auto,2.8,160,Good,Abuja,15103888
Honda,2016,125399,Petrol,Auto,3.4,123,Good,Abuja,14852207
Honda,2018,187423,Petrol,Auto,1,173,Good,Abuja,10418039
Honda,2014,116312,Petrol,Auto,3.9,287,Good,Abuja,17255816
Honda,2017,83617,Petrol,Auto,3.3,206,Good,Abuja,15924681
Honda,2014,180402,Petrol,Auto,3.1,316,Good,Abuja,15497186
Honda,2022,199942,Petrol,Auto,1.9,248,Good,Abuja,13480406
Honda,2020,97890,Petrol,Auto,2.2,169,Good,Abuja,13704770
Honda,2023,122490,Petrol,Auto,2.6,315,Good,Abuja,16242570
Honda,2013,144192,Petrol,Auto,3.2,337,Good,Abuja,16010656
Honda,2024,191038,Petrol,Auto,1.7,106,Good,Abuja,12022734
Honda,2015,20246,Petrol,Auto,3.3,274,Good,Abuja,16748278
Honda,2014,64699,Petrol,Auto,1.9,170,Good,Abuja,12447107
Honda,2017,65799,Petrol,Auto,3.9,305,Good,Abuja,18239407
Honda,2020,65565,Petrol,Auto,2.6,168,Good,Abuja,14721045
Honda,2013,167050,Petrol,Auto,1.7,174,Good,Abuja,11220650
Honda,2020,104893,Petrol,Auto,3.1,243,Good,Abuja,16195749
Honda,2016,24042,Petrol,Auto,3.5,233,Good,Abuja,16861706
Honda,2017,48853,Petrol,Auto,3.9,83,Good,Abuja,16138029
Honda,2024,72616,Petrol,Auto,1.1,105,Good,Abuja,11641688
Honda,2019,90476,Petrol,Auto,1.3,121,Good,Abuja,11326668
Honda,2022,66330,Petrol,Auto,2.8,127,Good,Abuja,15005690
Honda,2016,38035,Petrol,Auto,3.5,319,Good,Abuja,17623755
Honda,2023,129555,Petrol,Auto,1.3,165,Good,Abuja,12093115
Honda,2014,42849,Petrol,Auto,4,248,Good,Abuja,17580057
Honda,2014,91102,Petrol,Auto,3.2,179,Good,Abuja,14952286
Honda,2021,24991,Petrol,Auto,2.3,127,Good,Abuja,14145063
Honda,2011,17411,Petrol,Auto,1.1,332,Good,Abuja,12348123
Honda,2018,55994,Petrol,Auto,1.9,335,Good,Abuja,14758042
Honda,2023,169860,Petrol,Auto,1.3,249,Good,Abuja,12650980
Honda,2017,63772,Petrol,Auto,2.4,324,Good,Abuja,15443596
Honda,2012,71755,Petrol,Auto,1.5,115,Good,Abuja,10747715
Honda,2014,37335,Petrol,Auto,2.5,330,Good,Abuja,15438655
Honda,2012,83341,Petrol,Auto,1.8,127,Good,Abuja,11386613
Honda,2011,164508,Petrol,Auto,1.6,298,Good,Abuja,11978444
Honda,2023,158508,Petrol,Auto,3.4,124,Good,Abuja,15680444
Honda,2023,44576,Petrol,Auto,1.6,242,Good,Abuja,14057968
Honda,2010,199649,Petrol,Auto,3.5,94,Good,Abuja,13342457
Honda,2022,96044,Petrol,Auto,2.6,325,Good,Abuja,16377692
Honda,2022,138510,Petrol,Auto,3,200,Good,Abuja,15630430
Honda,2013,66247,Petrol,Auto,2.5,240,Good,Abuja,14186271
Honda,2014,141921,Petrol,Auto,2.1,208,Good,Abuja,12686553
Honda,2017,194557,Petrol,Auto,2.2,82,Good,Abuja,11708101
Honda,2023,79932,Petrol,Auto,3.9,168,Good,Abuja,17670476
Honda,2021,42778,Petrol,Auto,3.5,231,Good,Abuja,17460554
Honda,2018,196477,Petrol,Auto,1.2,196,Good,Abuja,10984661
Honda,2024,180361,Petrol,Auto,2.5,350,Good,Abuja,16137473
Honda,2019,128143,Petrol,Auto,2,249,Good,Abuja,13742999
Honda,2017,127343,Petrol,Auto,1.1,135,Good,Abuja,10508599
Honda,2024,124457,Petrol,Auto,2.7,172,Good,Abuja,15148801
Honda,2023,119395,Petrol,Auto,1.5,181,Good,Abuja,12724235
Honda,2021,33436,Petrol,Auto,1.4,228,Good,Abuja,13295948
Honda,2016,150006,Petrol,Auto,1.1,105,Good,Abuja,9899958
Honda,2023,88694,Petrol,Auto,3.6,135,Good,Abuja,16679142
Honda,2018,87272,Petrol,Auto,2.8,82,Good,Abuja,13809096
Honda,2015,37606,Petrol,Auto,1.5,240,Good,Abuja,12686758
Honda,2023,92356,Petrol,Auto,2.8,296,Good,Abuja,16663508
Honda,2010,133939,Petrol,Auto,1.5,195,Good,Abuja,10812427
Honda,2010,80722,Petrol,Auto,2.2,173,Good,Abuja,12364946
Honda,2020,26736,Petrol,Auto,1.3,168,Good,Abuja,12392848
Honda,2015,159948,Petrol,Auto,3.9,173,Good,Abuja,15960364
Honda,2015,150593,Petrol,Auto,3.5,120,Good,Abuja,14695849
Honda,2014,165419,Petrol,Auto,1.1,170,Good,Abuja,10142067
Honda,2021,82877,Petrol,Auto,2.1,113,Good,Abuja,13199861
Honda,2015,132258,Petrol,Auto,2.2,214,Good,Abuja,13164194
Honda,2013,55054,Petrol,Auto,2.6,251,Good,Abuja,14574622
Honda,2018,103645,Petrol,Auto,3.3,211,Good,Abuja,15984485
Honda,2010,85075,Petrol,Auto,3.7,255,Good,Abuja,16154475
Honda,2018,172316,Petrol,Auto,2.7,294,Good,Abuja,15133788
Honda,2014,127114,Petrol,Auto,1.1,245,Good,Abuja,11160202
Honda,2024,173730,Petrol,Auto,3.7,257,Good,Abuja,17653890
Honda,2011,84142,Petrol,Auto,1.6,81,Good,Abuja,10371006
Honda,2011,122618,Petrol,Auto,1.3,151,Good,Abuja,10201674
Honda,2022,86278,Petrol,Auto,3.9,283,Good,Abuja,18626054
Honda,2015,110732,Petrol,Auto,2.5,104,Good,Abuja,12814876
Honda,2019,23019,Petrol,Auto,1.7,198,Good,Abuja,13368867
Honda,2016,28817,Petrol,Auto,1.8,234,Good,Abuja,13438281
Honda,2016,129753,Petrol,Auto,1.1,168,Good,Abuja,10671729
Honda,2013,74113,Petrol,Auto,3.3,178,Good,Abuja,15111209
Honda,2019,170815,Petrol,Auto,3.9,250,Good,Abuja,17254295
Honda,2021,43742,Petrol,Auto,1.7,115,Good,Abuja,12693806
Honda,2022,36594,Petrol,Auto,1.9,143,Good,Abuja,13573842
Honda,2014,132636,Petrol,Auto,2.4,96,Good,Abuja,12231548
Honda,2018,16465,Petrol,Auto,1,312,Good,Abuja,13004745
Honda,2015,178728,Petrol,Auto,1.9,244,Good,Abuja,12538904
Honda,2013,164123,Petrol,Auto,2.7,186,Good,Abuja,13361139
Honda,2021,40613,Petrol,Auto,3.5,301,Good,Abuja,18175709
Honda,2010,199821,Petrol,Auto,1.9,149,Good,Abuja,10691253
Honda,2011,58444,Petrol,Auto,1.5,147,Good,Abuja,11010892
Honda,2013,64984,Petrol,Auto,3.4,132,Good,Abuja,14915112
Honda,2015,32667,Petrol,Auto,3,96,Good,Abuja,14281331
Honda,2011,131763,Petrol,Auto,1.5,158,Good,Abuja,10607659
Honda,2018,23610,Petrol,Auto,1.4,209,Good,Abuja,12724730
Honda,2019,47282,Petrol,Auto,1,243,Good,Abuja,12249026
Honda,2018,17639,Petrol,Auto,3.4,215,Good,Abuja,16826527
Honda,2012,36946,Petrol,Auto,2.1,115,Good,Abuja,12191378
Honda,2010,79514,Petrol,Auto,3.8,270,Good,Abuja,16543402
Honda,2023,148138,Petrol,Auto,3.1,269,Good,Abuja,16603034
Honda,2019,130388,Petrol,Auto,1.2,105,Good,Abuja,10687284
Honda,2015,98087,Petrol,Auto,3.7,344,Good,Abuja,17703391
Honda,2015,37626,Petrol,Auto,3.2,322,Good,Abuja,16906618
Honda,2021,18453,Petrol,Auto,2.9,317,Good,Abuja,17290829
Honda,2016,104428,Petrol,Auto,2,193,Good,Abuja,12899004
Honda,2021,38888,Petrol,Auto,2.5,86,Good,Abuja,14037784
Honda,2016,179367,Petrol,Auto,2.5,214,Good,Abuja,13584431
Honda,2010,133104,Petrol,Auto,1.9,119,Good,Abuja,10858272
Honda,2011,84415,Petrol,Auto,3.1,315,Good,Abuja,15709095
Honda,2016,141970,Petrol,Auto,1.2,274,Good,Abuja,11846210
Honda,2021,16275,Petrol,Auto,3,140,Good,Abuja,15736075
Honda,2011,160651,Petrol,Auto,3.3,305,Good,Abuja,15475443
Honda,2016,90344,Petrol,Auto,1.7,339,Good,Abuja,13857592
Honda,2012,152339,Petrol,Auto,1.4,212,Good,Abuja,10953627
Honda,2012,196568,Petrol,Auto,1.1,216,Good,Abuja,10084024
Honda,2017,105113,Petrol,Auto,3.6,260,Good,Abuja,16914209
Honda,2011,187516,Petrol,Auto,1.9,163,Good,Abuja,11067388
Honda,2023,11070,Petrol,Auto,2.9,134,Good,Abuja,15812510
Honda,2010,165653,Petrol,Auto,3.5,203,Good,Abuja,14670429
Honda,2017,129478,Petrol,Auto,3.1,102,Good,Abuja,14163654
Honda,2015,70411,Petrol,Auto,3.1,205,Good,Abuja,15307123
Honda,2018,100558,Petrol,Auto,1.6,326,Good,Abuja,13756094
Honda,2016,102460,Petrol,Auto,3.7,157,Good,Abuja,15952780
Honda,2014,62067,Petrol,Auto,3.8,216,Good,Abuja,16725531
Honda,2010,144497,Petrol,Auto,2.4,135,Good,Abuja,11938521
Honda,2014,18238,Petrol,Auto,3.3,84,Good,Abuja,14712334
Honda,2024,190764,Petrol,Auto,2.3,302,Good,Abuja,15184652
Honda,2011,89974,Petrol,Auto,1.9,127,Good,Abuja,11390182
Honda,2012,95810,Petrol,Auto,1.4,295,Good,Abuja,12179330
Honda,2019,189613,Petrol,Auto,3.1,170,Good,Abuja,14722709
Honda,2019,103492,Petrol,Auto,1.3,236,Good,Abuja,12385556
Honda,2019,44466,Petrol,Auto,2.5,323,Good,Abuja,16068738
Honda,2010,160436,Petrol,Auto,1.4,303,Good,Abuja,11506948
Honda,2013,18764,Petrol,Auto,2.9,337,Good,Abuja,16288652
Honda,2011,89281,Petrol,Auto,3.1,118,Good,Abuja,13705033
Honda,2020,144269,Petrol,Auto,1.2,349,Good,Abuja,13180117
Honda,2010,14511,Petrol,Auto,2,155,Good,Abuja,12248423
Honda,2023,140644,Petrol,Auto,3.2,177,Good,Abuja,15935492
Honda,2010,198520,Petrol,Auto,1.6,217,Good,Abuja,10780360
Honda,2012,156689,Petrol,Auto,2.6,203,Good,Abuja,13233177
Honda,2019,184164,Petrol,Auto,2.4,106,Good,Abuja,12720852
Honda,2019,15477,Petrol,Auto,3.3,127,Good,Abuja,15911661
Honda,2015,11381,Petrol,Auto,1.3,202,Good,Abuja,12090333
Honda,2018,42308,Petrol,Auto,3.8,255,Good,Abuja,17853844
Honda,2024,101478,Petrol,Auto,3.1,252,Good,Abuja,16909654
Honda,2021,183384,Petrol,Auto,1.4,287,Good,Abuja,12836312
Honda,2024,156690,Petrol,Auto,1.7,183,Good,Abuja,13033170
Honda,2014,148722,Petrol,Auto,3.5,160,Good,Abuja,14958946
Honda,2024,192515,Petrol,Auto,2,223,Good,Abuja,13782395
Honda,2013,161066,Petrol,Auto,1.6,110,Good,Abuja,10422538
Honda,2019,189580,Petrol,Auto,3.7,285,Good,Abuja,17072940
Honda,2017,50311,Petrol,Auto,3.6,331,Good,Abuja,18007823
Honda,2018,69210,Petrol,Auto,2,184,Good,Abuja,13355530
Honda,2024,122404,Petrol,Auto,2.7,340,Good,Abuja,16843172
Honda,2016,64190,Petrol,Auto,3.6,200,Good,Abuja,16450670
Honda,2023,21376,Petrol,Auto,3.1,235,Good,Abuja,17150368
Honda,2010,75144,Petrol,Auto,1.9,104,Good,Abuja,11113992
Honda,2022,182574,Petrol,Auto,1.6,154,Good,Abuja,12061982
Honda,2024,135302,Petrol,Auto,2,309,Good,Abuja,15042886
Honda,2021,165824,Petrol,Auto,3.6,208,Good,Abuja,16569232
Honda,2012,158690,Petrol,Auto,3.4,196,Good,Abuja,14749170
Honda,2011,137363,Petrol,Auto,3.9,246,Good,Abuja,16248459
Honda,2012,169699,Petrol,Auto,3.9,129,Good,Abuja,15002107
Honda,2013,89073,Petrol,Auto,3.3,335,Good,Abuja,16576489
Honda,2020,79012,Petrol,Auto,1.9,228,Good,Abuja,13826916
Honda,2012,168720,Petrol,Auto,2.7,81,Good,Abuja,12128960
Honda,2017,58325,Petrol,Auto,2.6,248,Good,Abuja,15121725
Honda,2021,178260,Petrol,Auto,3,197,Good,Abuja,15172180
Honda,2023,138633,Petrol,Auto,1.7,295,Good,Abuja,14129569
Honda,2014,116881,Petrol,Auto,1.9,162,Good,Abuja,12001833
Honda,2013,41179,Petrol,Auto,3.9,307,Good,Abuja,17831747
Honda,2020,117133,Petrol,Auto,2.7,138,Good,Abuja,14260069
Honda,2012,103209,Petrol,Auto,3.6,321,Good,Abuja,16787537
Honda,2015,186012,Petrol,Auto,2.7,132,Good,Abuja,12967916
Honda,2013,13040,Petrol,Auto,1.5,282,Good,Abuja,12978720
Honda,2015,34936,Petrol,Auto,1.3,262,Good,Abuja,12525448
Honda,2020,46851,Petrol,Auto,2.3,153,Good,Abuja,14102043
Honda,2011,188546,Petrol,Auto,1.7,154,Good,Abuja,10570178
Honda,2012,182492,Petrol,Auto,2.1,128,Good,Abuja,11302556
Honda,2013,112074,Petrol,Auto,2.9,214,Good,Abuja,14405482
Honda,2017,192000,Petrol,Auto,2.4,101,Good,Abuja,12316000
Honda,2013,169985,Petrol,Auto,3.5,81,Good,Abuja,13870105
Honda,2012,93683,Petrol,Auto,3.8,334,Good,Abuja,17384219
Honda,2020,99590,Petrol,Auto,3.7,198,Good,Abuja,16982870
Honda,2020,75951,Petrol,Auto,3,159,Good,Abuja,15358343
Honda,2010,70100,Petrol,Auto,1.2,226,Good,Abuja,10969300
Honda,2023,169667,Petrol,Auto,1.4,291,Good,Abuja,13272331
Honda,2013,133485,Petrol,Auto,1.2,317,Good,Abuja,11885605
Honda,2017,48744,Petrol,Auto,3.4,118,Good,Abuja,15488792
Honda,2018,12756,Petrol,Auto,1.6,345,Good,Abuja,14560708
Honda,2013,199070,Petrol,Auto,3.5,217,Good,Abuja,15026510
Honda,2012,167348,Petrol,Auto,3.5,123,Good,Abuja,14158564
Honda,2020,117562,Petrol,Auto,1.8,184,Good,Abuja,12917066
Honda,2020,131292,Petrol,Auto,2.8,169,Good,Abuja,14670956
Honda,2020,33658,Petrol,Auto,1.6,198,Good,Abuja,13244394
Honda,2021,187388,Petrol,Auto,2,218,Good,Abuja,13318284
Honda,2021,159889,Petrol,Auto,3.5,117,Good,Abuja,15500777
Honda,2019,188565,Petrol,Auto,2.2,184,Good,Abuja,13070045
Honda,2024,14632,Petrol,Auto,2.5,324,Good,Abuja,17037576
Honda,2020,14156,Petrol,Auto,3.2,277,Good,Abuja,17370908
Honda,2014,104743,Petrol,Auto,2.6,346,Good,Abuja,15326799
Honda,2015,163769,Petrol,Auto,2.4,141,Good,Abuja,12613617
Honda,2018,180589,Petrol,Auto,2.9,208,Good,Abuja,14615877
Honda,2014,99647,Petrol,Auto,3.5,347,Good,Abuja,17172471
Honda,2011,80538,Petrol,Auto,1.4,206,Good,Abuja,11246234
Honda,2014,156552,Petrol,Auto,1.8,182,Good,Abuja,11724136
Honda,2021,52007,Petrol,Auto,3.6,125,Good,Abuja,16535951
Honda,2018,169143,Petrol,Auto,2,127,Good,Abuja,12085999
Honda,2015,97074,Petrol,Auto,2.1,223,Good,Abuja,13300482
Honda,2024,178198,Petrol,Auto,1.6,176,Good,Abuja,12612614
Honda,2020,130748,Petrol,Auto,1.3,273,Good,Abuja,12714764
Honda,2018,187949,Petrol,Auto,3.5,143,Good,Abuja,15114357
Honda,2011,155796,Petrol,Auto,3.1,283,Good,Abuja,14889428
Honda,2011,58080,Petrol,Auto,1.8,95,Good,Abuja,11093440
Honda,2023,169815,Petrol,Auto,1.9,249,Good,Abuja,13851295
Honda,2022,98128,Petrol,Auto,3.6,301,Good,Abuja,18123104
Honda,2021,197860,Petrol,Auto,2.8,320,Good,Abuja,15864980
Honda,2010,91818,Petrol,Auto,3,131,Good,Abuja,13467274
Honda,2012,91719,Petrol,Auto,3.6,179,Good,Abuja,15447967
Honda,2019,57839,Petrol,Auto,1.8,184,Good,Abuja,13185127
Honda,2017,43782,Petrol,Auto,4,278,Good,Abuja,18323526
Honda,2023,10795,Petrol,Auto,1.5,142,Good,Abuja,13094435
Honda,2014,46948,Petrol,Auto,3.5,292,Good,Abuja,16991364
Honda,2012,160714,Petrol,Auto,3.5,311,Good,Abuja,16085002
Honda,2012,196318,Petrol,Auto,1.2,154,Good,Abuja,9665774
Honda,2011,101998,Petrol,Auto,3.4,98,Good,Abuja,14016014
Honda,2019,112161,Petrol,Auto,3.7,233,Good,Abuja,17094873
Honda,2016,140823,Petrol,Auto,1.2,221,Good,Abuja,11324239
Honda,2017,12006,Petrol,Auto,2.5,100,Good,Abuja,13765958
Honda,2015,44279,Petrol,Auto,3.4,117,Good,Abuja,15210047
Honda,2012,72316,Petrol,Auto,1.9,226,Good,Abuja,12653788
Honda,2017,113029,Petrol,Auto,3.4,211,Good,Abuja,15968797
Honda,2017,193867,Petrol,Auto,3.8,254,Good,Abuja,16632931
Honda,2018,199819,Petrol,Auto,2.5,106,Good,Abuja,12661267
Honda,2012,137873,Petrol,Auto,2.1,275,Good,Abuja,13084889
Honda,2024,54137,Petrol,Auto,3.5,82,Good,Abuja,16341041
Honda,2022,100522,Petrol,Auto,3.9,91,Good,Abuja,16606346
Honda,2022,109351,Petrol,Auto,3.8,176,Good,Abuja,17194543
Honda,2022,192335,Petrol,Auto,2.9,178,Good,Abuja,14833655
Honda,2017,37236,Petrol,Auto,2.9,265,Good,Abuja,16039348
Honda,2024,88255,Petrol,Auto,3.9,291,Good,Abuja,18992215
Honda,2015,115283,Petrol,Auto,2.7,140,Good,Abuja,13543019
Honda,2015,63715,Petrol,Auto,2.4,207,Good,Abuja,13973995
Honda,2017,132450,Petrol,Auto,1.9,109,Good,Abuja,11812850
Honda,2023,44868,Petrol,Auto,3.8,89,Good,Abuja,16925924
Honda,2014,140609,Petrol,Auto,3.6,157,Good,Abuja,15185737
Honda,2015,101653,Petrol,Auto,1.1,311,Good,Abuja,12148429
Honda,2012,33412,Petrol,Auto,1.8,305,Good,Abuja,13516116
Honda,2010,87789,Petrol,Auto,1,343,Good,Abuja,11615477
Honda,2011,156598,Petrol,Auto,1.4,98,Good,Abuja,9633814
Honda,2017,14998,Petrol,Auto,2.7,263,Good,Abuja,15775014
Honda,2016,186520,Petrol,Auto,1.1,328,Good,Abuja,11874360
Honda,2021,67430,Petrol,Auto,4,340,Good,Abuja,19377990
Honda,2019,139489,Petrol,Auto,3.9,212,Good,Abuja,17093577
Honda,2017,31984,Petrol,Auto,3,337,Good,Abuja,16996112
Honda,2018,61045,Petrol,Auto,3.2,210,Good,Abuja,16072685
Honda,2015,86264,Petrol,Auto,1,129,Good,Abuja,10236152
Honda,2021,131911,Petrol,Auto,2.8,255,Good,Abuja,15676623
Honda,2017,161153,Petrol,Auto,1,157,Good,Abuja,10291929
Honda,2024,83086,Petrol,Auto,2.6,160,Good,Abuja,15118398
Honda,2020,126898,Petrol,Auto,2.8,300,Good,Abuja,16011714
Honda,2019,174358,Petrol,Auto,2.9,349,Good,Abuja,16219494
Honda,2015,14328,Petrol,Auto,2.5,345,Good,Abuja,15899704
Honda,2013,55526,Petrol,Auto,3.3,160,Good,Abuja,15061318
Honda,2016,12890,Petrol,Auto,2.3,256,Good,Abuja,14769770
Honda,2021,181719,Petrol,Auto,3.6,277,Good,Abuja,17147967
Honda,2022,88763,Petrol,Auto,3.9,313,Good,Abuja,18908659
Honda,2018,60074,Petrol,Auto,1.4,249,Good,Abuja,12869482
Honda,2024,31016,Petrol,Auto,2.2,224,Good,Abuja,15322888
Honda,2013,138005,Petrol,Auto,3.5,94,Good,Abuja,14223965
Honda,2013,139390,Petrol,Auto,2.6,146,Good,Abuja,12934270
Honda,2020,63781,Petrol,Auto,3,134,Good,Abuja,15193533
Honda,2016,171401,Petrol,Auto,3.3,185,Good,Abuja,14950193
Honda,2019,143353,Petrol,Auto,1.6,272,Good,Abuja,13066529
Honda,2011,39548,Petrol,Auto,3.2,174,Good,Abuja,14813164
Honda,2020,133546,Petrol,Auto,3.1,308,Good,Abuja,16645178
Honda,2014,59255,Petrol,Auto,1.2,99,Good,Abuja,10375215
Honda,2017,85643,Petrol,Auto,2.3,345,Good,Abuja,15300499
Honda,2020,39981,Petrol,Auto,1.1,329,Good,Abuja,13510133
Honda,2017,118324,Petrol,Auto,3.6,205,Good,Abuja,16271732
Honda,2019,78522,Petrol,Auto,1.9,195,Good,Abuja,13350346
Honda,2021,23894,Petrol,Auto,3.2,235,Good,Abuja,17032742
Honda,2018,110860,Petrol,Auto,3,198,Good,Abuja,15203980
Honda,2018,148257,Petrol,Auto,1.2,279,Good,Abuja,12152201
Honda,2017,20151,Petrol,Auto,2,265,Good,Abuja,14358943
Honda,2015,58818,Petrol,Auto,3.3,240,Good,Abuja,16138274
Honda,2018,116736,Petrol,Auto,1,336,Good,Abuja,12542848
Honda,2017,94079,Petrol,Auto,1.2,283,Good,Abuja,12421447
Honda,2011,34529,Petrol,Auto,1.9,252,Good,Abuja,13028297
Honda,2014,164366,Petrol,Auto,1.4,217,Good,Abuja,11219438
Honda,2012,110336,Petrol,Auto,1.1,152,Good,Abuja,10047648
Honda,2012,57004,Petrol,Auto,1.6,348,Good,Abuja,13380972
Honda,2016,55593,Petrol,Auto,3.8,89,Good,Abuja,15800849
Honda,2020,48922,Petrol,Auto,3.7,329,Good,Abuja,18647546
Honda,2020,53368,Petrol,Auto,2.8,187,Good,Abuja,15396424
Honda,2016,135212,Petrol,Auto,2.5,89,Good,Abuja,12643516
Honda,2019,45636,Petrol,Auto,4,173,Good,Abuja,17560548
Honda,2015,48919,Petrol,Auto,3.9,119,Good,Abuja,16197567
Honda,2021,158389,Petrol,Auto,2,251,Good,Abuja,13851277
Honda,2014,170736,Petrol,Auto,3.1,195,Good,Abuja,14354848
Honda,2021,46732,Petrol,Auto,1.9,109,Good,Abuja,13012876
Honda,2016,193543,Petrol,Auto,1.5,313,Good,Abuja,12475199
Honda,2018,48579,Petrol,Auto,3.7,122,Good,Abuja,16279947
Honda,2013,103902,Petrol,Auto,2.7,231,Good,Abuja,14232686
Honda,2020,59174,Petrol,Auto,1.2,122,Good,Abuja,11505782
Honda,2020,121984,Petrol,Auto,3.9,290,Good,Abuja,18146112
Honda,2019,183991,Petrol,Auto,1.6,91,Good,Abuja,10972063
Honda,2018,164069,Petrol,Auto,2.2,131,Good,Abuja,12561517
Honda,2012,190729,Petrol,Auto,2.8,90,Good,Abuja,12264897
Honda,2019,77597,Petrol,Auto,2.8,87,Good,Abuja,14076821
Honda,2014,105269,Petrol,Auto,3.1,273,Good,Abuja,15593117
Honda,2012,171701,Petrol,Auto,1.4,194,Good,Abuja,10638093
Honda,2018,145319,Petrol,Auto,2.8,348,Good,Abuja,16062767
Honda,2015,51842,Petrol,Auto,3.9,303,Good,Abuja,18017106
Honda,2016,136729,Petrol,Auto,3.9,153,Good,Abuja,16072897
Honda,2022,149441,Petrol,Auto,3.7,255,Good,Abuja,17503913
Honda,2016,168777,Petrol,Auto,1.6,349,Good,Abuja,13208561
Honda,2024,71433,Petrol,Auto,3.8,288,Good,Abuja,18879969
Honda,2016,153125,Petrol,Auto,1.6,265,Good,Abuja,12478125
Honda,2021,199498,Petrol,Auto,1.9,159,Good,Abuja,12443514
Honda,2019,169881,Petrol,Auto,3.1,147,Good,Abuja,14630833
Honda,2012,129566,Petrol,Auto,3.9,140,Good,Abuja,15393038
Honda,2018,182083,Petrol,Auto,2.9,243,Good,Abuja,14955419
Honda,2017,123570,Petrol,Auto,3,115,Good,Abuja,14135010
Honda,2016,114311,Petrol,Auto,3.6,281,Good,Abuja,16909823
Honda,2023,35614,Petrol,Auto,3.3,289,Good,Abuja,17990702
Honda,2021,97362,Petrol,Auto,3.8,334,Good,Abuja,18708466
Honda,2013,143359,Petrol,Auto,3.7,347,Good,Abuja,17116487
Honda,2020,128507,Petrol,Auto,1.1,308,Good,Abuja,12680451
Honda,2024,104081,Petrol,Auto,2.9,299,Good,Abuja,16961433
Honda,2011,137875,Petrol,Auto,1.7,100,Good,Abuja,10384875
Honda,2014,57644,Petrol,Auto,2.5,184,Good,Abuja,13836492
Honda,2014,67922,Petrol,Auto,3.8,226,Good,Abuja,16784546
Honda,2016,166320,Petrol,Auto,3.5,123,Good,Abuja,14765760
Honda,2022,123806,Petrol,Auto,3.8,281,Good,Abuja,18143358
Honda,2021,10032,Petrol,Auto,2,148,Good,Abuja,13859776
Honda,2023,171952,Petrol,Auto,2,322,Good,Abuja,14766336
Honda,2023,55402,Petrol,Auto,1.1,164,Good,Abuja,12202186
Honda,2022,114161,Petrol,Auto,1.3,225,Good,Abuja,12650873
Honda,2013,59464,Petrol,Auto,3.7,253,Good,Abuja,16763752
Honda,2013,149982,Petrol,Auto,2.3,275,Good,Abuja,13550126
Honda,2024,25514,Petrol,Auto,3.1,203,Good,Abuja,16951402
Honda,2014,83417,Petrol,Auto,3.5,146,Good,Abuja,15276081
Honda,2015,55766,Petrol,Auto,4,194,Good,Abuja,17099638
Honda,2024,16694,Petrol,Auto,1.9,330,Good,Abuja,15883142
Honda,2010,65430,Petrol,Auto,2.8,308,Good,Abuja,15021990
Honda,2015,47727,Petrol,Auto,3.3,127,Good,Abuja,15085911
Honda,2021,26353,Petrol,Auto,1.9,177,Good,Abuja,13835529
Honda,2014,57709,Petrol,Auto,1.8,306,Good,Abuja,13656037
Honda,2014,113292,Petrol,Auto,1.1,290,Good,Abuja,11706956
Honda,2016,146128,Petrol,Auto,3.6,234,Good,Abuja,16217104
Honda,2011,76738,Petrol,Auto,1.3,332,Good,Abuja,12332834
Honda,2011,158878,Petrol,Auto,1.1,322,Good,Abuja,11257854
Honda,2012,29090,Petrol,Auto,3.8,304,Good,Abuja,17536370
Honda,2019,89022,Petrol,Auto,3.1,282,Good,Abuja,16546846
Honda,2023,38776,Petrol,Auto,2.9,349,Good,Abuja,17768568
Honda,2023,99780,Petrol,Auto,1.5,202,Good,Abuja,13071540
Honda,2013,191997,Petrol,Auto,1.9,321,Good,Abuja,12916021
Honda,2014,170164,Petrol,Auto,3.3,226,Good,Abuja,15068852
Honda,2021,90137,Petrol,Auto,3.2,333,Good,Abuja,17549041
Honda,2022,80446,Petrol,Auto,1,224,Good,Abuja,12276878
Honda,2010,89618,Petrol,Auto,2.8,323,Good,Abuja,15002674
Honda,2016,67321,Petrol,Auto,2.1,279,Good,Abuja,14218753
Honda,2013,60015,Petrol,Auto,2.9,211,Good,Abuja,14739895
Honda,2022,36332,Petrol,Auto,2.1,229,Good,Abuja,14835676
Honda,2023,22465,Petrol,Auto,2.7,281,Good,Abuja,16802745
Honda,2022,52145,Petrol,Auto,2.3,196,Good,Abuja,14794985
Honda,2011,39799,Petrol,Auto,2.9,308,Good,Abuja,15551407
Honda,2012,150132,Petrol,Auto,2.8,82,Good,Abuja,12469076
Honda,2024,52681,Petrol,Auto,3.3,247,Good,Abuja,17601233
Honda,2023,49370,Petrol,Auto,3.9,230,Good,Abuja,18504410
Honda,2011,194778,Petrol,Auto,1.1,85,Good,Abuja,8636554
Honda,2010,198703,Petrol,Auto,3.4,251,Good,Abuja,14719079
Honda,2011,19030,Petrol,Auto,3.8,99,Good,Abuja,15406790
Honda,2018,196098,Petrol,Auto,1,224,Good,Abuja,10867314
Honda,2015,59976,Petrol,Auto,1.6,134,Good,Abuja,11670168
Honda,2021,105602,Petrol,Auto,3.8,180,Good,Abuja,17110786
Honda,2017,60221,Petrol,Auto,2,204,Good,Abuja,13468453
Honda,2014,110883,Petrol,Auto,2.5,92,Good,Abuja,12543819
Honda,2019,122843,Petrol,Auto,2.2,343,Good,Abuja,15120099
Honda,2018,146308,Petrol,Auto,1.6,275,Good,Abuja,12925844
Honda,2018,119182,Petrol,Auto,3.6,195,Good,Abuja,16315726
Honda,2018,131512,Petrol,Auto,2.4,197,Good,Abuja,13849416
Honda,2017,113796,Petrol,Auto,1.3,148,Good,Abuja,11133428
Honda,2014,55192,Petrol,Auto,1.3,126,Good,Abuja,10873656
Honda,2017,75388,Petrol,Auto,3.4,258,Good,Abuja,16702284
Honda,2015,127615,Petrol,Auto,2.9,202,Good,Abuja,14476695
Honda,2013,142287,Petrol,Auto,1.3,136,Good,Abuja,10213991
Honda,2019,162361,Petrol,Auto,3.8,267,Good,Abuja,17283473
Honda,2010,92672,Petrol,Auto,3.8,257,Good,Abuja,16321296
Honda,2016,70960,Petrol,Auto,3.6,110,Good,Abuja,15503280
Honda,2019,66301,Petrol,Auto,3.8,318,Good,Abuja,18465893
Honda,2020,10893,Petrol,Auto,2.2,272,Good,Abuja,15343749
Honda,2021,152181,Petrol,Auto,3.4,346,Good,Abuja,17644733
Honda,2020,83368,Petrol,Auto,3.3,253,Good,Abuja,16846424
Honda,2023,121561,Petrol,Auto,4,300,Good,Abuja,18899073
Honda,2020,79832,Petrol,Auto,1.7,85,Good,Abuja,11991176
Honda,2014,114976,Petrol,Auto,2.9,122,Good,Abuja,13615168
Honda,2022,50964,Petrol,Auto,2.1,292,Good,Abuja,15363252
Honda,2015,44777,Petrol,Auto,3.6,348,Good,Abuja,17916561
Honda,2018,11222,Petrol,Auto,2.2,185,Good,Abuja,14171446
Honda,2013,12944,Petrol,Auto,2.3,92,Good,Abuja,12679392
Honda,2015,192536,Petrol,Auto,1.8,306,Good,Abuja,12862248
Honda,2018,126390,Petrol,Auto,3.6,328,Good,Abuja,17595270
Honda,2015,13260,Petrol,Auto,3.6,110,Good,Abuja,15757180
Honda,2020,121976,Petrol,Auto,1.8,255,Good,Abuja,13596168
Honda,2024,72475,Petrol,Auto,2.3,213,Good,Abuja,15122675
Honda,2015,68411,Petrol,Auto,2,291,Good,Abuja,13981123
Honda,2010,22381,Petrol,Auto,3,103,Good,Abuja,13673333
Honda,2014,104714,Petrol,Auto,3.6,119,Good,Abuja,15057002
Honda,2015,98632,Petrol,Auto,2.5,249,Good,Abuja,14349576
Honda,2017,43872,Petrol,Auto,1.1,336,Good,Abuja,13102896
Honda,2016,177544,Petrol,Auto,2.7,309,Good,Abuja,14947192
Honda,2015,78050,Petrol,Auto,2.1,157,Good,Abuja,12773650
Honda,2016,94996,Petrol,Auto,3.6,100,Good,Abuja,15235028
Honda,2021,140365,Petrol,Auto,1.5,346,Good,Abuja,13927445
Honda,2015,30886,Petrol,Auto,2.4,144,Good,Abuja,13573798
Honda,2019,29123,Petrol,Auto,1.2,164,Good,Abuja,11986139
Honda,2016,52503,Petrol,Auto,1.8,259,Good,Abuja,13522479
Honda,2012,156351,Petrol,Auto,3.6,148,Good,Abuja,14685543
Honda,2020,16177,Petrol,Auto,2,151,Good,Abuja,13696761
Honda,2012,135162,Petrol,Auto,3,300,Good,Abuja,15153866
Honda,2013,149475,Petrol,Auto,1.6,227,Good,Abuja,11673675
Honda,2014,47407,Petrol,Auto,1.6,312,Good,Abuja,13388151
Honda,2010,164098,Petrol,Auto,2.8,286,Good,Abuja,14111314
Honda,2022,130609,Petrol,Auto,1.7,122,Good,Abuja,12305737
Honda,2017,155655,Petrol,Auto,3.8,239,Good,Abuja,16750415
Honda,2023,80650,Petrol,Auto,2.3,148,Good,Abuja,14265450
Honda,2019,116460,Petrol,Auto,2.3,341,Good,Abuja,15344780
Honda,2017,84337,Petrol,Auto,3,247,Good,Abuja,15729641
Honda,2016,96725,Petrol,Auto,3.9,147,Good,Abuja,16292925
Honda,2015,142005,Petrol,Auto,1.3,222,Good,Abuja,11375965
Honda,2018,172897,Petrol,Auto,3.9,96,Good,Abuja,15549721
Honda,2011,20718,Petrol,Auto,3.4,305,Good,Abuja,16654974
Honda,2020,154711,Petrol,Auto,2.7,285,Good,Abuja,15467023
Honda,2024,147107,Petrol,Auto,1.7,322,Good,Abuja,14490251
Honda,2015,42016,Petrol,Auto,3.6,274,Good,Abuja,17195888
Honda,2020,20481,Petrol,Auto,1.7,347,Good,Abuja,15026633
Honda,2011,17431,Petrol,Auto,1.5,270,Good,Abuja,12527983
Honda,2018,189060,Petrol,Auto,1.5,270,Good,Abuja,12376580
Honda,2020,83797,Petrol,Auto,3.9,226,Good,Abuja,17773421
Honda,2012,75901,Petrol,Auto,1.9,82,Good,Abuja,11188693
Honda,2012,75435,Petrol,Auto,1.4,318,Good,Abuja,12551955
Honda,2012,196770,Petrol,Auto,1.6,230,Good,Abuja,11222610
Honda,2019,24407,Petrol,Auto,3.5,323,Good,Abuja,18209151
Honda,2015,36473,Petrol,Auto,4,328,Good,Abuja,18574689
Honda,2022,139037,Petrol,Auto,2,330,Good,Abuja,14926741
Honda,2013,10277,Petrol,Auto,3.6,120,Good,Abuja,15578061
Honda,2019,184031,Petrol,Auto,3.1,338,Good,Abuja,16441783
Honda,2020,97102,Petrol,Auto,1.7,95,Good,Abuja,11970286
Honda,2023,126930,Petrol,Auto,3.6,296,Good,Abuja,18021490
Honda,2022,176654,Petrol,Auto,3.9,309,Good,Abuja,18253422
Honda,2020,154917,Petrol,Auto,3.6,106,Good,Abuja,15475581
Honda,2017,19270,Petrol,Auto,1.7,283,Good,Abuja,13945110
Honda,2021,161966,Petrol,Auto,2.3,176,Good,Abuja,13676238
Honda,2014,10185,Petrol,Auto,3,219,Good,Abuja,15518705
Honda,2015,108691,Petrol,Auto,2,185,Good,Abuja,12639163
Honda,2021,85974,Petrol,Auto,3.9,217,Good,Abuja,17818182
Honda,2013,107947,Petrol,Auto,3.3,248,Good,Abuja,15574371
Honda,2016,87918,Petrol,Auto,3.9,313,Good,Abuja,18014574
Honda,2012,10539,Petrol,Auto,2.6,266,Good,Abuja,14886227
Honda,2013,31916,Petrol,Auto,1.3,216,Good,Abuja,11786588
Honda,2012,103928,Petrol,Auto,3.7,284,Good,Abuja,16612504
Honda,2018,63958,Petrol,Auto,1.5,154,Good,Abuja,12092294
Honda,2022,38149,Petrol,Auto,3.8,87,Good,Abuja,16802957
Honda,2016,107462,Petrol,Auto,1.3,153,Good,Abuja,11077766
Honda,2011,73220,Petrol,Auto,2.2,155,Good,Abuja,12387460
Honda,2024,170946,Petrol,Auto,2.9,293,Good,Abuja,16433378
Honda,2015,118474,Petrol,Auto,2.9,122,Good,Abuja,13740682
Honda,2016,137657,Petrol,Auto,3.8,299,Good,Abuja,17326401
Honda,2022,134130,Petrol,Auto,3,161,Good,Abuja,15271090
Honda,2023,148504,Petrol,Auto,2,102,Good,Abuja,12730472
Honda,2015,40844,Petrol,Auto,2.9,314,Good,Abuja,16204092
Honda,2023,148499,Petrol,Auto,3.9,202,Good,Abuja,17530507
Honda,2013,111001,Petrol,Auto,3.4,231,Good,Abuja,15582993
Honda,2015,66285,Petrol,Auto,2.1,220,Good,Abuja,13486005
Honda,2019,45433,Petrol,Auto,1.9,283,Good,Abuja,14461969
Honda,2016,56202,Petrol,Auto,2.5,157,Good,Abuja,13876586
Honda,2017,79163,Petrol,Auto,2.2,158,Good,Abuja,13275859
Honda,2014,85158,Petrol,Auto,3.2,84,Good,Abuja,14043894
Honda,2011,118923,Petrol,Auto,3.9,183,Good,Abuja,15747539
Honda,2013,197395,Petrol,Auto,3,86,Good,Abuja,12728235
Honda,2015,103452,Petrol,Auto,2.5,277,Good,Abuja,14595836
Honda,2024,143660,Petrol,Auto,1,252,Good,Abuja,12414380
Honda,2016,152931,Petrol,Auto,1.5,298,Good,Abuja,12609483
Honda,2023,61672,Petrol,Auto,2,148,Good,Abuja,13798296
Honda,2010,104464,Petrol,Auto,2.4,287,Good,Abuja,13738752
Honda,2013,119223,Petrol,Auto,3.5,232,Good,Abuja,15735439
Honda,2021,75063,Petrol,Auto,2.9,185,Good,Abuja,15574559
Honda,2017,76915,Petrol,Auto,1.2,333,Good,Abuja,13041595
Honda,2022,120046,Petrol,Auto,2.1,318,Good,Abuja,15139678
Honda,2018,119474,Petrol,Auto,1.8,177,Good,Abuja,12533682
Honda,2022,88851,Petrol,Auto,3.4,334,Good,Abuja,18118043
Honda,2020,45169,Petrol,Auto,2.5,179,Good,Abuja,14773817
Honda,2019,103493,Petrol,Auto,1.4,287,Good,Abuja,13095549
Honda,2017,169302,Petrol,Auto,3,307,Good,Abuja,15734886
Honda,2019,157983,Petrol,Auto,1.7,295,Good,Abuja,13394119
Honda,2024,17304,Petrol,Auto,2.3,85,Good,Abuja,14228872
Honda,2021,116804,Petrol,Auto,1.1,89,Good,Abuja,10722372
Honda,2019,179541,Petrol,Auto,1.4,91,Good,Abuja,10603213
Honda,2019,64261,Petrol,Auto,3.2,247,Good,Abuja,16570173
Honda,2018,113815,Petrol,Auto,2.2,268,Good,Abuja,14283295
Honda,2010,66757,Petrol,Auto,1.3,127,Good,Abuja,10202701
Honda,2021,43350,Petrol,Auto,3.6,340,Good,Abuja,18746550
Honda,2010,152276,Petrol,Auto,3.8,132,Good,Abuja,14654068
Honda,2011,199753,Petrol,Auto,3.3,106,Good,Abuja,13211729
Honda,2020,199011,Petrol,Auto,2.3,135,Good,Abuja,12856923
Honda,2011,61483,Petrol,Auto,4,125,Good,Abuja,15769619
Honda,2021,198109,Petrol,Auto,2.9,259,Good,Abuja,15453237
Honda,2015,144329,Petrol,Auto,3.8,83,Good,Abuja,14969697
Honda,2021,172425,Petrol,Auto,1.1,113,Good,Abuja,10573025
Honda,2017,188453,Petrol,Auto,3,273,Good,Abuja,15260829
Honda,2022,13224,Petrol,Auto,4,328,Good,Abuja,19787432
Honda,2018,77535,Petrol,Auto,2.6,232,Good,Abuja,14977255
Honda,2023,188370,Petrol,Auto,3.6,171,Good,Abuja,16341410
Honda,2012,87573,Petrol,Auto,2.7,226,Good,Abuja,14146989
Honda,2018,66663,Petrol,Auto,1.7,308,Good,Abuja,14013359
Honda,2018,171656,Petrol,Auto,1.1,170,Good,Abuja,10698408
Honda,2012,91457,Petrol,Auto,2.1,182,Good,Abuja,12479801
Honda,2017,111840,Petrol,Auto,1.7,303,Good,Abuja,13497120
Honda,2013,128557,Petrol,Auto,2.7,224,Good,Abuja,13990101
Honda,2013,194083,Petrol,Auto,3.8,84,Good,Abuja,14331419
Honda,2021,141418,Petrol,Auto,1.5,112,Good,Abuja,11580074
Honda,2017,148351,Petrol,Auto,3.3,140,Good,Abuja,14811543
Honda,2023,78657,Petrol,Auto,2,137,Good,Abuja,13569401
Honda,2022,50620,Petrol,Auto,4,86,Good,Abuja,17105660
Honda,2015,78977,Petrol,Auto,1.2,266,Good,Abuja,12057161
Honda,2021,150034,Petrol,Auto,3.9,306,Good,Abuja,18259762
Honda,2010,101060,Petrol,Auto,1,104,Good,Abuja,9132580
Honda,2019,76104,Petrol,Auto,1.4,227,Good,Abuja,12687272
Honda,2016,27517,Petrol,Auto,2.8,267,Good,Abuja,15777381
Honda,2019,68628,Petrol,Auto,2.5,216,Good,Abuja,14829604
Honda,2020,160711,Petrol,Auto,3.1,162,Good,Abuja,14995023
Honda,2015,71574,Petrol,Auto,3.5,273,Good,Abuja,16778982
Honda,2013,60958,Petrol,Auto,2.7,233,Good,Abuja,14553294
Honda,2018,165016,Petrol,Auto,1.1,227,Good,Abuja,11314888
Honda,2015,113475,Petrol,Auto,2.2,268,Good,Abuja,13835675
Honda,2013,76626,Petrol,Auto,2.7,237,Good,Abuja,14483618
Honda,2014,50914,Petrol,Auto,3,324,Good,Abuja,16283602
Honda,2019,72581,Petrol,Auto,2.6,319,Good,Abuja,16031933
Honda,2022,154430,Petrol,Auto,2.6,141,Good,Abuja,14128990
Honda,2013,171674,Petrol,Auto,3.1,327,Good,Abuja,15518282
Honda,2019,139221,Petrol,Auto,1.5,335,Good,Abuja,13525453
Honda,2010,90247,Petrol,Auto,1.8,259,Good,Abuja,12358271
Honda,2011,183352,Petrol,Auto,1.7,112,Good,Abuja,10186536
Honda,2017,58450,Petrol,Auto,3.8,247,Good,Abuja,17510850
Honda,2023,195142,Petrol,Auto,2.5,304,Good,Abuja,15424006
Honda,2019,71561,Petrol,Auto,2.9,131,Good,Abuja,14759073
Honda,2010,60385,Petrol,Auto,3.3,270,Good,Abuja,15677305
Honda,2022,87039,Petrol,Auto,3.2,91,Good,Abuja,15300727
Honda,2022,143856,Petrol,Auto,2.2,132,Good,Abuja,13313008
Honda,2012,156013,Petrol,Auto,1.2,169,Good,Abuja,10097909
Honda,2023,97647,Petrol,Auto,1.4,342,Good,Abuja,14286471
Honda,2016,36238,Petrol,Auto,2.9,327,Good,Abuja,16516334
Honda,2018,133314,Petrol,Auto,2.6,181,Good,Abuja,14076802
Honda,2011,127002,Petrol,Auto,2.1,85,Good,Abuja,11110986
Honda,2015,140886,Petrol,Auto,1.1,190,Good,Abuja,10663798
Honda,2021,112054,Petrol,Auto,1.7,85,Good,Abuja,11915622
Honda,2017,194844,Petrol,Auto,3.9,334,Good,Abuja,17626092
Honda,2010,111123,Petrol,Auto,1,197,Good,Abuja,9992139
Honda,2022,164527,Petrol,Auto,3.8,146,Good,Abuja,16508311
Honda,2011,101390,Petrol,Auto,2.2,182,Good,Abuja,12460270
Honda,2021,33169,Petrol,Auto,2.6,322,Good,Abuja,16637817
Honda,2021,60988,Petrol,Auto,2.7,314,Good,Abuja,16563084
Honda,2019,136029,Petrol,Auto,3.4,277,Good,Abuja,16767797
Honda,2011,110716,Petrol,Auto,2.3,230,Good,Abuja,13074988
Honda,2022,28686,Petrol,Auto,3,335,Good,Abuja,17749198
Honda,2016,78306,Petrol,Auto,3.2,293,Good,Abuja,16481858
Honda,2013,92599,Petrol,Auto,2.9,95,Good,Abuja,13351807
Honda,2010,144620,Petrol,Auto,3.2,231,Good,Abuja,14497660
BMW,2011,176802,Petrol,Auto,3.9,119,Good,Abuja,16902386
BMW,2021,93840,Petrol,Auto,1.6,92,Good,Abuja,14113120
BMW,2016,111718,Petrol,Auto,2.1,138,Good,Abuja,14697974
BMW,2018,103545,Petrol,Auto,1.1,340,Good,Abuja,15075185
BMW,2013,105444,Petrol,Auto,3.7,88,Good,Abuja,16991892
BMW,2022,67522,Petrol,Auto,2.3,176,Good,Abuja,16687346
BMW,2017,128219,Petrol,Auto,3.8,177,Good,Abuja,18522467
BMW,2021,107388,Petrol,Auto,2.2,166,Good,Abuja,15958284
BMW,2020,175859,Petrol,Auto,1.7,166,Good,Abuja,14328987
BMW,2010,132334,Petrol,Auto,1.4,251,Good,Abuja,13383662
BMW,2017,148903,Petrol,Auto,1.6,85,Good,Abuja,13057679
BMW,2021,69492,Petrol,Auto,2.9,113,Good,Abuja,17093556
BMW,2020,119195,Petrol,Auto,3.4,186,Good,Abuja,18325635
BMW,2012,46568,Petrol,Auto,3.1,165,Good,Abuja,16824024
BMW,2013,199729,Petrol,Auto,1.4,137,Good,Abuja,12221897
BMW,2013,191311,Petrol,Auto,1.7,205,Good,Abuja,13560823
BMW,2023,30356,Petrol,Auto,3.7,233,Good,Abuja,20467508
BMW,2022,193801,Petrol,Auto,3.8,251,Good,Abuja,19553393
BMW,2023,195309,Petrol,Auto,3,263,Good,Abuja,18212837
BMW,2014,122851,Petrol,Auto,3.7,317,Good,Abuja,19310043
BMW,2020,171584,Petrol,Auto,1.8,272,Good,Abuja,15618912
BMW,2018,38487,Petrol,Auto,2.2,102,Good,Abuja,15350591
BMW,2022,43753,Petrol,Auto,3.5,234,Good,Abuja,19833729
BMW,2017,42867,Petrol,Auto,1.3,335,Good,Abuja,15699931
BMW,2012,46453,Petrol,Auto,1.7,121,Good,Abuja,13584829
BMW,2019,146139,Petrol,Auto,2.9,277,Good,Abuja,17897027
BMW,2020,142054,Petrol,Auto,1.7,207,Good,Abuja,14975622
BMW,2013,98995,Petrol,Auto,2.1,117,Good,Abuja,14127035
BMW,2023,159093,Petrol,Auto,1.5,108,Good,Abuja,13916349
BMW,2015,49443,Petrol,Auto,3.3,201,Good,Abuja,18013899
BMW,2018,94995,Petrol,Auto,2.3,89,Good,Abuja,15025035
BMW,2024,51263,Petrol,Auto,3.3,310,Good,Abuja,20441159
BMW,2019,17205,Petrol,Auto,1.9,252,Good,Abuja,16549565
BMW,2023,116920,Petrol,Auto,2.5,184,Good,Abuja,16971560
BMW,2014,117268,Petrol,Auto,2.9,300,Good,Abuja,17579124
BMW,2017,92859,Petrol,Auto,2.5,304,Good,Abuja,17439987
BMW,2014,158946,Petrol,Auto,3.1,319,Good,Abuja,17877378
BMW,2014,44609,Petrol,Auto,2.3,251,Good,Abuja,16397737
BMW,2023,171805,Petrol,Auto,1.3,173,Good,Abuja,14077365
BMW,2012,177298,Petrol,Auto,2.6,262,Good,Abuja,15878914
BMW,2016,152648,Petrol,Auto,1.4,320,Good,Abuja,14831464
BMW,2011,83251,Petrol,Auto,2.5,297,Good,Abuja,16537243
BMW,2020,75019,Petrol,Auto,3.2,267,Good,Abuja,19044867
BMW,2024,168763,Petrol,Auto,3.9,99,Good,Abuja,18708659
BMW,2014,185625,Petrol,Auto,2.1,299,Good,Abuja,15490625
BMW,2023,22219,Petrol,Auto,1.9,95,Good,Abuja,15544467
BMW,2023,28882,Petrol,Auto,3.9,325,Good,Abuja,21797826
BMW,2010,40208,Petrol,Auto,3.2,315,Good,Abuja,18268544
BMW,2022,166058,Petrol,Auto,2.5,197,Good,Abuja,16607594
BMW,2018,47851,Petrol,Auto,1.2,251,Good,Abuja,14775043
BMW,2019,113094,Petrol,Auto,4,345,Good,Abuja,21008342
BMW,2012,154274,Petrol,Auto,3.7,256,Good,Abuja,18180082
BMW,2021,122217,Petrol,Auto,1.1,331,Good,Abuja,15304481
BMW,2024,199599,Petrol,Auto,1.8,179,Good,Abuja,15092807
BMW,2017,117041,Petrol,Auto,3.8,259,Good,Abuja,19420713
BMW,2010,144587,Petrol,Auto,1.1,238,Good,Abuja,12567891
BMW,2013,105159,Petrol,Auto,3.1,339,Good,Abuja,18303887
BMW,2012,197474,Petrol,Auto,1.1,183,Good,Abuja,11947682
BMW,2024,181549,Petrol,Auto,1.7,256,Good,Abuja,15789157
BMW,2013,30166,Petrol,Auto,3.2,224,Good,Abuja,17878838
BMW,2013,86039,Petrol,Auto,2.6,205,Good,Abuja,16097727
BMW,2010,11447,Petrol,Auto,2.3,124,Good,Abuja,14759871
BMW,2024,174937,Petrol,Auto,2.9,265,Good,Abuja,18325441
BMW,2018,88088,Petrol,Auto,2.9,245,Good,Abuja,17833384
BMW,2017,126145,Petrol,Auto,3.5,350,Good,Abuja,19666985
BMW,2014,85509,Petrol,Auto,1.7,331,Good,Abuja,15711437
BMW,2019,43882,Petrol,Auto,2.9,161,Good,Abuja,17452826
BMW,2018,117033,Petrol,Auto,3.4,266,Good,Abuja,18840769
BMW,2022,186422,Petrol,Auto,2.5,152,Good,Abuja,16015046
BMW,2020,106596,Petrol,Auto,3.6,290,Good,Abuja,19853828
BMW,2011,105489,Petrol,Auto,1.3,116,Good,Abuja,12171577
BMW,2016,69780,Petrol,Auto,3.8,175,Good,Abuja,18761540
BMW,2013,152324,Petrol,Auto,1.7,278,Good,Abuja,14563732
BMW,2021,165067,Petrol,Auto,2.5,228,Good,Abuja,16774531
BMW,2018,160297,Petrol,Auto,1.3,239,Good,Abuja,14067921
BMW,2014,115203,Petrol,Auto,1.3,84,Good,Abuja,12233579
BMW,2015,59432,Petrol,Auto,3.5,292,Good,Abuja,19253976
BMW,2023,24376,Petrol,Auto,2.1,224,Good,Abuja,17219368
BMW,2016,35810,Petrol,Auto,2.1,335,Good,Abuja,17199330
BMW,2018,129052,Petrol,Auto,2.4,299,Good,Abuja,17086636
BMW,2023,66284,Petrol,Auto,1.8,330,Good,Abuja,17386012
BMW,2013,86250,Petrol,Auto,3.4,112,Good,Abuja,16766250
BMW,2020,192397,Petrol,Auto,1.4,266,Good,Abuja,14613221
BMW,2020,97714,Petrol,Auto,2.4,255,Good,Abuja,17166002
BMW,2016,175615,Petrol,Auto,2.5,134,Good,Abuja,15010695
BMW,2019,85036,Petrol,Auto,2.3,109,Good,Abuja,15444748
BMW,2010,111949,Petrol,Auto,2.6,281,Good,Abuja,16226357
BMW,2020,155903,Petrol,Auto,3.9,286,Good,Abuja,20068679
BMW,2020,35185,Petrol,Auto,2.2,130,Good,Abuja,15953705
BMW,2021,73291,Petrol,Auto,3.9,154,Good,Abuja,19476963
BMW,2014,133014,Petrol,Auto,2.3,134,Good,Abuja,14608902
BMW,2017,117831,Petrol,Auto,2.7,319,Good,Abuja,17815183
BMW,2015,185518,Petrol,Auto,3.7,331,Good,Abuja,19161374
BMW,2015,24026,Petrol,Auto,3.6,298,Good,Abuja,19761818
BMW,2014,72755,Petrol,Auto,2.4,287,Good,Abuja,16760715
BMW,2021,133886,Petrol,Auto,2,145,Good,Abuja,15162798
BMW,2013,80558,Petrol,Auto,2,242,Good,Abuja,15306094
BMW,2013,92407,Petrol,Auto,2,183,Good,Abuja,14633151
BMW,2011,162569,Petrol,Auto,1.2,236,Good,Abuja,12772017
BMW,2021,63083,Petrol,Auto,3.7,306,Good,Abuja,20668419
BMW,2014,141077,Petrol,Auto,2.1,344,Good,Abuja,16252461
BMW,2015,25079,Petrol,Auto,3,124,Good,Abuja,16814447
BMW,2012,198868,Petrol,Auto,3.4,156,Good,Abuja,16267924
BMW,2019,46725,Petrol,Auto,2.5,124,Good,Abuja,16262925
BMW,2019,99028,Petrol,Auto,2.4,180,Good,Abuja,16256804
BMW,2016,79826,Petrol,Auto,2.6,304,Good,Abuja,17581218
BMW,2019,104475,Petrol,Auto,2.7,137,Good,Abuja,16388675
BMW,2012,126778,Petrol,Auto,2.8,173,Good,Abuja,15742554
BMW,2021,109710,Petrol,Auto,3.4,250,Good,Abuja,19182030
BMW,2024,192298,Petrol,Auto,3.1,305,Good,Abuja,19003914
BMW,2011,171329,Petrol,Auto,2,94,Good,Abuja,12890697
BMW,2016,11517,Petrol,Auto,1,235,Good,Abuja,14169381
BMW,2014,145145,Petrol,Auto,1.6,236,Good,Abuja,14143985
BMW,2019,164206,Petrol,Auto,2.1,227,Good,Abuja,15670558
BMW,2023,176489,Petrol,Auto,2.6,177,Good,Abuja,16684577
BMW,2014,146153,Petrol,Auto,3.6,292,Good,Abuja,18696929
BMW,2012,157116,Petrol,Auto,3.1,301,Good,Abuja,17410188
BMW,2014,124147,Petrol,Auto,1.1,247,Good,Abuja,13400971
BMW,2019,84819,Petrol,Auto,1.6,198,Good,Abuja,14936267
BMW,2020,129934,Petrol,Auto,2.5,183,Good,Abuja,16420462
BMW,2013,198933,Petrol,Auto,2.1,119,Good,Abuja,13447469
BMW,2011,134578,Petrol,Auto,3.8,125,Good,Abuja,17057954
BMW,2021,167887,Petrol,Auto,2.2,189,Good,Abuja,15764791
BMW,2021,146515,Petrol,Auto,2.3,191,Good,Abuja,16134395
BMW,2015,40813,Petrol,Auto,2,240,Good,Abuja,15864309
BMW,2015,122693,Petrol,Auto,2.9,129,Good,Abuja,15981149
BMW,2018,114677,Petrol,Auto,1.9,86,Good,Abuja,14057261
BMW,2012,56183,Petrol,Auto,1.6,196,Good,Abuja,14066719
BMW,2017,36199,Petrol,Auto,3.2,209,Good,Abuja,18286607
BMW,2022,168046,Petrol,Auto,1.9,334,Good,Abuja,16763678
BMW,2023,187411,Petrol,Auto,3.8,207,Good,Abuja,19308123
BMW,2011,42180,Petrol,Auto,2.1,314,Good,Abuja,16194740
BMW,2022,137109,Petrol,Auto,3.8,94,Good,Abuja,18380237
BMW,2019,142668,Petrol,Auto,2.5,182,Good,Abuja,16171324
BMW,2018,115708,Petrol,Auto,3.8,302,Good,Abuja,20010044
BMW,2013,115500,Petrol,Auto,3,106,Good,Abuja,15701500
BMW,2013,64188,Petrol,Auto,3.1,218,Good,Abuja,17380684
BMW,2021,71671,Petrol,Auto,2.8,245,Good,Abuja,18198303
BMW,2019,66162,Petrol,Auto,2.6,341,Good,Abuja,18496866
BMW,2021,44110,Petrol,Auto,2.9,124,Good,Abuja,17381230
BMW,2024,102163,Petrol,Auto,3.2,186,Good,Abuja,18644859
BMW,2018,77104,Petrol,Auto,1.1,270,Good,Abuja,14560272
BMW,2015,57068,Petrol,Auto,1.6,294,Good,Abuja,15490524
BMW,2019,161825,Petrol,Auto,1.1,310,Good,Abuja,14517225
BMW,2023,23748,Petrol,Auto,3,237,Good,Abuja,19153764
BMW,2023,23113,Petrol,Auto,3.2,188,Good,Abuja,19068209
BMW,2012,197210,Petrol,Auto,1.9,84,Good,Abuja,12559530
BMW,2017,199110,Petrol,Auto,1.8,205,Good,Abuja,14306230
BMW,2015,130407,Petrol,Auto,3,114,Good,Abuja,15977151
BMW,2014,111514,Petrol,Auto,1.7,196,Good,Abuja,14179402
BMW,2022,123159,Petrol,Auto,1.7,210,Good,Abuja,15437887
BMW,2012,148773,Petrol,Auto,2.1,84,Good,Abuja,13298589
BMW,2013,87078,Petrol,Auto,1.3,125,Good,Abuja,12690454
BMW,2024,184468,Petrol,Auto,1.8,220,Good,Abuja,15608724
BMW,2010,163787,Petrol,Auto,2.2,135,Good,Abuja,13603491
BMW,2018,85050,Petrol,Auto,3,136,Good,Abuja,16964650
BMW,2017,70998,Petrol,Auto,2.9,206,Good,Abuja,17413014
BMW,2014,145370,Petrol,Auto,2.9,320,Good,Abuja,17582410
BMW,2017,140550,Petrol,Auto,3.7,284,Good,Abuja,19306150
BMW,2022,165420,Petrol,Auto,3.6,248,Good,Abuja,19322060
BMW,2012,38775,Petrol,Auto,3.2,194,Good,Abuja,17368575
BMW,2017,150001,Petrol,Auto,2.9,130,Good,Abuja,16099993
BMW,2011,41507,Petrol,Auto,3.8,137,Good,Abuja,17829451
BMW,2011,142338,Petrol,Auto,1.2,261,Good,Abuja,13163634
BMW,2022,114681,Petrol,Auto,2.9,254,Good,Abuja,18337233
BMW,2016,10150,Petrol,Auto,1.1,249,Good,Abuja,14518950
BMW,2010,181778,Petrol,Auto,2.7,135,Good,Abuja,14477554
BMW,2020,172583,Petrol,Auto,4,166,Good,Abuja,18951919
BMW,2022,143799,Petrol,Auto,3,101,Good,Abuja,16803407
BMW,2014,133445,Petrol,Auto,2.4,90,Good,Abuja,14365885
BMW,2010,192649,Petrol,Auto,2.1,320,Good,Abuja,15051457
BMW,2023,75116,Petrol,Auto,1.3,199,Good,Abuja,15014188
BMW,2022,97691,Petrol,Auto,1.7,305,Good,Abuja,16566163
BMW,2016,49217,Petrol,Auto,2.8,311,Good,Abuja,18265481
BMW,2015,179924,Petrol,Auto,3.8,310,Good,Abuja,19190532
BMW,2015,15337,Petrol,Auto,2.7,105,Good,Abuja,16092641
BMW,2016,146860,Petrol,Auto,1.1,283,Good,Abuja,13901980
BMW,2023,63754,Petrol,Auto,2.8,324,Good,Abuja,19343722
BMW,2017,68382,Petrol,Auto,3.5,234,Good,Abuja,18911326
BMW,2024,157689,Petrol,Auto,3.7,111,Good,Abuja,18506177
BMW,2018,161301,Petrol,Auto,3.6,187,Good,Abuja,18140893
BMW,2020,71604,Petrol,Auto,3.5,321,Good,Abuja,20208772
BMW,2012,178965,Petrol,Auto,2.8,257,Good,Abuja,16217245
BMW,2017,20437,Petrol,Auto,3,81,Good,Abuja,16716941
BMW,2017,147995,Petrol,Auto,2.2,350,Good,Abuja,16914035
BMW,2019,48905,Petrol,Auto,1.8,205,Good,Abuja,15657665
BMW,2022,83931,Petrol,Auto,3.7,235,Good,Abuja,19962483
BMW,2023,113731,Petrol,Auto,2.2,123,Good,Abuja,15783883
BMW,2023,52446,Petrol,Auto,3.1,121,Good,Abuja,17992878
BMW,2012,161646,Petrol,Auto,3.8,124,Good,Abuja,17008478
BMW,2017,18921,Petrol,Auto,3.1,88,Good,Abuja,16997553
BMW,2021,25073,Petrol,Auto,1.4,178,Good,Abuja,15054489
BMW,2022,183537,Petrol,Auto,3.6,84,Good,Abuja,17555241
BMW,2023,63394,Petrol,Auto,2,278,Good,Abuja,17286242
BMW,2010,85681,Petrol,Auto,2.1,230,Good,Abuja,14900233
BMW,2016,106959,Petrol,Auto,2,232,Good,Abuja,15471287
BMW,2023,196552,Petrol,Auto,1.9,289,Good,Abuja,16264136
BMW,2021,51296,Petrol,Auto,3.8,209,Good,Abuja,19980928
BMW,2011,86732,Petrol,Auto,3.5,151,Good,Abuja,17052876
BMW,2021,127777,Petrol,Auto,2.6,338,Good,Abuja,18335561
BMW,2020,71270,Petrol,Auto,1.8,336,Good,Abuja,16961110
BMW,2023,196645,Petrol,Auto,2.6,232,Good,Abuja,17093485
BMW,2012,119147,Petrol,Auto,1.2,339,Good,Abuja,14255971
BMW,2010,182641,Petrol,Auto,1.3,236,Good,Abuja,12681513
BMW,2014,126587,Petrol,Auto,3.3,143,Good,Abuja,16743891
BMW,2018,117855,Petrol,Auto,3.3,173,Good,Abuja,17705015
BMW,2018,107399,Petrol,Auto,2.6,273,Good,Abuja,17378207
BMW,2024,13629,Petrol,Auto,3,145,Good,Abuja,18454597
BMW,2019,74122,Petrol,Auto,1.8,181,Good,Abuja,15241146
BMW,2023,69737,Petrol,Auto,3.1,341,Good,Abuja,20071841
BMW,2012,153619,Petrol,Auto,1.8,277,Good,Abuja,14594667
BMW,2014,120314,Petrol,Auto,2.9,158,Good,Abuja,16137802
BMW,2021,136372,Petrol,Auto,3.7,337,Good,Abuja,20465396
BMW,2013,191975,Petrol,Auto,4,214,Good,Abuja,18246175
BMW,2012,32901,Petrol,Auto,1.8,230,Good,Abuja,14969693
BMW,2016,169170,Petrol,Auto,2.3,248,Good,Abuja,15795810
BMW,2018,123034,Petrol,Auto,3,126,Good,Abuja,16598762
BMW,2012,143749,Petrol,Auto,1.9,299,Good,Abuja,15083757
BMW,2024,24822,Petrol,Auto,2.7,225,Good,Abuja,18576246
BMW,2014,82152,Petrol,Auto,2.2,95,Good,Abuja,14374936
BMW,2010,33339,Petrol,Auto,3.1,293,Good,Abuja,17896627
BMW,2018,68631,Petrol,Auto,1.4,279,Good,Abuja,15309583
BMW,2020,41157,Petrol,Auto,2.4,172,Good,Abuja,16731901
BMW,2010,172596,Petrol,Auto,1.8,270,Good,Abuja,14091828
BMW,2018,159771,Petrol,Auto,3.9,134,Good,Abuja,18221603
BMW,2012,47231,Petrol,Auto,1.5,214,Good,Abuja,14109383
BMW,2012,94286,Petrol,Auto,1.8,141,Good,Abuja,13649998
BMW,2015,143091,Petrol,Auto,2.4,192,Good,Abuja,15468363
BMW,2015,184189,Petrol,Auto,1.5,256,Good,Abuja,14020677
BMW,2021,137496,Petrol,Auto,3.1,219,Good,Abuja,18077528
BMW,2024,136685,Petrol,Auto,1.7,293,Good,Abuja,16473205
BMW,2024,16130,Petrol,Auto,3.9,120,Good,Abuja,19987090
BMW,2018,183196,Petrol,Auto,2.4,308,Good,Abuja,16797628
BMW,2020,170974,Petrol,Auto,4,149,Good,Abuja,18793182
BMW,2019,151859,Petrol,Auto,3.4,304,Good,Abuja,19126987
BMW,2023,34784,Petrol,Auto,1.6,93,Good,Abuja,14836512
BMW,2012,22317,Petrol,Auto,2.1,275,Good,Abuja,16093781
BMW,2018,196105,Petrol,Auto,3.2,272,Good,Abuja,17947265
BMW,2018,23179,Petrol,Auto,1.8,312,Good,Abuja,16757747
BMW,2019,32042,Petrol,Auto,2.6,213,Good,Abuja,17455706
BMW,2023,147923,Petrol,Auto,1.5,225,Good,Abuja,15164539
BMW,2017,21365,Petrol,Auto,3,173,Good,Abuja,17630445
BMW,2014,76817,Petrol,Auto,2.3,105,Good,Abuja,14712281
BMW,2022,170319,Petrol,Auto,2.6,130,Good,Abuja,16107767
BMW,2011,149050,Petrol,Auto,3.6,327,Good,Abuja,18576650
BMW,2024,148896,Petrol,Auto,3.8,297,Good,Abuja,20627728
BMW,2012,178222,Petrol,Auto,2.3,138,Good,Abuja,14032446
BMW,2011,197734,Petrol,Auto,3.7,200,Good,Abuja,17165862
BMW,2022,140994,Petrol,Auto,1.1,273,Good,Abuja,14743042
BMW,2020,170556,Petrol,Auto,2.5,193,Good,Abuja,16236108
BMW,2020,151686,Petrol,Auto,3.6,261,Good,Abuja,19248198
BMW,2015,78335,Petrol,Auto,3.1,279,Good,Abuja,18191655
BMW,2019,142452,Petrol,Auto,2.6,114,Good,Abuja,15692836
BMW,2022,124314,Petrol,Auto,4,344,Good,Abuja,21369802
BMW,2010,194304,Petrol,Auto,4,169,Good,Abuja,17329872
BMW,2022,128668,Petrol,Auto,1.8,192,Good,Abuja,15419324
BMW,2010,151989,Petrol,Auto,1,133,Good,Abuja,11266077
BMW,2019,114977,Petrol,Auto,3.7,281,Good,Abuja,19755161
BMW,2015,105123,Petrol,Auto,3.6,152,Good,Abuja,17734139
BMW,2015,189406,Petrol,Auto,2.5,191,Good,Abuja,15334158
BMW,2014,187781,Petrol,Auto,2.1,103,Good,Abuja,13515533
BMW,2014,155120,Petrol,Auto,3.2,220,Good,Abuja,17114160
BMW,2012,89763,Petrol,Auto,1.3,237,Good,Abuja,13641659
BMW,2021,56417,Petrol,Auto,3.6,167,Good,Abuja,19125081
BMW,2024,35546,Petrol,Auto,3.3,195,Good,Abuja,19401178
BMW,2020,142106,Petrol,Auto,1.2,228,Good,Abuja,14185258
BMW,2016,51033,Petrol,Auto,2.3,165,Good,Abuja,15792769
BMW,2020,126605,Petrol,Auto,2.5,302,Good,Abuja,17633765
BMW,2016,50020,Petrol,Auto,2.2,108,Good,Abuja,15029860
BMW,2012,146897,Petrol,Auto,1,154,Good,Abuja,11811721
BMW,2016,90749,Petrol,Auto,2.3,306,Good,Abuja,16924757
BMW,2022,79675,Petrol,Auto,2.1,237,Good,Abuja,16812275
BMW,2015,10672,Petrol,Auto,1.6,233,Good,Abuja,15205296
BMW,2013,150136,Petrol,Auto,1.9,234,Good,Abuja,14539048
BMW,2024,75151,Petrol,Auto,1.8,334,Good,Abuja,17513943
BMW,2023,182961,Petrol,Auto,3.2,160,Good,Abuja,17669273
BMW,2017,104938,Petrol,Auto,4,270,Good,Abuja,20015434
BMW,2011,180972,Petrol,Auto,3.9,212,Good,Abuja,17803196
BMW,2015,52452,Petrol,Auto,1,256,Good,Abuja,13942836
BMW,2014,62071,Petrol,Auto,1.7,233,Good,Abuja,14895503
BMW,2016,181196,Petrol,Auto,1.2,210,Good,Abuja,13131628
BMW,2010,145655,Petrol,Auto,3.3,293,Good,Abuja,17510415
BMW,2018,184173,Petrol,Auto,1.2,258,Good,Abuja,13890789
BMW,2022,75869,Petrol,Auto,2.4,339,Good,Abuja,18458917
BMW,2015,183473,Petrol,Auto,3.6,86,Good,Abuja,16525689
BMW,2017,125556,Petrol,Auto,2.9,231,Good,Abuja,17281108
BMW,2015,16493,Petrol,Auto,1.4,261,Good,Abuja,15044549
BMW,2016,96074,Petrol,Auto,2.7,270,Good,Abuja,17327482
BMW,2023,174041,Petrol,Auto,1.7,310,Good,Abuja,16231713
BMW,2016,192325,Petrol,Auto,1.8,193,Good,Abuja,14083725
BMW,2014,41585,Petrol,Auto,2.4,223,Good,Abuja,16338905
BMW,2013,45582,Petrol,Auto,1.5,234,Good,Abuja,14470926
BMW,2017,58187,Petrol,Auto,1.4,226,Good,Abuja,14702691
BMW,2024,191753,Petrol,Auto,1.5,331,Good,Abuja,16067729
BMW,2010,104775,Petrol,Auto,3.6,306,Good,Abuja,18526575
BMW,2010,187983,Petrol,Auto,2.1,190,Good,Abuja,13784119
BMW,2017,64771,Petrol,Auto,3.3,112,Good,Abuja,17316603
BMW,2015,185007,Petrol,Auto,1.6,246,Good,Kano,12914951
BMW,2012,61139,Petrol,Auto,2.9,246,Good,Kano,15932027
BMW,2014,139392,Petrol,Auto,2.2,249,Good,Kano,14314256
BMW,2022,63043,Petrol,Auto,1.2,299,Good,Kano,14548699
BMW,2014,120410,Petrol,Auto,3.7,229,Good,Kano,17247130
BMW,2011,25210,Petrol,Auto,3.2,198,Good,Kano,16153530
BMW,2019,55449,Petrol,Auto,3.2,197,Good,Kano,17131857
BMW,2010,117196,Petrol,Auto,2.6,149,Good,Kano,13669628
BMW,2014,49566,Petrol,Auto,1.2,141,Good,Kano,11863038
BMW,2010,172420,Petrol,Auto,3.4,221,Good,Kano,15603060
BMW,2019,43024,Petrol,Auto,2,306,Good,Kano,15908832
BMW,2021,183310,Petrol,Auto,2.9,311,Good,Kano,17076830
BMW,2016,167683,Petrol,Auto,2.9,182,Good,Kano,15146219
BMW,2013,117462,Petrol,Auto,2.7,256,Good,Kano,15387766
BMW,2015,18033,Petrol,Auto,1.9,269,Good,Kano,14913769
BMW,2021,166385,Petrol,Auto,3.3,192,Good,Kano,16805305
BMW,2019,58788,Petrol,Auto,1,278,Good,Kano,13518484
BMW,2016,167651,Petrol,Auto,1.5,201,Good,Kano,12536443
BMW,2015,132604,Petrol,Auto,2.2,123,Good,Kano,13251772
BMW,2019,174432,Petrol,Auto,1.8,268,Good,Kano,14208976
BMW,2018,92568,Petrol,Auto,2.5,108,Good,Kano,14432024
BMW,2011,11858,Petrol,Auto,3.2,340,Good,Kano,17666994
BMW,2018,17052,Petrol,Auto,3.2,98,Good,Kano,16260636
BMW,2023,23990,Petrol,Auto,2.4,266,Good,Kano,17042070
BMW,2010,178208,Petrol,Auto,3.2,262,Good,Kano,15572544
BMW,2020,186192,Petrol,Auto,3.3,330,Good,Kano,17896656
BMW,2016,60704,Petrol,Auto,1.9,173,Good,Kano,13805072
BMW,2013,33125,Petrol,Auto,2.1,319,Good,Kano,15408125
BMW,2021,31051,Petrol,Auto,3.4,133,Good,Kano,17362643
BMW,2017,94953,Petrol,Auto,3.9,154,Good,Kano,17525329
BMW,2018,166437,Petrol,Auto,2.4,100,Good,Kano,13634941
BMW,2018,60600,Petrol,Auto,2.8,177,Good,Kano,15945800
BMW,2023,156118,Petrol,Auto,1.4,338,Good,Kano,14837174
BMW,2016,72718,Petrol,Auto,3.2,103,Good,Kano,15620974
BMW,2010,91047,Petrol,Auto,1.3,155,Good,Kano,11312671
BMW,2012,20142,Petrol,Auto,1.6,223,Good,Kano,13389006
BMW,2014,194230,Petrol,Auto,3.7,217,Good,Kano,16610390
BMW,2013,47724,Petrol,Auto,3.2,256,Good,Kano,16875932
BMW,2015,28289,Petrol,Auto,2.8,273,Good,Kano,16681977
BMW,2019,110857,Petrol,Auto,3.3,309,Good,Kano,18064001
BMW,2016,70797,Petrol,Auto,1.3,265,Good,Kano,13454421
BMW,2010,154878,Petrol,Auto,3.8,145,Good,Kano,15765854
BMW,2018,109803,Petrol,Auto,2.2,200,Good,Kano,14631379
BMW,2016,92133,Petrol,Auto,1.9,332,Good,Kano,15175069
BMW,2021,101184,Petrol,Auto,3.6,160,Good,Kano,17541712
BMW,2017,124125,Petrol,Auto,2.5,334,Good,Kano,16321125
BMW,2016,184235,Petrol,Auto,4,308,Good,Kano,18490355
BMW,2014,73291,Petrol,Auto,3.5,89,Good,Kano,15776963
BMW,2017,149857,Petrol,Auto,3.5,144,Good,Kano,16241001
BMW,2015,117601,Petrol,Auto,1.2,238,Good,Kano,12506793
BMW,2021,108695,Petrol,Auto,3,330,Good,Kano,17989135
BMW,2022,126369,Petrol,Auto,2.3,325,Good,Kano,16565417
BMW,2010,118188,Petrol,Auto,1.2,219,Good,Kano,11562684
BMW,2011,113661,Petrol,Auto,1.6,325,Good,Kano,13604373
BMW,2016,98693,Petrol,Auto,1.8,261,Good,Kano,14219149
BMW,2023,156520,Petrol,Auto,2,283,Good,Kano,15484360
BMW,2010,19151,Petrol,Auto,3.3,167,Good,Kano,15935943
BMW,2017,138337,Petrol,Auto,3.4,337,Good,Kano,18051641
BMW,2016,17402,Petrol,Auto,1.2,322,Good,Kano,14198186
BMW,2020,31038,Petrol,Auto,2.5,242,Good,Kano,16502734
BMW,2017,65689,Petrol,Auto,1.9,126,Good,Kano,13450177
BMW,2020,198362,Petrol,Auto,1.6,249,Good,Kano,13601466
BMW,2021,176224,Petrol,Auto,2.7,192,Good,Kano,15536432
BMW,2011,49760,Petrol,Auto,3.6,212,Good,Kano,16921680
BMW,2021,92738,Petrol,Auto,2.5,284,Good,Kano,16640834
BMW,2010,170698,Petrol,Auto,2.3,251,Good,Kano,13715114
BMW,2015,152116,Petrol,Auto,2.6,132,Good,Kano,14005188
BMW,2013,107579,Petrol,Auto,3.1,179,Good,Kano,15486947
BMW,2021,122338,Petrol,Auto,2.2,203,Good,Kano,15023634
BMW,2011,130400,Petrol,Auto,3.9,128,Good,Kano,16117200
BMW,2024,182841,Petrol,Auto,4,247,Good,Kano,19090113
BMW,2021,80839,Petrol,Auto,1.3,118,Good,Kano,12664127
BMW,2015,168259,Petrol,Auto,3.5,141,Good,Kano,15782187
BMW,2021,36362,Petrol,Auto,2.6,331,Good,Kano,17705466
BMW,2019,32371,Petrol,Auto,3.3,148,Good,Kano,17003403
BMW,2015,87526,Petrol,Auto,3.8,179,Good,Kano,17327318
BMW,2022,140594,Petrol,Auto,1.6,332,Good,Kano,15135842
BMW,2020,43804,Petrol,Auto,2.2,320,Good,Kano,16593372
BMW,2023,189119,Petrol,Auto,3.2,319,Good,Kano,18016167
BMW,2012,140946,Petrol,Auto,1.2,145,Good,Kano,10963378
BMW,2012,60210,Petrol,Auto,1.3,187,Good,Kano,12148530
BMW,2015,137682,Petrol,Auto,1.6,237,Good,Kano,13156226
BMW,2023,104137,Petrol,Auto,3.8,170,Good,Kano,18321041
BMW,2013,92859,Petrol,Auto,3,315,Good,Kano,16749987
BMW,2011,176754,Petrol,Auto,1.4,140,Good,Kano,10912722
BMW,2018,94284,Petrol,Auto,3.9,270,Good,Kano,18840012
BMW,2019,40080,Petrol,Auto,1.9,238,Good,Jigawa,13749440
BMW,2011,70890,Petrol,Auto,1.7,92,Good,Jigawa,10473770
BMW,2023,24824,Petrol,Auto,3.4,288,Good,Jigawa,17956232
BMW,2020,11111,Petrol,Auto,1.6,94,Good,Jigawa,12062223
BMW,2011,175551,Petrol,Auto,1,250,Good,Jigawa,9921143
BMW,2017,128109,Petrol,Auto,1.3,171,Good,Jigawa,10963237
BMW,2014,84138,Petrol,Auto,1.3,220,Good,Jigawa,11311034
BMW,2010,83594,Petrol,Auto,2.1,328,Good,Jigawa,13394842
BMW,2022,194907,Petrol,Auto,3.1,306,Good,Jigawa,16195651
BMW,2019,67790,Petrol,Auto,3.6,270,Good,Jigawa,17275470
BMW,2017,60822,Petrol,Auto,1.5,82,Good,Jigawa,10944246
BMW,2010,73413,Petrol,Auto,1.6,127,Good,Jigawa,10456109
BMW,2022,46066,Petrol,Auto,3.3,334,Good,Jigawa,17917538
BMW,2022,156784,Petrol,Auto,1.2,321,Good,Jigawa,12812512
BMW,2014,54033,Petrol,Auto,2.8,315,Good,Jigawa,15471769
BMW,2014,187526,Petrol,Auto,2.9,170,Good,Jigawa,13287318
BMW,2013,107172,Petrol,Auto,1.9,217,Good,Jigawa,12169796
BMW,2020,187599,Petrol,Auto,3,209,Good,Jigawa,14776807
BMW,2018,25727,Petrol,Auto,2.2,170,Good,Jigawa,13619911
BMW,2024,156286,Petrol,Auto,1.3,166,Good,Jigawa,11765998
BMW,2011,28668,Petrol,Auto,3.8,337,Good,Jigawa,17419324
BMW,2022,62551,Petrol,Auto,1.7,198,Good,Jigawa,13242143
BMW,2024,137684,Petrol,Auto,3.3,127,Good,Jigawa,15506212
BMW,2020,98457,Petrol,Auto,3.9,126,Good,Jigawa,16370801
BMW,2020,196879,Petrol,Auto,2.5,112,Good,Jigawa,12741847
BMW,2019,193187,Petrol,Auto,2.7,224,Good,Jigawa,14137691
BMW,2020,165817,Petrol,Auto,3,314,Good,Jigawa,15979281
BMW,2021,156244,Petrol,Auto,2.2,234,Good,Jigawa,13796292
BMW,2010,18055,Petrol,Auto,2.9,111,Good,Jigawa,13283615
BMW,2018,114866,Petrol,Auto,2.3,289,Good,Jigawa,14385938
BMW,2022,103644,Petrol,Auto,2.3,335,Good,Jigawa,15524492
BMW,2011,163325,Petrol,Auto,3.1,296,Good,Jigawa,14666725
BMW,2010,81146,Petrol,Auto,3.6,203,Good,Jigawa,15161978
BMW,2017,73754,Petrol,Auto,3.3,222,Good,Jigawa,15853722
BMW,2023,69935,Petrol,Auto,1.6,232,Good,Jigawa,13480455
BMW,2013,141412,Petrol,Auto,2.2,188,Good,Jigawa,12240116
BMW,2016,188002,Petrol,Auto,1.3,129,Good,Jigawa,9973986
BMW,2024,24806,Petrol,Auto,3.1,226,Good,Jigawa,16886358
BMW,2016,106143,Petrol,Auto,3.7,141,Good,Jigawa,15466999
BMW,2018,94713,Petrol,Auto,3.2,350,Good,Jigawa,16937009
BMW,2010,123639,Petrol,Auto,2.3,274,Good,Jigawa,12974527
BMW,2010,19805,Petrol,Auto,1.8,181,Good,Jigawa,11771365
BMW,2023,21592,Petrol,Auto,2,243,Good,Jigawa,14728856
BMW,2011,171135,Petrol,Auto,3.1,189,Good,Jigawa,13542055
BMW,2017,177352,Petrol,Auto,1.6,250,Good,Jigawa,12008536
BMW,2014,97567,Petrol,Auto,2.7,239,Good,Jigawa,14207031
BMW,2016,39264,Petrol,Auto,3,181,Good,Jigawa,14935152
BMW,2017,145428,Petrol,Auto,3.8,121,Good,Jigawa,15342004
BMW,2011,91089,Petrol,Auto,3.9,101,Good,Jigawa,14822377
BMW,2013,119415,Petrol,Auto,3.3,190,Good,Jigawa,14614095
BMW,2011,78980,Petrol,Auto,1.3,111,Good,Jigawa,9807140
BMW,2019,177748,Petrol,Auto,2.3,98,Good,Jigawa,12185764
BMW,2014,122689,Petrol,Auto,2.7,106,Good,Jigawa,12701177
BMW,2018,64130,Petrol,Auto,3.7,229,Good,Jigawa,16941090
BMW,2012,31287,Petrol,Auto,3.5,239,Good,Jigawa,15970991
BMW,2011,34786,Petrol,Auto,1.3,141,Good,Jigawa,10416498
BMW,2013,44333,Petrol,Auto,1.4,144,Good,Jigawa,10879669
BMW,2011,118153,Petrol,Auto,1.5,245,Good,Jigawa,11272929
BMW,2022,47609,Petrol,Auto,2.7,348,Good,Jigawa,16846737
BMW,2018,55785,Petrol,Auto,3.9,273,Good,Jigawa,17839505
BMW,2024,27447,Petrol,Auto,1.1,91,Good,Jigawa,11517871
BMW,2019,176454,Petrol,Auto,1.1,118,Good,Jigawa,9994822
BMW,2015,156734,Petrol,Auto,3.7,162,Good,Jigawa,15172862
BMW,2020,128956,Petrol,Auto,2.4,312,Good,Jigawa,15017308
BMW,2024,18862,Petrol,Auto,3.8,105,Good,Jigawa,17117966
BMW,2018,46928,Petrol,Auto,3.6,253,Good,Jigawa,17101504
BMW,2021,84785,Petrol,Auto,3.6,258,Good,Jigawa,17336505
BMW,2016,79301,Petrol,Auto,2.5,324,Good,Jigawa,15084893
BMW,2021,112174,Petrol,Auto,1.3,106,Good,Jigawa,11024782
BMW,2016,133129,Petrol,Auto,1.9,126,Good,Jigawa,11528097
BMW,2022,127937,Petrol,Auto,1,158,Good,Jigawa,10984441
BMW,2011,177996,Petrol,Auto,1.6,300,Good,Jigawa,11604028
BMW,2022,83067,Petrol,Auto,3.8,296,Good,Jigawa,18278531
BMW,2010,38558,Petrol,Auto,3.2,210,Good,Jigawa,14730094
BMW,2012,188168,Petrol,Auto,1.6,208,Good,Jigawa,10762824
BMW,2010,132854,Petrol,Auto,1.6,254,Good,Jigawa,11310022
BMW,2015,187122,Petrol,Auto,2.1,251,Good,Jigawa,12650146
BMW,2018,161489,Petrol,Auto,3,239,Good,Jigawa,14959577
BMW,2017,82318,Petrol,Auto,1.5,318,Good,Jigawa,13153774
BMW,2023,116108,Petrol,Auto,3.1,236,Good,Jigawa,16197244
BMW,2016,138423,Petrol,Auto,1.7,272,Good,Jigawa,12551039
BMW,2014,90697,Petrol,Auto,3.1,208,Good,Jigawa,14745121
BMW,2011,186664,Petrol,Auto,3.8,218,Good,Jigawa,15123352
BMW,2019,24690,Petrol,Auto,2.1,113,Good,Jigawa,13007170
BMW,2021,179570,Petrol,Auto,3.7,210,Good,Jigawa,16393010
BMW,2019,167735,Petrol,Auto,1.7,142,Good,Jigawa,11495855
BMW,2023,106060,Petrol,Auto,1.9,236,Good,Jigawa,13867580
BMW,2016,42953,Petrol,Auto,3,262,Good,Jigawa,15719329
BMW,2019,196086,Petrol,Auto,3.3,174,Good,Jigawa,14817398
BMW,2015,143998,Petrol,Auto,1.2,135,Good,Jigawa,9992014
BMW,2021,117981,Petrol,Auto,1.6,174,Good,Jigawa,12264133
BMW,2022,48830,Petrol,Auto,2.6,194,Good,Jigawa,15098190
BMW,2021,197611,Petrol,Auto,1.9,184,Good,Jigawa,12406723
BMW,2021,66411,Petrol,Auto,1.6,334,Good,Jigawa,14225123
BMW,2017,154577,Petrol,Auto,3.2,336,Good,Jigawa,16227961
BMW,2015,93815,Petrol,Auto,1.5,106,Good,Jigawa,10653295
BMW,2010,77396,Petrol,Auto,1.8,190,Good,Jigawa,11458228
BMW,2023,108300,Petrol,Auto,1,136,Good,Jigawa,11051900
BMW,2016,14947,Petrol,Auto,1.4,98,Good,Jigawa,11075371
BMW,2010,78551,Petrol,Auto,1,337,Good,Jigawa,11320143
BMW,2017,116110,Petrol,Auto,4,159,Good,Jigawa,16327230
BMW,2010,67507,Petrol,Auto,3,189,Good,Jigawa,13917451
BMW,2012,172359,Petrol,Auto,1.2,294,Good,Jigawa,10933487
BMW,2013,97226,Petrol,Auto,1.2,235,Good,Jigawa,11019418
BMW,2012,127220,Petrol,Auto,1.5,134,Good,Jigawa,10249460
BMW,2013,66343,Petrol,Auto,3.4,116,Good,Jigawa,14445599
BMW,2016,152559,Petrol,Auto,3.2,153,Good,Jigawa,14262087
BMW,2022,11523,Petrol,Auto,3.3,165,Good,Jigawa,16469339
BMW,2024,135770,Petrol,Auto,3.4,324,Good,Jigawa,17689610
BMW,2020,16894,Petrol,Auto,3.7,317,Good,Jigawa,18451742
BMW,2012,48948,Petrol,Auto,3.4,91,Good,Jigawa,14167364
BMW,2015,137523,Petrol,Auto,3.8,349,Good,Jigawa,17377339
BMW,2011,148028,Petrol,Auto,2.5,206,Good,Jigawa,12673804
BMW,2014,189814,Petrol,Auto,2.3,341,Good,Jigawa,13781302
BMW,2016,22493,Petrol,Auto,2.9,162,Good,Jigawa,14662549
BMW,2016,142030,Petrol,Auto,1.9,340,Good,Jigawa,13605790
BMW,2023,68761,Petrol,Auto,1.1,200,Good,Jigawa,12168673
BMW,2015,45638,Petrol,Auto,2.6,242,Good,Jigawa,14550534
BMW,2018,90119,Petrol,Auto,1.3,110,Good,Jigawa,10769167
BMW,2011,172985,Petrol,Auto,1.4,141,Good,Jigawa,9649105
BMW,2013,161570,Petrol,Auto,3.4,222,Good,Jigawa,14839010
BMW,2015,105925,Petrol,Auto,1.9,312,Good,Jigawa,13428525
BMW,2016,17462,Petrol,Auto,2.1,82,Good,Jigawa,12297766
BMW,2012,89069,Petrol,Auto,3.2,210,Good,Jigawa,14676517
BMW,2010,78029,Petrol,Auto,1.3,193,Good,Jigawa,10483797
BMW,2021,71545,Petrol,Auto,3.1,133,Good,Jigawa,15179185
BMW,2017,19219,Petrol,Auto,2.2,286,Good,Jigawa,14675467
BMW,2023,23867,Petrol,Auto,1.6,310,Good,Jigawa,14582931
BMW,2014,25411,Petrol,Auto,3.9,165,Good,Jigawa,16372123
BMW,2023,11368,Petrol,Auto,3.5,263,Good,Jigawa,18000424
BMW,2024,39761,Petrol,Auto,1.2,99,Good,Jigawa,11711673
BMW,2021,116002,Petrol,Auto,2.6,215,Good,Jigawa,14687986
BMW,2016,62340,Petrol,Auto,1.7,342,Good,Jigawa,13783620
BMW,2023,182842,Petrol,Auto,4,129,Good,Jigawa,16460106
BMW,2020,189814,Petrol,Auto,1.7,321,Good,Jigawa,13281302
BMW,2023,100716,Petrol,Auto,2,212,Good,Jigawa,13864988
BMW,2012,84211,Petrol,Auto,2.2,266,Good,Jigawa,13270523
BMW,2024,124508,Petrol,Auto,2.7,132,Good,Jigawa,14448444
BMW,2024,122831,Petrol,Auto,1.2,167,Good,Jigawa,11810183
BMW,2024,186048,Petrol,Auto,1.9,211,Good,Jigawa,13207664
BMW,2012,156675,Petrol,Auto,1.5,337,Good,Jigawa,12073275
BMW,2018,173726,Petrol,Auto,3.2,107,Good,Jigawa,13953918
BMW,2013,176188,Petrol,Auto,1.1,339,Good,Jigawa,11306684
BMW,2013,125796,Petrol,Auto,1.1,192,Good,Jigawa,10189428
BMW,2010,122428,Petrol,Auto,2.4,322,Good,Jigawa,13663004
BMW,2016,157072,Petrol,Auto,2.6,326,Good,Jigawa,14760496
BMW,2019,12963,Petrol,Auto,2.5,314,Good,Jigawa,15899259
BMW,2014,44482,Petrol,Auto,2.4,225,Good,Jigawa,13838626
BMW,2022,28991,Petrol,Auto,3.3,286,Good,Jigawa,17557063
BMW,2024,35160,Petrol,Auto,2.3,183,Good,Jigawa,14783880
BMW,2020,159474,Petrol,Auto,1.2,202,Good,Jigawa,11303682
BMW,2014,107615,Petrol,Auto,1.4,258,Good,Jigawa,11726695
BMW,2019,51282,Petrol,Auto,1.6,117,Good,Jigawa,11861026
BMW,2020,37192,Petrol,Auto,2.6,331,Good,Jigawa,16249656
BMW,2013,86384,Petrol,Auto,3.1,211,Good,Jigawa,14655312
BMW,2019,11500,Petrol,Auto,3.3,195,Good,Jigawa,16319500
BMW,2011,134204,Petrol,Auto,2.6,203,Good,Jigawa,12940572
BMW,2016,91088,Petrol,Auto,1.1,99,Good,Jigawa,9952384
BMW,2022,48932,Petrol,Auto,2.7,237,Good,Jigawa,15727476
BMW,2021,18337,Petrol,Auto,2.4,224,Good,Jigawa,15061641
BMW,2013,86435,Petrol,Auto,2.1,232,Good,Jigawa,12864955
BMW,2012,27653,Petrol,Auto,3.6,261,Good,Jigawa,16416429
BMW,2011,50501,Petrol,Auto,2.6,236,Good,Jigawa,13856493
BMW,2010,177976,Petrol,Auto,3.1,297,Good,Jigawa,14424168
BMW,2013,73873,Petrol,Auto,2.1,152,Good,Jigawa,12152889
BMW,2021,183218,Petrol,Auto,3.2,96,Good,Jigawa,14227474
BMW,2024,65217,Petrol,Auto,2.3,283,Good,Jigawa,15573481
BMW,2021,103501,Petrol,Auto,2.7,216,Good,Jigawa,14985493
BMW,2023,120200,Petrol,Auto,3.9,306,Good,Jigawa,18468600
BMW,2020,63857,Petrol,Auto,2.3,314,Good,Jigawa,15293001
BMW,2021,123277,Petrol,Auto,3.9,261,Good,Jigawa,17697061
BMW,2018,38715,Petrol,Auto,3.1,285,Good,Jigawa,16478995
BMW,2018,194019,Petrol,Auto,1.3,328,Good,Jigawa,12221867
BMW,2016,139437,Petrol,Auto,2,209,Good,Jigawa,12513941
BMW,2017,165363,Petrol,Auto,3.5,146,Good,Jigawa,14852459
BMW,2012,29987,Petrol,Auto,2.2,179,Good,Jigawa,12780091
BMW,2023,13549,Petrol,Auto,1.9,120,Good,Jigawa,13355157
BMW,2024,118102,Petrol,Auto,2.6,95,Good,Jigawa,13923286
BMW,2021,72647,Petrol,Auto,3.1,317,Good,Jigawa,17011471
BMW,2020,53441,Petrol,Auto,1.6,147,Good,Jigawa,12295913
BMW,2018,160966,Petrol,Auto,3.6,145,Good,Jigawa,15223238
BMW,2023,192390,Petrol,Auto,2.6,137,Good,Jigawa,13673270
BMW,2023,37028,Petrol,Auto,2.1,176,Good,Jigawa,14150804
BMW,2023,113352,Petrol,Auto,2.5,216,Good,Jigawa,14816536
BMW,2011,106099,Petrol,Auto,3,95,Good,Jigawa,12857307
BMW,2019,67819,Petrol,Auto,1.3,336,Good,Jigawa,13335267
BMW,2022,47763,Petrol,Auto,2.5,284,Good,Jigawa,15805659
BMW,2010,122492,Petrol,Auto,3.2,348,Good,Jigawa,15522556
BMW,2022,81568,Petrol,Auto,3.1,187,Good,Jigawa,15799024
BMW,2024,174444,Petrol,Auto,3.8,269,Good,Jigawa,17668892
BMW,2018,29187,Petrol,Auto,1.9,331,Good,Jigawa,14605691
BMW,2015,77656,Petrol,Auto,3.9,249,Good,Jigawa,16996408
BMW,2014,12351,Petrol,Auto,2.6,249,Good,Jigawa,14703543
BMW,2024,81545,Petrol,Auto,3.6,136,Good,Jigawa,16589185
BMW,2014,92637,Petrol,Auto,2.9,123,Good,Jigawa,13481541
BMW,2018,142809,Petrol,Auto,2.4,218,Good,Jigawa,13680337
BMW,2011,145943,Petrol,Auto,2.6,289,Good,Jigawa,13718399
BMW,2015,162244,Petrol,Auto,3.1,133,Good,Jigawa,13644292
BMW,2022,13401,Petrol,Auto,1.5,306,Good,Jigawa,14266193
BMW,2010,98453,Petrol,Auto,1.7,120,Good,Jigawa,10410829
BMW,2012,174800,Petrol,Auto,2.6,196,Good,Jigawa,12736400
BMW,2024,11454,Petrol,Auto,2.7,275,Good,Jigawa,16669822
BMW,2016,51725,Petrol,Auto,1.4,266,Good,Jigawa,12497925
BMW,2021,159208,Petrol,Auto,3.5,148,Good,Jigawa,15515544
BMW,2016,71559,Petrol,Auto,1.8,166,Good,Jigawa,12159087
BMW,2016,91324,Petrol,Auto,2.6,213,Good,Jigawa,14090732
BMW,2011,152497,Petrol,Auto,2.1,155,Good,Jigawa,11332521
BMW,2020,129013,Petrol,Auto,1.5,133,Good,Jigawa,11426909
BMW,2016,107330,Petrol,Auto,3,230,Good,Jigawa,14948690
BMW,2016,156332,Petrol,Auto,1.2,249,Good,Jigawa,11195676
BMW,2024,144788,Petrol,Auto,1.1,319,Good,Jigawa,12976484
BMW,2011,78702,Petrol,Auto,1.3,153,Good,Jigawa,10229086
BMW,2012,45677,Petrol,Auto,3.5,86,Good,Jigawa,14340261
BMW,2010,142720,Petrol,Auto,1,322,Good,Jigawa,10720960
BMW,2010,78157,Petrol,Auto,1.8,298,Good,Jigawa,12532901
BMW,2015,145195,Petrol,Auto,3.4,128,Good,Jigawa,14313635
BMW,2015,104570,Petrol,Auto,3.2,108,Good,Jigawa,13998010
BMW,2011,197345,Petrol,Auto,1.1,215,Good,Jigawa,9618585
BMW,2024,34041,Petrol,Auto,1.3,167,Good,Jigawa,12631713
BMW,2024,182357,Petrol,Auto,1.8,152,Good,Jigawa,12443501
BMW,2014,166672,Petrol,Auto,2.5,329,Good,Jigawa,14223296
BMW,2013,172729,Petrol,Auto,2.8,207,Good,Jigawa,13410897
BMW,2020,96026,Petrol,Auto,2.2,172,Good,Jigawa,13447818
BMW,2022,186890,Petrol,Auto,2.9,282,Good,Jigawa,15611770
BMW,2023,173744,Petrol,Auto,3.3,283,Good,Jigawa,16663792
BMW,2021,149017,Petrol,Auto,2,129,Good,Jigawa,12396881
BMW,2023,49988,Petrol,Auto,1.2,236,Good,Jigawa,12860084
BMW,2024,100003,Petrol,Auto,2.1,341,Good,Jigawa,15509979
BMW,2022,47981,Petrol,Auto,2.1,207,Good,Jigawa,14234133
BMW,2021,103911,Petrol,Auto,1.3,149,Good,Jigawa,11512623
BMW,2015,154315,Petrol,Auto,3.6,318,Good,Jigawa,16549795
BMW,2022,173764,Petrol,Auto,2.7,231,Good,Jigawa,14793652
BMW,2012,181106,Petrol,Auto,2.1,222,Good,Jigawa,11952258
BMW,2012,32209,Petrol,Auto,1.1,338,Good,Jigawa,12154537
BMW,2015,152530,Petrol,Auto,1.6,229,Good,Jigawa,11672290
BMW,2011,72130,Petrol,Auto,2.7,346,Good,Jigawa,15005090
BMW,2020,177412,Petrol,Auto,2.5,179,Good,Jigawa,13548116
BMW,2015,70539,Petrol,Auto,2.8,187,Good,Jigawa,14226227
BMW,2013,127785,Petrol,Auto,2.4,324,Good,Jigawa,14095505
BMW,2012,33515,Petrol,Auto,3.8,103,Good,Jigawa,15195395
BMW,2013,162533,Petrol,Auto,2.3,293,Good,Jigawa,13342269
BMW,2015,77015,Petrol,Auto,3.6,229,Good,Jigawa,16200895
BMW,2022,22109,Petrol,Auto,3,322,Good,Jigawa,17365237
BMW,2020,169357,Petrol,Auto,2.6,303,Good,Jigawa,15044501
BMW,2021,126858,Petrol,Auto,1.5,258,Good,Jigawa,12841994
BMW,2024,14633,Petrol,Auto,3.7,246,Good,Jigawa,18357569
BMW,2013,157363,Petrol,Auto,2.1,91,Good,Jigawa,10958459
BMW,2017,26100,Petrol,Auto,1.5,302,Good,Jigawa,13387300
BMW,2012,144913,Petrol,Auto,1,168,Good,Jigawa,9465609
BMW,2023,177214,Petrol,Auto,3.9,348,Good,Jigawa,18489502
BMW,2015,169162,Petrol,Auto,1.2,341,Good,Jigawa,11875866
BMW,2024,92241,Petrol,Auto,2.3,238,Good,Jigawa,14934313
BMW,2021,30789,Petrol,Auto,1.9,130,Good,Jigawa,13034477
BMW,2023,108177,Petrol,Auto,1.8,279,Good,Jigawa,14082761
BMW,2021,14537,Petrol,Auto,2.3,149,Good,Jigawa,14138241
BMW,2018,74555,Petrol,Auto,2.4,139,Good,Jigawa,13368115
BMW,2023,117681,Petrol,Auto,3.8,344,Good,Jigawa,18666233
BMW,2017,52389,Petrol,Auto,2,312,Good,Jigawa,14303277
BMW,2016,27629,Petrol,Auto,2.2,343,Good,Jigawa,15036597
BMW,2012,87896,Petrol,Auto,2.5,231,Good,Jigawa,13494728
BMW,2024,84058,Petrol,Auto,3,263,Good,Jigawa,16641594
BMW,2023,62167,Petrol,Auto,3.8,168,Good,Jigawa,17294831
BMW,2016,62871,Petrol,Auto,1.9,298,Good,Jigawa,13739903
BMW,2022,167318,Petrol,Auto,3.7,165,Good,Jigawa,16178774
BMW,2010,131477,Petrol,Auto,2.5,303,Good,Jigawa,13609661
BMW,2021,55684,Petrol,Auto,1.1,180,Good,Jigawa,11760212
BMW,2018,173090,Petrol,Auto,2.8,329,Good,Jigawa,15378370
BMW,2022,42040,Petrol,Auto,1.3,90,Good,Jigawa,11505720
BMW,2023,33282,Petrol,Auto,2.7,122,Good,Jigawa,14837026
BMW,2018,95771,Petrol,Auto,2.3,278,Good,Jigawa,14409603
BMW,2023,57677,Petrol,Auto,3.8,310,Good,Jigawa,18746261
BMW,2017,196892,Petrol,Auto,2.7,180,Good,Jigawa,13371756
BMW,2013,114446,Petrol,Auto,3.8,308,Good,Jigawa,16828878
BMW,2012,133428,Petrol,Auto,2.8,149,Good,Jigawa,12956004
BMW,2012,138999,Petrol,Auto,3.8,156,Good,Jigawa,14987007
BMW,2016,107396,Petrol,Auto,2.7,192,Good,Jigawa,13968228
BMW,2021,79097,Petrol,Auto,2.7,244,Good,Jigawa,15436321
BMW,2016,89505,Petrol,Auto,1.9,159,Good,Jigawa,12163465
BMW,2020,103918,Petrol,Auto,2.5,234,Good,Jigawa,14612574
BMW,2016,43343,Petrol,Auto,1.1,313,Good,Jigawa,12426599
BMW,2019,192401,Petrol,Auto,3.2,119,Good,Jigawa,14093193
BMW,2013,72643,Petrol,Auto,2.2,206,Good,Jigawa,12901499
BMW,2018,100279,Petrol,Auto,2.9,238,Good,Jigawa,15178047
BMW,2022,151729,Petrol,Auto,1.7,275,Good,Jigawa,13387897
BMW,2016,174418,Petrol,Auto,3.9,161,Good,Jigawa,15589074
BMW,2011,94560,Petrol,Auto,2.8,88,Good,Jigawa,12468080
BMW,2024,133250,Petrol,Auto,3.2,183,Good,Jigawa,15897250
BMW,2019,141025,Petrol,Auto,2,269,Good,Jigawa,13552825
BMW,2017,156978,Petrol,Auto,3.1,215,Good,Jigawa,14801154
BMW,2022,37917,Petrol,Auto,2.9,173,Good,Jigawa,15564581
BMW,2013,22957,Petrol,Auto,1.2,216,Good,Jigawa,11349301
BMW,2021,64916,Petrol,Auto,2.8,172,Good,Jigawa,15015588
BMW,2011,45690,Petrol,Auto,1.4,225,Good,Jigawa,11380170
BMW,2015,161555,Petrol,Auto,3.8,171,Good,Jigawa,15429115
BMW,2018,116601,Petrol,Auto,3.4,319,Good,Jigawa,16873793
BMW,2022,191650,Petrol,Auto,1.5,222,Good,Jigawa,12178450
BMW,2016,180758,Petrol,Auto,2.4,295,Good,Jigawa,13884694
BMW,2019,186838,Petrol,Auto,1.8,313,Good,Jigawa,13272134
BMW,2014,86826,Petrol,Auto,2.6,103,Good,Jigawa,12722218
BMW,2017,114000,Petrol,Auto,2.2,131,Good,Jigawa,12462000
BMW,2022,98844,Petrol,Auto,2.5,326,Good,Jigawa,15868092
BMW,2021,113519,Petrol,Auto,3.7,225,Good,Jigawa,17005367
BMW,2023,156609,Petrol,Auto,3.1,84,Good,Jigawa,14393737
BMW,2010,48581,Petrol,Auto,3,176,Good,Jigawa,13919933
BMW,2017,11417,Petrol,Auto,1.2,140,Good,Jigawa,11270081
BMW,2020,75319,Petrol,Auto,2.2,126,Good,Jigawa,13132767
BMW,2024,75844,Petrol,Auto,3.3,277,Good,Jigawa,17439092
BMW,2023,105951,Petrol,Auto,3.5,105,Good,Jigawa,15758343
BMW,2022,117050,Petrol,Auto,3.4,287,Good,Jigawa,17150650
BMW,2022,107237,Petrol,Auto,2.4,110,Good,Jigawa,13449341
BMW,2021,40851,Petrol,Auto,3.2,308,Good,Jigawa,17344043
BMW,2011,158540,Petrol,Auto,3.3,207,Good,Jigawa,14210220
BMW,2012,25645,Petrol,Auto,1.5,209,Good,Jigawa,11710485
BMW,2013,157190,Petrol,Auto,1.8,161,Good,Jigawa,11059670
BMW,2015,122735,Petrol,Auto,2.6,231,Good,Jigawa,13900855
BMW,2020,116496,Petrol,Auto,3.7,202,Good,Jigawa,16604528
BMW,2020,139076,Petrol,Auto,3.9,135,Good,Jigawa,16176468
BMW,2010,98867,Petrol,Auto,3.1,193,Good,Jigawa,13937931
BMW,2022,179002,Petrol,Auto,3.8,154,Good,Jigawa,16186986
BMW,2020,148414,Petrol,Auto,3.4,283,Good,Jigawa,16591102
BMW,2020,141688,Petrol,Auto,1.1,274,Good,Jigawa,11948184
BMW,2019,54246,Petrol,Auto,3.5,260,Good,Jigawa,17070278
BMW,2023,118666,Petrol,Auto,1.8,335,Good,Jigawa,14569338
BMW,2018,110027,Petrol,Auto,3.1,245,Good,Jigawa,15579811
BMW,2022,68879,Petrol,Auto,1.6,203,Good,Jigawa,13047847
BMW,2023,164054,Petrol,Auto,3.1,90,Good,Jigawa,14401622
BMW,2016,170801,Petrol,Auto,2.2,243,Good,Jigawa,13034393
BMW,2017,67048,Petrol,Auto,1.7,263,Good,Jigawa,13110664
BMW,2019,69623,Petrol,Auto,1.4,244,Good,Jigawa,12602639
BMW,2020,107373,Petrol,Auto,2.7,310,Good,Jigawa,15748389
BMW,2017,35153,Petrol,Auto,3.8,85,Good,Jigawa,15753929
BMW,2017,182284,Petrol,Auto,2.8,334,Good,Jigawa,15214012
BMW,2010,71384,Petrol,Auto,1.3,123,Good,Jigawa,9830312
BMW,2020,107965,Petrol,Auto,3,276,Good,Jigawa,16004245
BMW,2014,109530,Petrol,Auto,2.5,181,Good,Jigawa,13143290
BMW,2018,43001,Petrol,Auto,3,347,Good,Jigawa,16868993
BMW,2019,164742,Petrol,Auto,3.6,182,Good,Jigawa,15716806
BMW,2015,30576,Petrol,Auto,3.9,238,Good,Jigawa,17215968
BMW,2013,157914,Petrol,Auto,2.5,156,Good,Jigawa,12404602
BMW,2011,125842,Petrol,Auto,3.6,239,Good,Jigawa,15359106
BMW,2015,81678,Petrol,Auto,1.8,198,Good,Jigawa,12258254
BMW,2023,51870,Petrol,Auto,1.2,85,Good,Jigawa,11336910
BMW,2024,197769,Petrol,Auto,3.9,86,Good,Jigawa,15875617
BMW,2023,39129,Petrol,Auto,3.6,165,Good,Jigawa,17026097
BMW,2013,104160,Petrol,Auto,3.3,254,Good,Jigawa,15360880
BMW,2024,193731,Petrol,Auto,2.5,137,Good,Jigawa,13613883
BMW,2015,42224,Petrol,Auto,3.5,264,Good,Jigawa,16594432
BMW,2024,93655,Petrol,Auto,2.7,92,Good,Jigawa,14264415
BMW,2018,156392,Petrol,Auto,3,331,Good,Jigawa,15915256
BMW,2018,122654,Petrol,Auto,2.1,265,Good,Jigawa,13691422
BMW,2021,48557,Petrol,Auto,1.7,211,Good,Jigawa,13320101
BMW,2014,28427,Petrol,Auto,1.7,296,Good,Jigawa,13261011
BMW,2011,152626,Petrol,Auto,3.2,347,Good,Jigawa,15451618
BMW,2022,144835,Petrol,Auto,2.3,247,Good,Jigawa,14356155
BMW,2011,17423,Petrol,Auto,1.2,180,Good,Jigawa,10728039
BMW,2016,131080,Petrol,Auto,3.1,100,Good,Jigawa,13682440
BMW,2021,124375,Petrol,Auto,2.8,121,Good,Jigawa,14089375
BMW,2018,78695,Petrol,Auto,1.1,301,Good,Jigawa,12359135
BMW,2013,118320,Petrol,Auto,1.2,341,Good,Jigawa,11931760
BMW,2014,146066,Petrol,Auto,2.6,201,Good,Jigawa,13287538
BMW,2019,185246,Petrol,Auto,3.1,350,Good,Jigawa,16253278
BMW,2013,148514,Petrol,Auto,1.3,257,Good,Jigawa,11080402
BMW,2022,100010,Petrol,Auto,1.4,267,Good,Jigawa,13069930
BMW,2022,142499,Petrol,Auto,3.8,206,Good,Jigawa,16962507
BMW,2018,43693,Petrol,Auto,1.6,107,Good,Jigawa,11664149
BMW,2018,22970,Petrol,Auto,1.8,200,Good,Jigawa,13139210
BMW,2023,61745,Petrol,Auto,2.8,95,Good,Jigawa,14567785
BMW,2014,196348,Petrol,Auto,3.1,164,Good,Jigawa,13565564
BMW,2022,154252,Petrol,Auto,1.8,147,Good,Jigawa,12290236
BMW,2015,140857,Petrol,Auto,2.9,331,Good,Jigawa,15374001
BMW,2024,62217,Petrol,Auto,1.2,184,Good,Jigawa,12404481
BMW,2022,140158,Petrol,Auto,1.1,280,Good,Jigawa,12318894
BMW,2012,56112,Petrol,Auto,2.7,104,Good,Jigawa,12847216
BMW,2021,79298,Petrol,Auto,2.7,212,Good,Jigawa,15114914
BMW,2024,151568,Petrol,Auto,1.7,261,Good,Jigawa,13549024
BMW,2019,52788,Petrol,Auto,4,135,Good,Jigawa,16830484
BMW,2022,46068,Petrol,Auto,1.9,276,Good,Jigawa,14537524
BMW,2019,124119,Petrol,Auto,2.5,143,Good,Jigawa,13411167
BMW,2012,82379,Petrol,Auto,2.7,107,Good,Jigawa,12693347
BMW,2021,85085,Petrol,Auto,1.1,331,Good,Jigawa,13064405
BMW,2016,186512,Petrol,Auto,2.8,129,Good,Jigawa,12984416
BMW,2021,195590,Petrol,Auto,3.7,155,Good,Jigawa,15730870
BMW,2010,108917,Petrol,Auto,3.2,102,Good,Jigawa,13157581
BMW,2016,42469,Petrol,Auto,3.6,268,Good,Jigawa,16982717
BMW,2017,78914,Petrol,Auto,1.3,298,Good,Jigawa,12577602
BMW,2016,77164,Petrol,Auto,2.4,203,Good,Jigawa,13689852
BMW,2010,84116,Petrol,Auto,2.5,311,Good,Jigawa,14021188
BMW,2012,126743,Petrol,Auto,3.9,81,Good,Jigawa,14522799
BMW,2023,127775,Petrol,Auto,3.6,283,Good,Jigawa,17585575
BMW,2010,124548,Petrol,Auto,2.4,325,Good,Jigawa,13678164
BMW,2020,93094,Petrol,Auto,2.3,89,Good,Jigawa,12838342
BMW,2015,186388,Petrol,Auto,1.6,157,Good,Jigawa,10715284
BMW,2024,114240,Petrol,Auto,1.3,345,Good,Jigawa,13850320
BMW,2019,162193,Petrol,Auto,1.9,186,Good,Jigawa,12374649
BMW,2011,134933,Petrol,Auto,2.8,262,Good,Jigawa,13925469
BMW,2010,157574,Petrol,Auto,1.4,129,Good,Jigawa,9486982
BMW,2021,54750,Petrol,Auto,1.2,210,Good,Jigawa,12266750
BMW,2024,159242,Petrol,Auto,1,294,Good,Jigawa,12425306
BMW,2020,114908,Petrol,Auto,2.2,276,Good,Jigawa,14355644
BMW,2020,23512,Petrol,Auto,3.7,93,Good,Jigawa,16165416
BMW,2013,103464,Petrol,Auto,2.9,116,Good,Jigawa,13185752
BMW,2014,114669,Petrol,Auto,1.7,204,Good,Jigawa,11737317
BMW,2017,117597,Petrol,Auto,3.9,242,Good,Jigawa,16946821
BMW,2014,69492,Petrol,Auto,3,174,Good,Jigawa,14353556
BMW,2021,177200,Petrol,Auto,2.7,203,Good,Jigawa,14339600
BMW,2023,173981,Petrol,Auto,2.1,148,Good,Jigawa,12912133
BMW,2020,49875,Petrol,Auto,1.1,296,Good,Jigawa,12810875
BMW,2014,86311,Petrol,Auto,1,152,Good,Jigawa,10015823
BMW,2021,96839,Petrol,Auto,1.9,99,Good,Jigawa,12262127
BMW,2024,187538,Petrol,Auto,3.9,148,Good,Jigawa,16567234
BMW,2020,75832,Petrol,Auto,2.4,245,Good,Jigawa,14719176
BMW,2015,10163,Petrol,Auto,1.5,249,Good,Jigawa,12668859
BMW,2012,19247,Petrol,Auto,2.2,312,Good,Jigawa,14185271
BMW,2021,124334,Petrol,Auto,3.1,254,Good,Jigawa,16019662
BMW,2018,120238,Petrol,Auto,1.5,285,Good,Jigawa,12708334
BMW,2014,111074,Petrol,Auto,2.1,139,Good,Jigawa,11912482
BMW,2018,176847,Petrol,Auto,2.5,252,Good,Jigawa,13982071
BMW,2012,69589,Petrol,Auto,3.2,267,Good,Jigawa,15382877
BMW,2016,191354,Petrol,Auto,2.5,124,Good,Jigawa,12300522
BMW,2014,193571,Petrol,Auto,2.4,168,Good,Jigawa,12225003
BMW,2010,166546,Petrol,Auto,2.3,245,Good,Jigawa,12384178
BMW,2012,155018,Petrol,Auto,2.5,344,Good,Jigawa,14154874
BMW,2024,192295,Petrol,Auto,2.5,236,Good,Jigawa,14613935
BMW,2011,182644,Petrol,Auto,1.2,171,Good,Jigawa,9481492
BMW,2017,86382,Petrol,Auto,1.4,166,Good,Jigawa,11405326
BMW,2011,195279,Petrol,Auto,1.1,304,Good,Jigawa,10523047
BMW,2015,151245,Petrol,Auto,2.4,316,Good,Jigawa,14151285
BMW,2010,32050,Petrol,Auto,2.1,329,Good,Jigawa,13765650
BMW,2014,35406,Petrol,Auto,2.1,217,Good,Jigawa,13222158
BMW,2022,25372,Petrol,Auto,2.1,275,Good,Jigawa,15072396
BMW,2023,45979,Petrol,Auto,1.7,167,Good,Jigawa,13198147
BMW,2014,69421,Petrol,Auto,1.3,215,Good,Jigawa,11364053
BMW,2020,28951,Petrol,Auto,2.1,99,Good,Jigawa,12987343
BMW,2012,80103,Petrol,Auto,2.5,103,Good,Jigawa,12269279
BMW,2010,184752,Petrol,Auto,4,306,Good,Jigawa,16266736
BMW,2021,162738,Petrol,Auto,1.1,212,Good,Jigawa,11330834
BMW,2022,96922,Petrol,Auto,3,238,Good,Jigawa,16001546
BMW,2013,160431,Petrol,Auto,3.4,129,Good,Jigawa,13916983
BMW,2015,127531,Petrol,Auto,2.2,285,Good,Jigawa,13607283
BMW,2015,199830,Petrol,Auto,3.1,330,Good,Jigawa,15351190
BMW,2016,175618,Petrol,Auto,2.1,83,Good,Jigawa,11200674
BMW,2016,95409,Petrol,Auto,3.2,330,Good,Jigawa,16432137
BMW,2012,141704,Petrol,Auto,2.9,88,Good,Jigawa,12488072
BMW,2024,140629,Petrol,Auto,1.2,110,Good,Jigawa,11115597
BMW,2016,46881,Petrol,Auto,2.9,180,Good,Jigawa,14671833
BMW,2015,51591,Petrol,Auto,2.6,277,Good,Jigawa,14858863
BMW,2021,145476,Petrol,Auto,2.2,125,Good,Jigawa,12781668
BMW,2011,70117,Petrol,Auto,2.2,192,Good,Jigawa,12479181
BMW,2022,143082,Petrol,Auto,2.8,95,Good,Jigawa,13848426
BMW,2013,41289,Petrol,Auto,1.9,131,Good,Jigawa,11770977
BMW,2016,135046,Petrol,Auto,3.8,227,Good,Jigawa,16324678
BMW,2019,134935,Petrol,Auto,1.8,129,Good,Jigawa,11795455
BMW,2019,34892,Petrol,Auto,1.9,348,Good,Jigawa,14885756
BMW,2015,108154,Petrol,Auto,3.2,214,Good,Jigawa,15032922
BMW,2019,73867,Petrol,Auto,2.5,204,Good,Jigawa,14372931
BMW,2011,123255,Petrol,Auto,2.6,348,Good,Jigawa,14467215
BMW,2024,55347,Petrol,Auto,1.7,264,Good,Jigawa,14252571
BMW,2021,48051,Petrol,Auto,2.1,251,Good,Jigawa,14523643
BMW,2010,121245,Petrol,Auto,1.7,184,Good,Jigawa,10891285
BMW,2012,11914,Petrol,Auto,1.1,291,Good,Jigawa,11826602
BMW,2020,99082,Petrol,Auto,3.8,231,Good,Jigawa,17216426
BMW,2012,121029,Petrol,Auto,2.1,254,Good,Jigawa,12692797
BMW,2022,183744,Petrol,Auto,1.9,136,Good,Jigawa,12173792
BMW,2013,85312,Petrol,Auto,2.1,195,Good,Jigawa,12502816
BMW,2022,137284,Petrol,Auto,3.7,169,Good,Jigawa,16429012
BMW,2014,167438,Petrol,Auto,3.3,274,Good,Jigawa,15267934
BMW,2016,32502,Petrol,Auto,2.7,334,Good,Jigawa,15912486
BMW,2020,82767,Petrol,Auto,1.1,192,Good,Jigawa,11540631
BMW,2014,165223,Petrol,Auto,1.9,265,Good,Jigawa,12393439
BMW,2020,46591,Petrol,Auto,2.2,319,Good,Jigawa,15263863
BMW,2018,13499,Petrol,Auto,1.6,289,Good,Jigawa,13695507
BMW,2023,101135,Petrol,Auto,2,266,Good,Jigawa,14402055
BMW,2011,61885,Petrol,Auto,1.5,329,Good,Jigawa,12506805
BMW,2022,20389,Petrol,Auto,2.3,284,Good,Jigawa,15597277
BMW,2015,37947,Petrol,Auto,1.6,225,Good,Jigawa,12434371
BMW,2017,136852,Petrol,Auto,3.4,123,Good,Jigawa,14622036
BMW,2013,109643,Petrol,Auto,2.9,165,Good,Jigawa,13632499
BMW,2020,138120,Petrol,Auto,4,230,Good,Jigawa,17333160
BMW,2011,13986,Petrol,Auto,1.5,275,Good,Jigawa,12302098
BMW,2018,136577,Petrol,Auto,3.5,227,Good,Jigawa,16013961
BMW,2016,138227,Petrol,Auto,2.6,178,Good,Jigawa,13412411
BMW,2013,194702,Petrol,Auto,3.7,219,Good,Jigawa,15177086
BMW,2012,82729,Petrol,Auto,3.9,93,Good,Jigawa,14950897
BMW,2010,140346,Petrol,Auto,1,164,Good,Jigawa,9157578
BMW,2012,104582,Petrol,Auto,2.2,242,Good,Jigawa,12887926
BMW,2014,169392,Petrol,Auto,1.8,103,Good,Jigawa,10544256
BMW,2015,52393,Petrol,Auto,1.8,158,Good,Jigawa,12063249
BMW,2023,40491,Petrol,Auto,3.6,340,Good,Jigawa,18766563
BMW,2024,106838,Petrol,Auto,1.3,128,Good,Jigawa,11732134
BMW,2012,62954,Petrol,Auto,1.3,137,Good,Jigawa,10329322
BMW,2016,17322,Petrol,Auto,2.4,246,Good,Jigawa,14538746
BMW,2022,74969,Petrol,Auto,1.7,251,Good,Jigawa,13685217
BMW,2016,118241,Petrol,Auto,2.7,174,Good,Jigawa,13712313
BMW,2024,89954,Petrol,Auto,3.7,225,Good,Jigawa,17620322
BMW,2012,22395,Petrol,Auto,1.5,278,Good,Jigawa,12423235
BMW,2016,142921,Petrol,Auto,2,326,Good,Jigawa,13659553
BMW,2013,23645,Petrol,Auto,3,232,Good,Jigawa,15104485
BMW,2014,120403,Petrol,Auto,1.4,326,Good,Jigawa,12317179
BMW,2017,176198,Petrol,Auto,1.4,162,Good,Jigawa,10736614
BMW,2017,175242,Petrol,Auto,1.5,347,Good,Jigawa,12793306
BMW,2022,61176,Petrol,Auto,2.5,104,Good,Jigawa,13911768
BMW,2020,80665,Petrol,Auto,2.6,120,Good,Jigawa,13835345
BMW,2011,128832,Petrol,Auto,3.2,259,Good,Jigawa,14738176
BMW,2015,104718,Petrol,Auto,1.4,201,Good,Jigawa,11326974
BMW,2014,125354,Petrol,Auto,1.8,157,Good,Jigawa,11392522
BMW,2012,40466,Petrol,Auto,1.2,115,Good,Jigawa,10066738
BMW,2011,163156,Petrol,Auto,1.6,177,Good,Jigawa,10477908
BMW,2012,155729,Petrol,Auto,1.3,251,Good,Jigawa,10819897
BMW,2022,176268,Petrol,Auto,3.7,305,Good,Jigawa,17516124
BMW,2015,167132,Petrol,Auto,3,317,Good,Jigawa,15250076
BMW,2015,87549,Petrol,Auto,2.5,297,Good,Jigawa,14607157
BMW,2020,193337,Petrol,Auto,1.3,191,Good,Jigawa,11156641
BMW,2018,127549,Petrol,Auto,1.3,321,Good,Jigawa,12617157
BMW,2010,90625,Petrol,Auto,2.3,110,Good,Jigawa,11565625
BMW,2011,19580,Petrol,Auto,1.4,182,Good,Jigawa,11132940
BMW,2011,72351,Petrol,Auto,1.9,113,Good,Jigawa,11073543
BMW,2019,48236,Petrol,Auto,1.8,169,Good,Jigawa,12802348
BMW,2019,117115,Petrol,Auto,3.7,307,Good,Jigawa,17500195
BMW,2019,32335,Petrol,Auto,1.5,201,Good,Jigawa,12633655
BMW,2014,178467,Petrol,Auto,1.8,330,Good,Jigawa,12750731
BMW,2020,15572,Petrol,Auto,1.5,230,Good,Jigawa,13190996
BMW,2010,131089,Petrol,Auto,1.3,281,Good,Jigawa,10992377
BMW,2014,124817,Petrol,Auto,1.1,347,Good,Jigawa,11896281
BMW,2024,73737,Petrol,Auto,1.8,169,Good,Jigawa,13373841
BMW,2019,83619,Petrol,Auto,3.1,297,Good,Jigawa,16434667
BMW,2016,143010,Petrol,Auto,1.3,127,Good,Jigawa,10268930
BMW,2016,119748,Petrol,Auto,3.2,227,Good,Jigawa,15231764
BMW,2019,171195,Petrol,Auto,1.7,140,Good,Jigawa,11451635
BMW,2010,172595,Petrol,Auto,3.8,301,Good,Jigawa,15901835
BMW,2018,145488,Petrol,Auto,2.3,172,Good,Jigawa,13001584
BMW,2019,17144,Petrol,Auto,1.9,300,Good,Jigawa,14529992
BMW,2012,137436,Petrol,Auto,2.4,332,Good,Jigawa,13957948
BMW,2015,26921,Petrol,Auto,1.5,212,Good,Jigawa,12181553
BMW,2021,60890,Petrol,Auto,1.3,213,Good,Jigawa,12453770
BMW,2019,78124,Petrol,Auto,3.9,281,Good,Jigawa,17913132
BMW,2017,93967,Petrol,Auto,1.6,290,Good,Jigawa,12992231
BMW,2018,137293,Petrol,Auto,1.8,255,Good,Jigawa,12888949
BMW,2022,191486,Petrol,Auto,1.1,241,Good,Jigawa,11569598
BMW,2015,147400,Petrol,Auto,1.7,179,Good,Jigawa,11408200
BMW,2020,33542,Petrol,Auto,3.9,199,Good,Jigawa,17555206
BMW,2011,89480,Petrol,Auto,1.1,258,Good,Jigawa,10803640
BMW,2019,45589,Petrol,Auto,3.9,248,Good,Jigawa,17810877
BMW,2021,192858,Petrol,Auto,3.3,196,Good,Jigawa,15359994
BMW,2013,102403,Petrol,Auto,1.8,322,Good,Jigawa,13053179
BMW,2010,133511,Petrol,Auto,3.1,223,Good,Jigawa,13995423
BMW,2015,64422,Petrol,Auto,1.5,157,Good,Jigawa,11369046
BMW,2015,124485,Petrol,Auto,2.3,136,Good,Jigawa,12338605
BMW,2013,173839,Petrol,Auto,2.2,136,Good,Jigawa,11493127
BMW,2020,111977,Petrol,Auto,2.1,178,Good,Jigawa,13196161
BMW,2019,145020,Petrol,Auto,2.7,102,Good,Jigawa,13254860
BMW,2013,190806,Petrol,Auto,3.4,266,Good,Jigawa,15074358
BMW,2010,96858,Petrol,Auto,2,242,Good,Jigawa,12241994
BMW,2019,175010,Petrol,Auto,3,85,Good,Jigawa,13474930
BMW,2018,184764,Petrol,Auto,3.4,285,Good,Jigawa,16056652
BMW,2021,191601,Petrol,Auto,2.2,128,Good,Jigawa,12488793
BMW,2022,83327,Petrol,Auto,2.5,90,Good,Jigawa,13616711
BMW,2018,192394,Petrol,Auto,3.2,86,Good,Jigawa,13613242
BMW,2023,60021,Petrol,Auto,2.9,243,Good,Jigawa,16259853
BMW,2016,39596,Petrol,Auto,2.8,113,Good,Jigawa,13852828
BMW,2010,49217,Petrol,Auto,1.6,186,Good,Jigawa,11215481
BMW,2012,182601,Petrol,Auto,3.5,193,Good,Jigawa,14451793
BMW,2010,79475,Petrol,Auto,2.4,248,Good,Jigawa,13223675
BMW,2024,91050,Petrol,Auto,2.6,125,Good,Jigawa,14412650
BMW,2016,93175,Petrol,Auto,1.6,233,Good,Jigawa,12277775
BMW,2024,34103,Petrol,Auto,1.6,120,Good,Jigawa,12761279
BMW,2017,132039,Petrol,Auto,3.8,294,Good,Jigawa,17165727
BMW,2019,196061,Petrol,Auto,2.8,197,Good,Jigawa,14047573
BMW,2018,126119,Petrol,Auto,1.1,306,Good,Jigawa,12077167
BMW,2017,83565,Petrol,Auto,1.7,163,Good,Jigawa,11995045
BMW,2016,195757,Petrol,Auto,2.9,281,Good,Jigawa,14639701
BMW,2011,173402,Petrol,Auto,3.3,122,Good,Jigawa,13256186
BMW,2011,16212,Petrol,Auto,1.6,248,Good,Jigawa,12216516
BMW,2023,53818,Petrol,Auto,2.9,338,Good,Jigawa,17253274
BMW,2022,121191,Petrol,Auto,1.3,143,Good,Jigawa,11481663
BMW,2022,119887,Petrol,Auto,1.8,230,Good,Jigawa,13360791
BMW,2011,23560,Petrol,Auto,2.7,227,Good,Jigawa,14155080
BMW,2011,160435,Petrol,Auto,1.1,278,Good,Jigawa,10506955
BMW,2021,75955,Petrol,Auto,1.1,339,Good,Jigawa,13208315
BMW,2016,142948,Petrol,Auto,3.3,155,Good,Jigawa,14549364
BMW,2013,23210,Petrol,Auto,1.1,197,Good,Jigawa,10957530
BMW,2022,184062,Petrol,Auto,1.6,260,Good,Jigawa,12811566
BMW,2023,180066,Petrol,Auto,2.8,232,Good,Jigawa,15109538
BMW,2013,33079,Petrol,Auto,4,274,Good,Jigawa,17458447
BMW,2015,33485,Petrol,Auto,3.9,133,Good,Jigawa,16145605
BMW,2012,33722,Petrol,Auto,3.2,222,Good,Jigawa,15183946
BMW,2022,65937,Petrol,Auto,3.7,240,Good,Jigawa,17638441
BMW,2023,26406,Petrol,Auto,3.8,176,Good,Jigawa,17625158
BMW,2014,20227,Petrol,Auto,3.1,252,Good,Jigawa,15678411
BMW,2016,118812,Petrol,Auto,1.7,263,Good,Jigawa,12598316
BMW,2014,89964,Petrol,Auto,2.1,119,Good,Jigawa,11860252
BMW,2012,107489,Petrol,Auto,1.9,209,Good,Jigawa,11937577
BMW,2015,162626,Petrol,Auto,2.7,315,Good,Jigawa,14661618
BMW,2020,131717,Petrol,Auto,2.1,260,Good,Jigawa,13877981
BMW,2014,151036,Petrol,Auto,1.8,175,Good,Jigawa,11392748
BMW,2010,86522,Petrol,Auto,4,314,Good,Jigawa,17034346
BMW,2018,127174,Petrol,Auto,3.3,333,Good,Jigawa,16739782
BMW,2012,58765,Petrol,Auto,3.4,103,Good,Jigawa,14218645
BMW,2022,89323,Petrol,Auto,3.7,199,Good,Jigawa,17064739
BMW,2018,183636,Petrol,Auto,2,109,Good,Jigawa,11504548
BMW,2023,112241,Petrol,Auto,3.9,112,Good,Jigawa,16584313
BMW,2017,55340,Petrol,Auto,1,269,Good,Jigawa,11852620
BMW,2023,30314,Petrol,Auto,3,104,Good,Jigawa,15277802
BMW,2015,38140,Petrol,Auto,1.1,98,Good,Jigawa,10163020
BMW,2016,37768,Petrol,Auto,3.9,312,Good,Jigawa,18055624
BMW,2024,133093,Petrol,Auto,1.4,261,Good,Jigawa,13078349
BMW,2017,142817,Petrol,Auto,1.4,304,Good,Jigawa,12390281
BMW,2011,39285,Petrol,Auto,1.2,224,Good,Jigawa,11015005
BMW,2019,80744,Petrol,Auto,3.3,244,Good,Jigawa,16324792
BMW,2015,69120,Petrol,Auto,2.2,166,Good,Jigawa,12826160
BMW,2024,37300,Petrol,Auto,1.8,198,Good,Jigawa,13918900
BMW,2011,192383,Petrol,Auto,1.9,87,Good,Jigawa,9973319
BMW,2014,20259,Petrol,Auto,2.6,105,Good,Jigawa,13208187
BMW,2010,191310,Petrol,Auto,4,129,Good,Jigawa,14450830
BMW,2011,54790,Petrol,Auto,2.6,221,Good,Jigawa,13676470
BMW,2018,121994,Petrol,Auto,3.1,221,Good,Jigawa,15256042
BMW,2015,86951,Petrol,Auto,3.6,224,Good,Jigawa,16081343
BMW,2018,23542,Petrol,Auto,3.4,155,Good,Jigawa,15885206
BMW,2016,69838,Petrol,Auto,1.6,119,Good,Jigawa,11301134
BMW,2017,103760,Petrol,Auto,2.4,247,Good,Jigawa,14093680
BMW,2024,42506,Petrol,Auto,2.5,85,Good,Jigawa,14152458
BMW,2020,185682,Petrol,Auto,3.6,258,Good,Jigawa,16480226
BMW,2012,86325,Petrol,Auto,3.6,300,Good,Jigawa,16395725
BMW,2017,76757,Petrol,Auto,3.5,184,Good,Jigawa,15852701
BMW,2012,124133,Petrol,Auto,2.4,271,Good,Jigawa,13441069
BMW,2014,176481,Petrol,Auto,2.9,282,Good,Jigawa,14484633
BMW,2021,24527,Petrol,Auto,3.6,103,Good,Jigawa,16208311
BMW,2012,136435,Petrol,Auto,2.2,288,Good,Jigawa,13124955
BMW,2016,96593,Petrol,Auto,1.7,162,Good,Jigawa,11743849
BMW,2011,166674,Petrol,Auto,2.8,310,Good,Jigawa,14183282
BMW,2022,173810,Petrol,Auto,1.3,325,Good,Jigawa,12933330
BMW,2024,84620,Petrol,Auto,1.2,326,Good,Jigawa,13667660
BMW,2020,193565,Petrol,Auto,2.8,339,Good,Jigawa,15635045
BMW,2010,39340,Petrol,Auto,3.9,86,Good,Jigawa,14884620
BMW,2020,28430,Petrol,Auto,1.4,150,Good,Jigawa,12100990
BMW,2024,16549,Petrol,Auto,2.4,82,Good,Jigawa,14104157
BMW,2023,169783,Petrol,Auto,1.3,263,Good,Jigawa,12491519
BMW,2021,193105,Petrol,Auto,1.4,211,Good,Jigawa,11708265
BMW,2012,129187,Petrol,Auto,2.9,288,Good,Jigawa,14575691
BMW,2017,76528,Petrol,Auto,3,308,Good,Jigawa,16094304
BMW,2013,29672,Petrol,Auto,1.7,178,Good,Jigawa,11922296
BMW,2016,50196,Petrol,Auto,3,311,Good,Jigawa,16158628
BMW,2022,33778,Petrol,Auto,2.9,184,Good,Jigawa,15703554
BMW,2014,173933,Petrol,Auto,2.4,134,Good,Jigawa,12022469
BMW,2023,18843,Petrol,Auto,2.8,106,Good,Jigawa,14978099
BMW,2012,126592,Petrol,Auto,1.9,297,Good,Jigawa,12683856
BMW,2014,120527,Petrol,Auto,2,284,Good,Jigawa,13096311
BMW,2014,174760,Petrol,Auto,2.1,86,Good,Jigawa,10936680
BMW,2012,198839,Petrol,Auto,1.9,283,Good,Jigawa,12038127
BMW,2024,170156,Petrol,Auto,3.2,242,Good,Jigawa,16228908
BMW,2015,77765,Petrol,Auto,3,261,Good,Jigawa,15315645
BMW,2017,174870,Petrol,Auto,1.7,290,Good,Jigawa,12625910
BMW,2013,45105,Petrol,Auto,3.3,170,Good,Jigawa,14934265
BMW,2012,144049,Petrol,Auto,3.5,144,Good,Jigawa,14231657
BMW,2014,103297,Petrol,Auto,1.8,224,Good,Jigawa,12216921
BMW,2010,84217,Petrol,Auto,1.4,186,Good,Jigawa,10570481
BMW,2024,114470,Petrol,Auto,2,294,Good,Jigawa,14738710
BMW,2024,170217,Petrol,Auto,3.6,311,Good,Jigawa,17718481
BMW,2015,46816,Petrol,Auto,2.8,184,Good,Jigawa,14362288
BMW,2015,101435,Petrol,Auto,2.5,88,Good,Jigawa,12419955
BMW,2010,33224,Petrol,Auto,2.9,219,Good,Jigawa,14257432
BMW,2022,107474,Petrol,Auto,1.9,275,Good,Jigawa,14097682
BMW,2017,99808,Petrol,Auto,1.1,104,Good,Jigawa,10091344
BMW,2016,34371,Petrol,Auto,1.4,222,Good,Jigawa,12179403
BMW,2020,32081,Petrol,Auto,1.2,194,Good,Jigawa,12115433
BMW,2018,15438,Petrol,Auto,1.5,103,Good,Jigawa,11621934
BMW,2011,93524,Petrol,Auto,1.4,207,Good,Jigawa,10865332
BMW,2016,70012,Petrol,Auto,2.3,170,Good,Jigawa,13209916
BMW,2020,191205,Petrol,Auto,2.5,150,Good,Jigawa,13161565
BMW,2021,98535,Petrol,Auto,3.3,185,Good,Jigawa,15910255
BMW,2022,85251,Petrol,Auto,2.6,261,Good,Jigawa,15513243
BMW,2013,161776,Petrol,Auto,2.1,322,Good,Jigawa,13237568
BMW,2013,121412,Petrol,Auto,1.3,163,Good,Jigawa,10330116
BMW,2011,44911,Petrol,Auto,2.5,136,Good,Jigawa,12695623
BMW,2024,30810,Petrol,Auto,2,286,Good,Jigawa,15244330
BMW,2010,94052,Petrol,Auto,1.2,100,Good,Jigawa,9241636
BMW,2024,110631,Petrol,Auto,2.1,338,Good,Jigawa,15405583
BMW,2012,170786,Petrol,Auto,2.5,234,Good,Jigawa,12944498
BMW,2010,137733,Petrol,Auto,2.9,322,Good,Jigawa,14555869
BMW,2015,104847,Petrol,Auto,1.7,334,Good,Jigawa,13256071
BMW,2014,76079,Petrol,Auto,3.1,297,Good,Jigawa,15737447
BMW,2015,129237,Petrol,Auto,1.9,259,Good,Jigawa,12735341
BMW,2015,153456,Petrol,Auto,3.9,238,Good,Jigawa,16355808
BMW,2015,54366,Petrol,Auto,2.8,132,Good,Jigawa,13789438
BMW,2018,187769,Petrol,Auto,2,330,Good,Jigawa,13685617
BMW,2010,179922,Petrol,Auto,2.3,346,Good,Jigawa,13300546
BMW,2024,144377,Petrol,Auto,1.2,197,Good,Jigawa,11959361
BMW,2011,178177,Petrol,Auto,3.6,350,Good,Jigawa,16102761
BMW,2023,39057,Petrol,Auto,2.6,121,Good,Jigawa,14586601
BMW,2010,94139,Petrol,Auto,3.5,152,Good,Jigawa,14361027
BMW,2015,187493,Petrol,Auto,1.6,253,Good,Jigawa,11667549
BMW,2012,150890,Petrol,Auto,3.9,320,Good,Jigawa,16743770
BMW,2024,194396,Petrol,Auto,3.5,95,Good,Jigawa,15189228
BMW,2024,11115,Petrol,Auto,3.5,202,Good,Jigawa,17542195
BMW,2024,29700,Petrol,Auto,1.8,280,Good,Jigawa,14792100
BMW,2016,68155,Petrol,Auto,1.2,198,Good,Jigawa,11302915
BMW,2011,192875,Petrol,Auto,1.9,237,Good,Jigawa,11469875
BMW,2010,95835,Petrol,Auto,2.8,319,Good,Jigawa,14619155
BMW,2017,89823,Petrol,Auto,1.5,341,Good,Jigawa,13331239
BMW,2010,141147,Petrol,Auto,2.8,335,Good,Jigawa,14461971
BMW,2020,186553,Petrol,Auto,3.5,318,Good,Jigawa,16874129
BMW,2016,176118,Petrol,Auto,3.3,115,Good,Jigawa,13917174
BMW,2019,32702,Petrol,Auto,1.1,222,Good,Jigawa,12041086
BMW,2011,31538,Petrol,Auto,1.3,125,Good,Jigawa,10279234
BMW,2020,130857,Petrol,Auto,2.8,334,Good,Jigawa,16024001
BMW,2011,189927,Petrol,Auto,3.4,246,Good,Jigawa,14580511
BMW,2010,198822,Petrol,Auto,2.1,231,Good,Jigawa,11618246
BMW,2021,174556,Petrol,Auto,3.9,163,Good,Jigawa,16358108
BMW,2011,187675,Petrol,Auto,3.4,278,Good,Jigawa,14916275
BMW,2022,198040,Petrol,Auto,3.5,296,Good,Jigawa,16873720
BMW,2016,80405,Petrol,Auto,1,249,Good,Jigawa,11327165
BMW,2011,35048,Petrol,Auto,1.9,296,Good,Jigawa,13164664
BMW,2024,173823,Petrol,Auto,3.7,317,Good,Jigawa,17953239
BMW,2014,138784,Petrol,Auto,3.9,248,Good,Jigawa,16408512
BMW,2010,143014,Petrol,Auto,2.6,303,Good,Jigawa,13728902
BMW,2018,118269,Petrol,Auto,1.5,218,Good,Jigawa,12052117
BMW,2023,64233,Petrol,Auto,1.3,188,Good,Jigawa,12480369
BMW,2010,50329,Petrol,Auto,1.5,94,Good,Jigawa,10087697
BMW,2021,181031,Petrol,Auto,1.3,125,Good,Jigawa,10732783
BMW,2016,152433,Petrol,Auto,3.8,178,Good,Jigawa,15712969
BMW,2014,75925,Petrol,Auto,3.1,113,Good,Jigawa,13898525
BMW,2021,77770,Petrol,Auto,3.6,141,Good,Jigawa,16215610
BMW,2013,163482,Petrol,Auto,2.1,299,Good,Jigawa,12995626
BMW,2014,58838,Petrol,Auto,2.7,299,Good,Jigawa,15078134
BMW,2011,174899,Petrol,Auto,2.8,125,Good,Jigawa,12275707
BMW,2021,93426,Petrol,Auto,4,110,Good,Jigawa,16596018
BMW,2017,195875,Petrol,Auto,3.1,175,Good,Jigawa,14128875
BMW,2019,60236,Petrol,Auto,3.6,135,Good,Jigawa,15978348
BMW,2012,198656,Petrol,Auto,2.3,206,Good,Jigawa,12069408
BMW,2021,112526,Petrol,Auto,3.9,312,Good,Jigawa,18282318
BMW,2020,122039,Petrol,Auto,2.3,315,Good,Jigawa,14895727
BMW,2022,122931,Petrol,Auto,1.2,210,Good,Jigawa,11939483
BMW,2010,16556,Petrol,Auto,4,193,Good,Jigawa,16314108
BMW,2017,98162,Petrol,Auto,3,243,Good,Jigawa,15292866
BMW,2018,16712,Petrol,Auto,2.1,248,Good,Jigawa,14263016
BMW,2017,155783,Petrol,Auto,1.5,179,Good,Jigawa,11249519
BMW,2021,82679,Petrol,Auto,1.3,340,Good,Jigawa,13571247
BMW,2015,100547,Petrol,Auto,2.5,327,Good,Jigawa,14816171
BMW,2013,88829,Petrol,Auto,1.7,145,Good,Jigawa,11178197
BMW,2012,21227,Petrol,Auto,1.5,304,Good,Jigawa,12691411
BMW,2023,24332,Petrol,Auto,2.7,143,Good,Jigawa,15109676
BMW,2011,178214,Petrol,Auto,1.1,316,Good,Jigawa,10762502
BMW,2010,69843,Petrol,Auto,2.7,84,Good,Jigawa,12251099
BMW,2016,172973,Petrol,Auto,1.5,230,Good,Jigawa,11489189
BMW,2024,175115,Petrol,Auto,3.9,132,Good,Jigawa,16494195
BMW,2020,46646,Petrol,Auto,1.9,229,Good,Jigawa,13763478
BMW,2012,157934,Petrol,Auto,3.5,274,Good,Jigawa,15434462
BMW,2017,42981,Petrol,Auto,2,197,Good,Jigawa,13219133
BMW,2019,181585,Petrol,Auto,1.6,328,Good,Jigawa,13058905
BMW,2019,178869,Petrol,Auto,1.5,289,Good,Jigawa,12487917
BMW,2011,138511,Petrol,Auto,3.1,91,Excellent,Jigawa,13790423
BMW,2011,109070,Petrol,Auto,1.8,227,Excellent,Jigawa,12756510
BMW,2011,118724,Petrol,Auto,3.6,236,Excellent,Jigawa,16378932
BMW,2011,81430,Petrol,Auto,2.4,322,Excellent,Jigawa,15099990
BMW,2021,91174,Petrol,Auto,3.8,347,Excellent,Jigawa,19581782
BMW,2022,184337,Petrol,Auto,2.9,182,Excellent,Jigawa,15629641
BMW,2019,75255,Petrol,Auto,2.2,140,Excellent,Jigawa,14123215
BMW,2020,49139,Petrol,Auto,1.3,224,Excellent,Jigawa,13496027
BMW,2021,76728,Petrol,Auto,2.5,332,Excellent,Jigawa,16932904
BMW,2023,24034,Petrol,Auto,1.9,350,Excellent,Jigawa,16581762
BMW,2016,78495,Petrol,Auto,3.7,271,Excellent,Jigawa,17960535
BMW,2024,112632,Petrol,Auto,2.9,183,Excellent,Jigawa,16441576
BMW,2024,61091,Petrol,Auto,2.7,96,Excellent,Jigawa,15532363
BMW,2014,76764,Petrol,Auto,1.5,159,Excellent,Jigawa,12152652
BMW,2011,27921,Petrol,Auto,1.5,93,Excellent,Jigawa,11384553
BMW,2013,20708,Petrol,Auto,2.7,92,Excellent,Jigawa,14125044
BMW,2024,106882,Petrol,Auto,2.1,149,Excellent,Jigawa,14541826
BMW,2020,131035,Petrol,Auto,1.9,309,Excellent,Jigawa,14972755
BMW,2012,106081,Petrol,Auto,1.6,237,Excellent,Jigawa,12627433
BMW,2023,42341,Petrol,Auto,4,296,Excellent,Jigawa,20113613
BMW,2024,64095,Petrol,Auto,2.2,231,Excellent,Jigawa,15861335
BMW,2020,94773,Petrol,Auto,1.9,263,Excellent,Jigawa,14766589
BMW,2012,91007,Petrol,Auto,1.9,293,Excellent,Jigawa,13892951
BMW,2021,126085,Petrol,Auto,3.6,131,Excellent,Jigawa,16777405
BMW,2012,56244,Petrol,Auto,1.1,130,Excellent,Jigawa,10906292
BMW,2016,73018,Petrol,Auto,2.4,245,Excellent,Jigawa,15138874
BMW,2012,113270,Petrol,Auto,4,95,Excellent,Jigawa,15957110
BMW,2020,90973,Petrol,Auto,2.9,322,Excellent,Jigawa,17383189
BMW,2012,134779,Petrol,Auto,3.7,208,Excellent,Jigawa,16336547
BMW,2024,185512,Petrol,Auto,3.4,145,Excellent,Jigawa,16551416
BMW,2012,192029,Petrol,Auto,2.6,244,Excellent,Jigawa,14095797
BMW,2010,194840,Petrol,Auto,3.5,98,Excellent,Jigawa,14116120
BMW,2024,120115,Petrol,Auto,3,292,Excellent,Jigawa,17679195
BMW,2019,11151,Petrol,Auto,1.7,108,Excellent,Jigawa,13251943
BMW,2017,158924,Petrol,Auto,2.2,224,Excellent,Jigawa,14077532
BMW,2013,131724,Petrol,Auto,2.7,316,Excellent,Jigawa,15587932
BMW,2020,64010,Petrol,Auto,2.2,129,Excellent,Jigawa,14241930
BMW,2020,29240,Petrol,Auto,2.5,232,Excellent,Jigawa,16115320
BMW,2011,153730,Petrol,Auto,2.8,341,Excellent,Jigawa,15583890
BMW,2012,59444,Petrol,Auto,3.1,309,Excellent,Jigawa,16673892
BMW,2013,85033,Petrol,Auto,1.7,120,Excellent,Jigawa,11954769
BMW,2024,96130,Petrol,Auto,1.5,134,Excellent,Jigawa,13267090
BMW,2020,81610,Petrol,Auto,3.8,130,Excellent,Jigawa,17328730
BMW,2017,123761,Petrol,Auto,1,220,Excellent,Jigawa,11883673
BMW,2019,97098,Petrol,Auto,3.1,127,Excellent,Jigawa,15640314
BMW,2018,89328,Petrol,Auto,1.7,122,Excellent,Jigawa,12694704
BMW,2016,144023,Petrol,Auto,2.6,107,Excellent,Jigawa,13661839
BMW,2018,113996,Petrol,Auto,3.4,90,Excellent,Jigawa,15602028
BMW,2017,23144,Petrol,Auto,2.8,174,Excellent,Jigawa,15727992
BMW,2015,188124,Petrol,Auto,3.6,238,Excellent,Jigawa,16513132
BMW,2012,85369,Petrol,Auto,2.9,166,Excellent,Jigawa,14662417
BMW,2018,133647,Petrol,Auto,3.2,96,Excellent,Jigawa,15124471
BMW,2012,160635,Petrol,Auto,1.5,111,Excellent,Jigawa,10785555
BMW,2022,184366,Petrol,Auto,4,206,Excellent,Jigawa,18069438
BMW,2016,62104,Petrol,Auto,3.7,206,Excellent,Jigawa,17425272
BMW,2016,121408,Petrol,Auto,1.2,250,Excellent,Jigawa,12450144
BMW,2023,80562,Petrol,Auto,2.9,157,Excellent,Jigawa,16256066
BMW,2022,121168,Petrol,Auto,3.5,174,Excellent,Jigawa,17191824
BMW,2018,111160,Petrol,Auto,3.5,260,Excellent,Jigawa,17521880
BMW,2023,25189,Petrol,Auto,1.7,150,Excellent,Jigawa,14173677
BMW,2010,94445,Petrol,Auto,1.3,285,Excellent,Jigawa,12288885
BMW,2020,29350,Petrol,Auto,3,110,Excellent,Jigawa,15894550
BMW,2024,35260,Petrol,Auto,2,250,Excellent,Jigawa,15853180
BMW,2013,64782,Petrol,Auto,1.9,123,Excellent,Jigawa,12526526
BMW,2021,27394,Petrol,Auto,1.4,332,Excellent,Jigawa,15078242
BMW,2020,96451,Petrol,Auto,1.9,139,Excellent,Jigawa,13514843
BMW,2021,10669,Petrol,Auto,3.4,136,Excellent,Jigawa,17235317
BMW,2024,80754,Petrol,Auto,2.1,321,Excellent,Jigawa,16444722
BMW,2020,18659,Petrol,Auto,1.5,173,Excellent,Jigawa,13599387
BMW,2022,83767,Petrol,Auto,2.4,117,Excellent,Jigawa,14683631
BMW,2023,128807,Petrol,Auto,3.8,262,Excellent,Jigawa,18768351
BMW,2015,54048,Petrol,Auto,1.7,189,Excellent,Jigawa,13161664
BMW,2011,93120,Petrol,Auto,1.6,172,Excellent,Jigawa,11918160
BMW,2019,101121,Petrol,Auto,1.1,332,Excellent,Jigawa,13662153
BMW,2011,175829,Petrol,Auto,2.7,171,Excellent,Jigawa,13529197
BMW,2019,58761,Petrol,Auto,1.2,344,Excellent,Jigawa,14278673
BMW,2016,64805,Petrol,Auto,3.9,222,Excellent,Jigawa,17966365
BMW,2018,30191,Petrol,Auto,3.8,324,Excellent,Jigawa,19328663
BMW,2022,199347,Petrol,Auto,2.2,340,Excellent,Jigawa,15704571
BMW,2020,174933,Petrol,Auto,3.3,164,Excellent,Jigawa,16015469
BMW,2018,120523,Petrol,Auto,2.1,99,Excellent,Jigawa,13046339
BMW,2023,186385,Petrol,Auto,1.9,283,Excellent,Jigawa,14775305
BMW,2015,189939,Petrol,Auto,2.7,262,Excellent,Jigawa,14940427
BMW,2011,103170,Petrol,Auto,3.1,307,Excellent,Jigawa,16197810
BMW,2013,33433,Petrol,Auto,3.1,119,Excellent,Jigawa,15105969
BMW,2019,180951,Petrol,Auto,3.2,121,Excellent,Jigawa,15193343
BMW,2021,129427,Petrol,Auto,3.7,269,Excellent,Jigawa,18334011
BMW,2017,27286,Petrol,Auto,1.4,165,Excellent,Jigawa,12808998
BMW,2013,133249,Petrol,Auto,3.3,120,Excellent,Jigawa,14817257
BMW,2022,63227,Petrol,Auto,1.4,323,Excellent,Jigawa,14887411
BMW,2017,133627,Petrol,Auto,3.1,143,Excellent,Jigawa,15244611
BMW,2013,111474,Petrol,Auto,1.2,208,Excellent,Jigawa,11649682
BMW,2016,159212,Petrol,Auto,2.2,233,Excellent,Jigawa,14015516
BMW,2011,50805,Petrol,Auto,2.3,337,Excellent,Jigawa,15264365
BMW,2021,13474,Petrol,Auto,1.7,138,Excellent,Jigawa,13835682
BMW,2012,107383,Petrol,Auto,3.1,332,Excellent,Jigawa,16568319
BMW,2018,83976,Petrol,Auto,2.4,185,Excellent,Jigawa,14762168
BMW,2013,162562,Petrol,Auto,2.6,118,Excellent,Jigawa,13192066
BMW,2016,42776,Petrol,Auto,1.2,190,Excellent,Jigawa,12400568
BMW,2011,185711,Petrol,Auto,2.3,305,Excellent,Jigawa,14000023
BMW,2015,193387,Petrol,Auto,1.7,123,Excellent,Jigawa,11526291
BMW,2020,153477,Petrol,Auto,2.9,101,Excellent,Jigawa,14735661
BMW,2012,196246,Petrol,Auto,3.8,108,Excellent,Jigawa,15106278
BMW,2013,71072,Petrol,Auto,4,281,Excellent,Jigawa,18262496
BMW,2017,189017,Petrol,Auto,2.7,331,Excellent,Jigawa,15936881
BMW,2024,172764,Petrol,Auto,1.6,274,Excellent,Jigawa,14330652
BMW,2014,121016,Petrol,Auto,2.2,294,Excellent,Jigawa,14592888
BMW,2014,76849,Petrol,Auto,1.2,319,Excellent,Jigawa,13152057
BMW,2021,178353,Petrol,Auto,3.7,124,Excellent,Jigawa,16541529
BMW,2011,85456,Petrol,Auto,3,237,Excellent,Jigawa,15421808
BMW,2015,157607,Petrol,Auto,1.9,144,Excellent,Jigawa,12386751
BMW,2010,111343,Petrol,Auto,1.4,177,Excellent,Jigawa,11290599
BMW,2022,136815,Petrol,Auto,2.9,343,Excellent,Jigawa,17572295
BMW,2012,16221,Petrol,Auto,3.6,215,Excellent,Jigawa,17036453
BMW,2022,60335,Petrol,Auto,3.6,237,Excellent,Jigawa,18447655
BMW,2023,61371,Petrol,Auto,3.7,275,Excellent,Jigawa,19170403
BMW,2020,54527,Petrol,Auto,3.8,152,Excellent,Jigawa,17738311
BMW,2024,192668,Petrol,Auto,1.1,308,Excellent,Jigawa,13531324
BMW,2017,49288,Petrol,Auto,1.1,101,Excellent,Jigawa,11414984
BMW,2014,81573,Petrol,Auto,3.2,257,Excellent,Jigawa,16498989
BMW,2015,69921,Petrol,Auto,3,96,Excellent,Jigawa,14720553
BMW,2015,11150,Petrol,Auto,3.3,148,Excellent,Jigawa,16251950
BMW,2021,65782,Petrol,Auto,1.5,122,Excellent,Jigawa,12909526
BMW,2019,15127,Petrol,Auto,2.1,320,Excellent,Jigawa,16144111
BMW,2023,130682,Petrol,Auto,2.2,223,Excellent,Jigawa,15165226
BMW,2017,166156,Petrol,Auto,2.9,233,Excellent,Jigawa,15516908
BMW,2021,193070,Petrol,Auto,2.3,238,Excellent,Jigawa,14778510
BMW,2022,153697,Petrol,Auto,3.9,108,Excellent,Jigawa,17104121
BMW,2020,76651,Petrol,Auto,1.5,225,Excellent,Jigawa,13713443
BMW,2019,32160,Petrol,Auto,3.9,244,Excellent,Jigawa,18864880
BMW,2016,46631,Petrol,Auto,2.8,248,Excellent,Jigawa,16153583
BMW,2023,85788,Petrol,Auto,3,302,Excellent,Jigawa,17869484
BMW,2015,154766,Petrol,Auto,2.4,119,Excellent,Jigawa,13156638
BMW,2023,197710,Petrol,Auto,1.3,210,Excellent,Jigawa,12766030
BMW,2014,47470,Petrol,Auto,3.9,307,Excellent,Jigawa,18637710
BMW,2016,123631,Petrol,Auto,3.2,131,Excellent,Jigawa,15244583
BMW,2011,42722,Petrol,Auto,2.1,171,Excellent,Jigawa,13260946
BMW,2019,35003,Petrol,Auto,1.3,196,Excellent,Jigawa,13164979
BMW,2016,18565,Petrol,Auto,2.2,257,Excellent,Jigawa,15240045
BMW,2012,89787,Petrol,Auto,2.5,159,Excellent,Jigawa,13761491
BMW,2019,111130,Petrol,Auto,1.4,175,Excellent,Jigawa,12622090
BMW,2010,54686,Petrol,Auto,3.7,278,Excellent,Jigawa,17297198
BMW,2017,112972,Petrol,Auto,3.3,328,Excellent,Jigawa,17639196
BMW,2024,37143,Petrol,Auto,3.1,281,Excellent,Jigawa,18349999
BMW,2020,138311,Petrol,Auto,3.9,343,Excellent,Jigawa,19261823
BMW,2014,159374,Petrol,Auto,1.6,242,Excellent,Jigawa,12604382
BMW,2024,19771,Petrol,Auto,3.9,104,Excellent,Jigawa,18301603
BMW,2019,120497,Petrol,Auto,3.1,104,Excellent,Jigawa,15246521
BMW,2015,171553,Petrol,Auto,2,152,Excellent,Jigawa,12569129
BMW,2024,153410,Petrol,Auto,3.4,208,Excellent,Jigawa,17406130
BMW,2014,16551,Petrol,Auto,2.4,171,Excellent,Jigawa,14494143
BMW,2017,116132,Petrol,Auto,2.3,217,Excellent,Jigawa,14507076
BMW,2014,114003,Petrol,Auto,3,184,Excellent,Jigawa,15141979
BMW,2011,169235,Petrol,Auto,1.2,280,Excellent,Jigawa,11665355
BMW,2024,185226,Petrol,Auto,3.6,122,Excellent,Jigawa,16723418
BMW,2012,178941,Petrol,Auto,2.6,232,Excellent,Jigawa,14067413
BMW,2022,132629,Petrol,Auto,2.5,228,Excellent,Jigawa,15651597
BMW,2019,21235,Petrol,Auto,1.3,234,Excellent,Jigawa,13641355
BMW,2020,26571,Petrol,Auto,1.5,300,Excellent,Jigawa,14814003
BMW,2017,199782,Petrol,Auto,2.6,80,Excellent,Jigawa,13151526
BMW,2017,198318,Petrol,Auto,1.2,265,Excellent,Jigawa,12211774
BMW,2011,148452,Petrol,Auto,3,195,Excellent,Jigawa,14560836
BMW,2016,97383,Petrol,Auto,1.2,289,Excellent,Jigawa,13008319
BMW,2019,42134,Petrol,Auto,2.9,183,Excellent,Jigawa,16185062
BMW,2017,104612,Petrol,Auto,1.2,224,Excellent,Jigawa,12457716
BMW,2019,104607,Petrol,Auto,3.5,223,Excellent,Jigawa,17347751
BMW,2018,139957,Petrol,Auto,3.8,151,Excellent,Jigawa,16830301
BMW,2018,75530,Petrol,Auto,3.8,172,Excellent,Jigawa,17491290
BMW,2014,155835,Petrol,Auto,1.9,336,Excellent,Jigawa,14169155
BMW,2013,103845,Petrol,Auto,1.2,185,Excellent,Jigawa,11473085
BMW,2015,54071,Petrol,Auto,1.8,290,Excellent,Jigawa,14371503
BMW,2015,82827,Petrol,Auto,2,229,Excellent,Jigawa,13960211
BMW,2020,160805,Petrol,Auto,1.1,220,Excellent,Jigawa,12274365
BMW,2016,90188,Petrol,Auto,3.9,170,Excellent,Jigawa,17268684
BMW,2012,131602,Petrol,Auto,1.1,218,Excellent,Jigawa,11258786
BMW,2019,161889,Petrol,Auto,2.8,330,Excellent,Jigawa,16616777
BMW,2019,176110,Petrol,Auto,1.7,208,Excellent,Jigawa,13097230
BMW,2012,117642,Petrol,Auto,3.2,346,Excellent,Jigawa,16836506
BMW,2021,35873,Petrol,Auto,3.1,219,Excellent,Jigawa,17288889
BMW,2018,135069,Petrol,Auto,3.4,90,Excellent,Jigawa,15454517
BMW,2012,49865,Petrol,Auto,3.2,138,Excellent,Jigawa,15230945
BMW,2017,25193,Petrol,Auto,2.8,310,Excellent,Jigawa,17073649
BMW,2020,108973,Petrol,Auto,3.1,341,Excellent,Jigawa,17847189
BMW,2022,175473,Petrol,Auto,2.1,138,Excellent,Jigawa,13651689
BMW,2015,42969,Petrol,Auto,1.1,286,Excellent,Jigawa,13009217
BMW,2011,57883,Petrol,Auto,1.6,242,Excellent,Jigawa,12864819
BMW,2015,153447,Petrol,Auto,1.3,258,Excellent,Jigawa,12355871
BMW,2012,157368,Petrol,Auto,2.5,141,Excellent,Jigawa,13108424
BMW,2023,97779,Petrol,Auto,1.6,334,Excellent,Jigawa,15305547
BMW,2018,159860,Petrol,Auto,3.3,229,Excellent,Jigawa,16470980
BMW,2024,91559,Petrol,Auto,2.1,164,Excellent,Jigawa,14799087
BMW,2013,132346,Petrol,Auto,3.8,318,Excellent,Jigawa,17803578
BMW,2014,43507,Petrol,Auto,1.5,166,Excellent,Jigawa,12455451
BMW,2022,174670,Petrol,Auto,1.9,324,Excellent,Jigawa,15117310
BMW,2014,162646,Petrol,Auto,1.7,291,Excellent,Jigawa,13271478
BMW,2015,162337,Petrol,Auto,4,186,Excellent,Jigawa,16973641
BMW,2016,55817,Petrol,Auto,2,219,Excellent,Jigawa,14199281
BMW,2020,110052,Petrol,Auto,1.5,248,Excellent,Jigawa,13709636
BMW,2017,98008,Petrol,Auto,2.5,153,Excellent,Jigawa,14393944
BMW,2017,158393,Petrol,Auto,1.6,253,Excellent,Jigawa,13171249
BMW,2017,173989,Petrol,Auto,1.5,241,Excellent,Jigawa,12742077
BMW,2019,161979,Petrol,Auto,2.5,198,Excellent,Jigawa,14696147
BMW,2012,143347,Petrol,Auto,1.4,178,Excellent,Jigawa,11376571
BMW,2012,185993,Petrol,Auto,1.7,235,Excellent,Jigawa,12248049
BMW,2011,175286,Petrol,Auto,2.5,144,Excellent,Jigawa,12862998
BMW,2015,137234,Petrol,Auto,1.5,263,Excellent,Jigawa,12919362
BMW,2021,33529,Petrol,Auto,1.5,142,Excellent,Jigawa,13335297
BMW,2015,54180,Petrol,Auto,1.7,213,Excellent,Jigawa,13400740
BMW,2017,45234,Petrol,Auto,3.5,139,Excellent,Jigawa,16623362
BMW,2012,44192,Petrol,Auto,1.7,210,Excellent,Jigawa,12990656
BMW,2024,58161,Petrol,Auto,2.2,80,Excellent,Jigawa,14392873
BMW,2013,138217,Petrol,Auto,1.3,313,Excellent,Jigawa,12712481
BMW,2012,101878,Petrol,Auto,1.2,293,Excellent,Jigawa,12416854
BMW,2012,72517,Petrol,Auto,1.3,331,Excellent,Jigawa,13202381
BMW,2014,125219,Petrol,Auto,2.9,148,Excellent,Jigawa,14503467
BMW,2023,97976,Petrol,Auto,2.1,257,Excellent,Jigawa,15534168
BMW,2015,51924,Petrol,Auto,2.5,122,Excellent,Jigawa,14106532
BMW,2024,63756,Petrol,Auto,2.7,233,Excellent,Jigawa,16883708
BMW,2023,105706,Petrol,Auto,2.9,90,Excellent,Jigawa,15410058
BMW,2021,19123,Petrol,Auto,2.5,174,Excellent,Jigawa,15756139
BMW,2021,29562,Petrol,Auto,1.1,319,Excellent,Jigawa,14333066
BMW,2016,75259,Petrol,Auto,1.6,226,Excellent,Jigawa,13333187
BMW,2023,144051,Petrol,Auto,3.7,114,Excellent,Jigawa,16981643
BMW,2022,82909,Petrol,Auto,3.7,294,Excellent,Jigawa,19059637
BMW,2019,20869,Petrol,Auto,3.8,266,Excellent,Jigawa,18963917
BMW,2020,151330,Petrol,Auto,3.3,131,Excellent,Jigawa,15850690
BMW,2013,56656,Petrol,Auto,1.7,204,Excellent,Jigawa,12993408
BMW,2019,156481,Petrol,Auto,2.1,345,Excellent,Jigawa,15404633
BMW,2024,64008,Petrol,Auto,2.3,140,Excellent,Jigawa,15151944
BMW,2016,155607,Petrol,Auto,3.7,85,Excellent,Jigawa,15560751
BMW,2011,68310,Petrol,Auto,1.5,280,Excellent,Jigawa,12971830
BMW,2010,138458,Petrol,Auto,3.2,234,Excellent,Jigawa,15270794
BMW,2022,31702,Petrol,Auto,2,146,Excellent,Jigawa,14538086
BMW,2017,190636,Petrol,Auto,2.4,275,Excellent,Jigawa,14765548
BMW,2019,185784,Petrol,Auto,1,297,Excellent,Jigawa,12519512
BMW,2018,136360,Petrol,Auto,1.2,275,Excellent,Jigawa,12895480
BMW,2010,163937,Petrol,Auto,3.7,117,Excellent,Jigawa,14922441
BMW,2015,54440,Petrol,Auto,1.6,215,Excellent,Jigawa,13218920
BMW,2018,47544,Petrol,Auto,3.3,305,Excellent,Jigawa,18017192
BMW,2012,13772,Petrol,Auto,3.1,233,Excellent,Jigawa,16233596
BMW,2022,161477,Petrol,Auto,2,149,Excellent,Jigawa,13659661
BMW,2015,57607,Petrol,Auto,2.6,289,Excellent,Jigawa,15936751
BMW,2010,152503,Petrol,Auto,2.7,243,Excellent,Jigawa,14262479
BMW,2023,129203,Petrol,Auto,1.5,300,Excellent,Jigawa,14545579
BMW,2018,138152,Petrol,Auto,2.9,127,Excellent,Jigawa,14802936
BMW,2014,66854,Petrol,Auto,3.4,201,Excellent,Jigawa,16442022
BMW,2024,78871,Petrol,Auto,1.4,322,Excellent,Jigawa,15067903
BMW,2019,159409,Petrol,Auto,3.1,196,Excellent,Jigawa,15894137
BMW,2017,103233,Petrol,Auto,1.1,194,Excellent,Jigawa,11967369
BMW,2014,27474,Petrol,Auto,3.1,315,Excellent,Jigawa,17257682
BMW,2011,148532,Petrol,Auto,1.9,331,Excellent,Jigawa,13720276
BMW,2020,141654,Petrol,Auto,2.4,315,Excellent,Jigawa,15958422
BMW,2014,189673,Petrol,Auto,2.9,175,Excellent,Jigawa,14322289
BMW,2013,141587,Petrol,Auto,2.5,200,Excellent,Jigawa,13958891
BMW,2013,84528,Petrol,Auto,3.5,109,Excellent,Jigawa,15448304
BMW,2024,175831,Petrol,Auto,3.6,132,Excellent,Jigawa,16889183
BMW,2024,178509,Petrol,Auto,1.5,261,Excellent,Jigawa,13960437
BMW,2022,179967,Petrol,Auto,1.1,295,Excellent,Jigawa,13190231
BMW,2018,34844,Petrol,Auto,3.8,205,Excellent,Jigawa,18106092
BMW,2018,185384,Petrol,Auto,2.4,88,Excellent,Jigawa,13082312
BMW,2014,188462,Petrol,Auto,3.7,238,Fair,Jigawa,14560766
BMW,2010,31703,Petrol,Auto,2.6,262,Fair,Jigawa,13098079
BMW,2010,31350,Petrol,Auto,2.1,244,Fair,Jigawa,11920550
BMW,2014,179852,Petrol,Auto,2.6,161,Fair,Jigawa,11651036
BMW,2013,78846,Petrol,Auto,1.9,169,Fair,Jigawa,10888078
BMW,2015,162812,Petrol,Auto,3,118,Fair,Jigawa,12290316
BMW,2021,139295,Petrol,Auto,3.1,197,Fair,Jigawa,14344935
BMW,2016,91774,Petrol,Auto,1.9,286,Fair,Jigawa,12417582
BMW,2016,26564,Petrol,Auto,1.8,292,Fair,Jigawa,12734052
BMW,2017,34116,Petrol,Auto,3.9,100,Fair,Jigawa,15111188
BMW,2015,181974,Petrol,Auto,4,175,Fair,Jigawa,14726182
BMW,2019,157871,Petrol,Auto,2.2,147,Fair,Jigawa,11614903
BMW,2021,99969,Petrol,Auto,3.5,216,Fair,Jigawa,15610217
BMW,2013,121069,Petrol,Auto,2.4,234,Fair,Jigawa,12242517
BMW,2016,160023,Petrol,Auto,2,242,Fair,Jigawa,11699839
BMW,2024,172292,Petrol,Auto,1.1,343,Fair,Jigawa,12023956
BMW,2017,137054,Petrol,Auto,2,221,Fair,Jigawa,11800622
BMW,2020,175494,Petrol,Auto,3.9,82,Fair,Jigawa,14391542
BMW,2011,46808,Petrol,Auto,3.8,242,Fair,Jigawa,15342344
BMW,2019,170316,Petrol,Auto,3.9,160,Fair,Jigawa,15057788
BMW,2013,140607,Petrol,Auto,1.7,216,Fair,Jigawa,10525751
BMW,2010,12199,Petrol,Auto,2.9,305,Fair,Jigawa,14264607
BMW,2022,193374,Petrol,Auto,1.2,342,Fair,Jigawa,11766382
BMW,2019,150710,Petrol,Auto,3.1,316,Fair,Jigawa,15155030
BMW,2023,105738,Petrol,Auto,1.5,281,Fair,Jigawa,12519834
BMW,2022,111789,Petrol,Auto,2,149,Fair,Jigawa,12007477
BMW,2012,77510,Petrol,Auto,2.6,141,Fair,Jigawa,11867430
BMW,2019,80015,Petrol,Auto,3.6,263,Fair,Jigawa,16119895
BMW,2020,150352,Petrol,Auto,1.8,259,Fair,Jigawa,12137536
BMW,2015,114219,Petrol,Auto,1.6,214,Fair,Jigawa,10790467
BMW,2019,178843,Petrol,Auto,2.1,127,Fair,Jigawa,11068099
BMW,2013,196808,Petrol,Auto,2.6,157,Fair,Jigawa,11342344
BMW,2019,60534,Petrol,Auto,2.2,100,Fair,Jigawa,11826262
BMW,2013,181101,Petrol,Auto,3.8,144,Fair,Jigawa,13722293
BMW,2017,93428,Petrol,Auto,1.9,280,Fair,Jigawa,12496004
BMW,2017,156004,Petrol,Auto,3.3,155,Fair,Jigawa,13607972
BMW,2021,156136,Petrol,Auto,2.1,80,Fair,Jigawa,11057048
BMW,2011,81238,Petrol,Auto,3.2,269,Fair,Jigawa,14171334
BMW,2019,160852,Petrol,Auto,3.5,188,Fair,Jigawa,14604036
BMW,2011,29998,Petrol,Auto,3.4,231,Fair,Jigawa,14550014
BMW,2010,171727,Petrol,Auto,1.6,179,Fair,Jigawa,9287911
BMW,2020,191496,Petrol,Auto,2,80,Fair,Jigawa,10459528
BMW,2017,70531,Petrol,Auto,3.8,233,Fair,Jigawa,15986283
BMW,2022,145834,Petrol,Auto,1.6,92,Fair,Jigawa,10399162
BMW,2012,48676,Petrol,Auto,3.6,337,Fair,Jigawa,16029268
BMW,2011,186837,Petrol,Auto,3.4,85,Fair,Jigawa,11992141
BMW,2019,78708,Petrol,Auto,2.6,322,Fair,Jigawa,14719044
BMW,2021,90652,Petrol,Auto,1.7,275,Fair,Jigawa,12665436
BMW,2021,158521,Petrol,Auto,2.7,325,Fair,Jigawa,14690353
Mercedes,2017,76731,Petrol,Auto,2.7,198,Fair,Jigawa,13892883
Mercedes,2021,112844,Petrol,Auto,2.9,350,Fair,Jigawa,16160092
Mercedes,2019,127768,Petrol,Auto,3.4,284,Fair,Jigawa,16095624
Mercedes,2012,47649,Petrol,Auto,2.2,175,Fair,Jigawa,12116457
Mercedes,2024,191221,Petrol,Auto,3.8,210,Fair,Jigawa,16461453
Mercedes,2017,68707,Petrol,Auto,3.9,323,Fair,Jigawa,17599051
Mercedes,2012,29219,Petrol,Auto,2.3,118,Fair,Jigawa,11875467
Mercedes,2023,40445,Petrol,Auto,2.3,84,Fair,Jigawa,13106885
Mercedes,2013,18564,Petrol,Auto,2.2,269,Fair,Jigawa,13410052
Mercedes,2022,135861,Petrol,Auto,1.3,325,Fair,Jigawa,12698973
Mercedes,2011,44020,Petrol,Auto,3.5,229,Fair,Jigawa,15131860
Mercedes,2022,175571,Petrol,Auto,2.2,340,Fair,Jigawa,14371003
Mercedes,2019,74128,Petrol,Auto,3.3,223,Fair,Jigawa,15661104
Mercedes,2020,194590,Petrol,Auto,3.7,315,Fair,Jigawa,16687870
Mercedes,2015,35234,Petrol,Auto,1.9,269,Fair,Jigawa,12993362
Mercedes,2017,170776,Petrol,Auto,1.8,315,Fair,Jigawa,12604568
Mercedes,2017,159603,Petrol,Auto,1.9,290,Fair,Jigawa,12632779
Mercedes,2020,50344,Petrol,Auto,1.2,82,Fair,Jigawa,10367592
Mercedes,2020,172590,Petrol,Auto,1.3,88,Fair,Jigawa,9771870
Mercedes,2017,60476,Petrol,Auto,3.7,316,Fair,Jigawa,17186668
Mercedes,2011,126684,Petrol,Auto,3.8,335,Fair,Jigawa,16213212
Mercedes,2010,119573,Petrol,Auto,2,97,Fair,Jigawa,10132989
Mercedes,2021,72346,Petrol,Auto,2.1,251,Fair,Jigawa,13853578
Mercedes,2012,62939,Petrol,Auto,3.3,180,Fair,Jigawa,14259427
Mercedes,2012,186281,Petrol,Auto,3,137,Fair,Jigawa,12366033
Mercedes,2020,103571,Petrol,Auto,2.2,251,Fair,Jigawa,13685003
Mercedes,2024,39010,Petrol,Auto,2,282,Fair,Jigawa,14646930
Mercedes,2018,188518,Petrol,Auto,3.2,200,Fair,Jigawa,14280374
Mercedes,2017,39866,Petrol,Auto,3,223,Fair,Jigawa,15000938
Mercedes,2020,103787,Petrol,Auto,3.1,224,Fair,Jigawa,15213491
Mercedes,2022,139584,Petrol,Auto,3,244,Fair,Jigawa,15262912
Mercedes,2021,59397,Petrol,Auto,3.7,280,Fair,Jigawa,17434221
Mercedes,2019,135353,Petrol,Auto,1.8,199,Fair,Jigawa,11992529
Mercedes,2013,125874,Petrol,Auto,1.7,96,Fair,Jigawa,9928882
Mercedes,2017,194934,Petrol,Auto,4,185,Fair,Jigawa,15535462
Mercedes,2024,76678,Petrol,Auto,3.2,155,Fair,Jigawa,15513254
Mercedes,2014,160433,Petrol,Auto,2.3,140,Fair,Jigawa,11476969
Mercedes,2014,175326,Petrol,Auto,1.5,199,Fair,Jigawa,10362718
Mercedes,2020,184326,Petrol,Auto,2.2,252,Fair,Jigawa,13129718
Mercedes,2022,110426,Petrol,Auto,1.7,225,Fair,Jigawa,12677018
Mercedes,2020,79808,Petrol,Auto,2.9,280,Fair,Jigawa,15541344
Mercedes,2021,75678,Petrol,Auto,1.8,118,Fair,Jigawa,11900254
Mercedes,2021,99084,Petrol,Auto,1.5,306,Fair,Jigawa,13016412
Mercedes,2017,173738,Petrol,Auto,2.1,280,Fair,Jigawa,12833834
Mercedes,2017,142873,Petrol,Auto,1.4,226,Fair,Jigawa,11109889
Mercedes,2024,40600,Petrol,Auto,3.5,229,Fair,Jigawa,17105800
Mercedes,2019,186523,Petrol,Auto,2.7,232,Fair,Jigawa,13764339
Mercedes,2017,68181,Petrol,Auto,1.3,317,Fair,Jigawa,12342733
Mercedes,2013,126358,Petrol,Auto,3.2,117,Fair,Jigawa,13135494
Mercedes,2024,154652,Petrol,Auto,3.9,85,Fair,Jigawa,15667436
Mercedes,2019,129099,Petrol,Auto,3.1,218,Fair,Jigawa,14826307
Mercedes,2017,180674,Petrol,Auto,2.3,302,Fair,Jigawa,13405282
Mercedes,2012,95726,Petrol,Auto,3,150,Fair,Jigawa,13129918
Mercedes,2019,15827,Petrol,Auto,3.8,104,Fair,Jigawa,15879211
Mercedes,2018,31497,Petrol,Auto,3.2,304,Fair,Jigawa,16419521
Mercedes,2023,43461,Petrol,Auto,1.7,312,Fair,Jigawa,14165773
Mercedes,2012,87573,Petrol,Auto,3.5,180,Fair,Jigawa,14486989
Mercedes,2011,145936,Petrol,Auto,1.1,151,Fair,Jigawa,8838448
Mercedes,2013,179715,Petrol,Auto,3.8,205,Fair,Jigawa,14841995
Mercedes,2015,17174,Petrol,Auto,1.2,268,Fair,Jigawa,11709782
Mercedes,2012,178026,Petrol,Auto,2.8,294,Fair,Jigawa,13593818
Mercedes,2024,11346,Petrol,Auto,3.1,85,Fair,Jigawa,15070578
Mercedes,2012,99368,Petrol,Auto,1.1,207,Fair,Jigawa,9874424
Mercedes,2020,163903,Petrol,Auto,2.3,282,Fair,Jigawa,13772679
Mercedes,2018,173784,Petrol,Auto,1.1,183,Fair,Jigawa,10013512
Nissan,2012,55613,Petrol,Auto,3.6,347,Fair,Jigawa,13480709
Nissan,2024,167513,Petrol,Auto,2.7,278,Fair,Jigawa,12007409
Nissan,2018,141334,Petrol,Auto,3.4,226,Fair,Jigawa,12170662
Nissan,2019,139867,Petrol,Auto,1.2,87,Fair,Jigawa,6540931
Nissan,2018,177903,Petrol,Auto,3.4,245,Fair,Jigawa,12104679
Nissan,2015,78177,Petrol,Auto,1.2,270,Fair,Jigawa,8202761
Nissan,2019,158599,Petrol,Auto,3.5,91,Fair,Jigawa,11049807
Nissan,2024,196850,Petrol,Auto,1.8,131,Fair,Jigawa,8532050
Nissan,2022,135291,Petrol,Auto,2.2,154,Fair,Jigawa,9692963
Nissan,2022,185677,Petrol,Auto,2.5,302,Fair,Jigawa,11420261
Nissan,2018,33090,Petrol,Auto,2.6,257,Fair,Jigawa,11638370
Nissan,2024,145076,Petrol,Auto,3.9,80,Fair,Jigawa,12584468
Nissan,2024,40515,Petrol,Auto,1.5,138,Fair,Jigawa,9096395
Nissan,2014,37313,Petrol,Auto,1.4,145,Fair,Jigawa,7488809
Nissan,2020,89752,Petrol,Auto,3.2,93,Fair,Jigawa,11101736
Nissan,2021,199638,Petrol,Auto,3,238,Fair,Jigawa,11532534
Nissan,2016,112958,Petrol,Auto,3.3,284,Fair,Jigawa,12449294
Nissan,2022,28313,Petrol,Auto,2.8,333,Fair,Jigawa,13431809
Nissan,2012,44264,Petrol,Auto,2.8,216,Fair,Jigawa,10650152
Nissan,2024,32478,Petrol,Auto,2.4,279,Fair,Jigawa,12362654
Nissan,2017,27770,Petrol,Auto,3.9,87,Fair,Jigawa,12425610
Nissan,2022,85878,Petrol,Auto,2.4,163,Fair,Jigawa,10528854
Nissan,2015,21682,Petrol,Auto,2.4,157,Fair,Jigawa,9868226
Nissan,2018,191310,Petrol,Auto,1.7,207,Fair,Jigawa,8230830
Nissan,2022,64441,Petrol,Auto,3.8,84,Fair,Jigawa,12688913
Nissan,2016,183745,Petrol,Auto,3.2,306,Fair,Jigawa,11973785
Nissan,2022,123816,Petrol,Auto,2.2,228,Fair,Jigawa,10513288
Nissan,2021,109776,Petrol,Auto,3.5,294,Fair,Jigawa,13721568
Nissan,2012,107520,Petrol,Auto,3,270,Fair,Jigawa,11147360
Nissan,2020,49728,Petrol,Auto,2.4,320,Fair,Jigawa,12051904
Nissan,2012,117699,Petrol,Auto,1.8,332,Fair,Jigawa,9296107
Nissan,2019,64196,Petrol,Auto,3.3,144,Fair,Jigawa,11840628
Nissan,2016,157701,Petrol,Auto,1.5,318,Fair,Jigawa,8876093
Nissan,2019,70626,Petrol,Auto,3.5,265,Fair,Jigawa,13405618
Nissan,2017,118465,Petrol,Auto,1.7,243,Fair,Jigawa,8950745
Nissan,2011,75439,Petrol,Auto,1.6,143,Fair,Jigawa,7151927
Nissan,2013,166351,Petrol,Auto,3.1,214,Fair,Jigawa,10525543
Nissan,2024,117108,Petrol,Auto,1.3,138,Fair,Jigawa,8160244
Nissan,2024,32247,Petrol,Auto,2.5,142,Fair,Jigawa,11194271
Nissan,2015,113835,Petrol,Auto,3.7,134,Fair,Jigawa,11593155
Nissan,2018,197738,Petrol,Auto,1.5,159,Fair,Jigawa,7305834
Nissan,2010,86545,Petrol,Auto,1.9,164,Fair,Jigawa,7734185
Nissan,2011,139353,Petrol,Auto,3.6,261,Fair,Jigawa,11884529
Nissan,2017,97907,Petrol,Auto,1.1,169,Fair,Jigawa,7154651
Nissan,2014,69168,Petrol,Auto,1.6,101,Fair,Jigawa,7225824
Nissan,2010,61654,Petrol,Auto,2.6,172,Fair,Jigawa,9388422
Nissan,2021,89680,Petrol,Auto,2.8,245,Fair,Jigawa,11972240
Nissan,2024,165309,Petrol,Auto,2,246,Fair,Jigawa,10302837
Nissan,2021,185757,Petrol,Auto,3,119,Fair,Jigawa,10439701
Nissan,2014,92325,Petrol,Auto,1.7,109,Fair,Jigawa,7343725
Nissan,2010,142354,Petrol,Auto,1.3,329,Fair,Jigawa,7793522
Nissan,2016,51679,Petrol,Auto,2.2,346,Fair,Jigawa,11298247
Nissan,2016,151473,Petrol,Auto,2.5,223,Fair,Jigawa,9969689
Nissan,2021,70089,Petrol,Auto,1,309,Fair,Jigawa,9149377
Nissan,2017,155038,Petrol,Auto,3.6,86,Fair,Jigawa,10924734
Nissan,2010,198103,Petrol,Auto,2.4,313,Fair,Jigawa,9443279
Nissan,2022,101018,Petrol,Auto,3.2,185,Fair,Jigawa,12242874
Nissan,2020,85754,Petrol,Auto,2.6,348,Fair,Jigawa,12479722
Nissan,2013,117326,Petrol,Auto,2.9,263,Fair,Jigawa,10958718
Nissan,2021,165856,Petrol,Auto,3.3,332,Fair,Jigawa,13309008
Nissan,2010,106488,Petrol,Auto,2.1,166,Fair,Jigawa,8014584
Nissan,2012,59541,Petrol,Auto,1.4,150,Fair,Jigawa,7083213
Nissan,2010,67130,Petrol,Auto,3.5,178,Fair,Jigawa,11210090
Nissan,2010,137500,Petrol,Auto,2.6,297,Fair,Jigawa,10107500
Nissan,2016,171176,Petrol,Auto,3.2,168,Fair,Jigawa,10681768
Nissan,2011,47902,Petrol,Auto,1.5,334,Fair,Jigawa,9054686
Nissan,2015,179604,Petrol,Auto,1.3,101,Fair,Jigawa,6002772
Nissan,2020,139982,Petrol,Auto,3.1,82,Fair,Jigawa,10440126
Nissan,2011,148128,Petrol,Auto,1.1,150,Fair,Jigawa,5713104
Nissan,2023,155292,Petrol,Auto,3.3,198,Fair,Jigawa,12342956
Nissan,2012,95744,Petrol,Auto,1.6,289,Fair,Jigawa,8619792
Nissan,2022,187218,Petrol,Auto,2.3,144,Fair,Jigawa,9429474
Nissan,2010,113628,Petrol,Auto,1.5,205,Fair,Jigawa,7154604
Nissan,2023,94723,Petrol,Auto,1.9,231,Fair,Jigawa,10296939
Nissan,2016,151285,Petrol,Auto,3.9,278,Fair,Jigawa,13321005
Nissan,2024,153916,Petrol,Auto,3.2,332,Fair,Jigawa,13642588
Nissan,2021,62477,Petrol,Auto,3.1,176,Fair,Jigawa,12072661
Nissan,2014,98696,Petrol,Auto,3.2,291,Fair,Jigawa,12119128
Nissan,2018,149495,Petrol,Auto,3.4,215,Fair,Jigawa,12003535
Nissan,2022,189884,Petrol,Auto,1.6,233,Fair,Jigawa,8900812
Nissan,2020,82272,Petrol,Auto,3.4,271,Fair,Jigawa,13334096
Nissan,2012,42631,Petrol,Auto,1.1,302,Fair,Jigawa,8121583
Nissan,2021,183415,Petrol,Auto,3.6,152,Fair,Jigawa,11986095
Nissan,2016,166420,Petrol,Auto,3.6,230,Fair,Jigawa,12135060
Nissan,2024,33984,Petrol,Auto,1.5,283,Fair,Jigawa,10592112
Nissan,2018,199790,Petrol,Auto,2.5,156,Fair,Jigawa,9261470
Nissan,2020,70176,Petrol,Auto,2.3,115,Fair,Jigawa,9658768
Nissan,2011,164191,Petrol,Auto,2.7,225,Fair,Jigawa,9550663
Nissan,2018,170099,Petrol,Auto,3.2,87,Fair,Jigawa,10179307
Nissan,2013,185328,Petrol,Auto,1.6,342,Fair,Jigawa,8672704
Nissan,2017,15267,Petrol,Auto,3.4,284,Fair,Jigawa,13483131
Nissan,2020,149443,Petrol,Auto,1.3,133,Fair,Jigawa,7283899
Nissan,2013,121076,Petrol,Auto,3.1,182,Fair,Jigawa,10522468
Nissan,2013,115654,Petrol,Auto,2.4,101,Fair,Jigawa,8350422
Nissan,2013,171614,Petrol,Auto,1.8,122,Fair,Jigawa,6968702
Nissan,2015,143978,Petrol,Auto,3.9,188,Fair,Jigawa,12322154
Nissan,2014,63892,Petrol,Auto,3.8,188,Fair,Jigawa,12532756
Nissan,2022,130764,Petrol,Auto,1.7,342,Fair,Jigawa,10604652
Nissan,2022,114363,Petrol,Auto,2.5,135,Fair,Jigawa,10249459
Nissan,2016,71960,Petrol,Auto,2,244,Fair,Jigawa,9736280
Nissan,2019,182427,Petrol,Auto,3.4,257,Fair,Jigawa,12343011
Nissan,2024,127826,Petrol,Auto,1.9,132,Fair,Jigawa,9225218
Nissan,2015,116346,Petrol,Auto,1.5,281,Fair,Jigawa,8645578
Nissan,2021,109048,Petrol,Auto,1.5,275,Fair,Jigawa,9536664
Nissan,2020,138486,Petrol,Auto,3.9,258,Fair,Jigawa,13810598
Nissan,2024,179380,Petrol,Auto,1.6,296,Fair,Jigawa,9904340
Nissan,2020,122939,Petrol,Auto,2.6,139,Fair,Jigawa,10129427
Nissan,2022,97196,Petrol,Auto,1.6,294,Fair,Jigawa,10159628
Nissan,2013,133312,Petrol,Auto,3.7,176,Fair,Jigawa,11576816
Nissan,2017,15179,Petrol,Auto,3.7,181,Fair,Jigawa,13053747
Nissan,2010,196859,Petrol,Auto,2,179,Fair,Jigawa,7311987
Nissan,2014,122899,Petrol,Auto,1,255,Fair,Jigawa,7189707
Nissan,2010,34342,Petrol,Auto,1.3,128,Fair,Jigawa,6539606
Nissan,2014,120355,Petrol,Auto,2.6,306,Fair,Jigawa,10917515
Nissan,2019,49688,Petrol,Auto,2.6,131,Fair,Jigawa,10412184
Nissan,2014,88409,Petrol,Auto,3.8,297,Fair,Jigawa,13451137
Nissan,2019,38345,Petrol,Auto,4,277,Fair,Jigawa,14751585
Nissan,2013,13530,Petrol,Auto,4,208,Fair,Jigawa,13335290
Nissan,2023,166623,Petrol,Auto,2.7,145,Fair,Jigawa,10533639
Nissan,2023,113011,Petrol,Auto,1.1,151,Fair,Jigawa,7768923
Nissan,2017,179951,Petrol,Auto,3.6,188,Fair,Jigawa,11770343
Nissan,2022,126111,Petrol,Auto,1.5,337,Fair,Jigawa,10187223
Nissan,2015,193636,Petrol,Auto,2.8,122,Fair,Jigawa,9114548
Nissan,2018,141734,Petrol,Auto,1.9,301,Fair,Jigawa,9917862
Nissan,2018,30149,Petrol,Auto,1.4,162,Fair,Jigawa,8308957
Nissan,2022,33438,Petrol,Auto,2.5,301,Fair,Jigawa,12475934
Nissan,2018,170348,Petrol,Auto,1,264,Fair,Jigawa,7547564
Nissan,2021,46380,Petrol,Auto,3.4,161,Fair,Jigawa,12635340
Nissan,2010,94088,Petrol,Auto,2.5,250,Fair,Jigawa,9741384
Nissan,2015,186443,Petrol,Auto,1.2,311,Fair,Jigawa,7854899
Nissan,2018,96951,Petrol,Auto,1.5,306,Fair,Jigawa,9481343
Nissan,2016,45742,Petrol,Auto,1.3,176,Fair,Jigawa,7839806
Nissan,2016,174348,Petrol,Auto,3.8,94,Fair,Jigawa,11119564
Nissan,2011,19377,Petrol,Auto,3.7,259,Fair,Jigawa,12904361
Nissan,2016,32031,Petrol,Auto,2.7,328,Fair,Jigawa,12255783
Nissan,2021,32875,Petrol,Auto,1.4,160,Fair,Jigawa,8719875
Nissan,2013,58854,Petrol,Auto,2.5,182,Fair,Jigawa,9758022
Nissan,2018,47184,Petrol,Auto,3.2,116,Fair,Jigawa,11329712
Nissan,2021,79144,Petrol,Auto,3.6,183,Fair,Jigawa,13025992
Nissan,2022,172554,Petrol,Auto,2.3,271,Fair,Jigawa,10802122
Nissan,2024,55706,Petrol,Auto,3.4,105,Fair,Jigawa,12460058
Nissan,2011,107365,Petrol,Auto,2.8,215,Fair,Jigawa,10048445
Nissan,2014,57383,Petrol,Auto,4,207,Fair,Jigawa,13168319
Nissan,2013,105557,Petrol,Auto,2.7,326,Fair,Jigawa,11271101
Nissan,2023,78709,Petrol,Auto,2.3,281,Fair,Jigawa,11709037
Nissan,2015,89154,Petrol,Auto,2.5,121,Fair,Jigawa,9235922
Nissan,2015,19751,Petrol,Auto,2,306,Fair,Jigawa,10571743
Nissan,2018,158850,Petrol,Auto,1.1,234,Fair,Jigawa,7528050
Nissan,2023,134474,Petrol,Auto,1.3,348,Fair,Jigawa,9988682
Nissan,2012,143239,Petrol,Auto,2,84,Fair,Jigawa,7037327
Nissan,2018,23176,Petrol,Auto,2.3,115,Fair,Jigawa,9687768
Nissan,2012,143986,Petrol,Auto,1.1,281,Fair,Jigawa,7202098
Nissan,2022,56651,Petrol,Auto,1.7,84,Fair,Jigawa,8543443
Nissan,2024,183608,Petrol,Auto,2.1,125,Fair,Jigawa,9164744
Nissan,2012,25850,Petrol,Auto,1.3,130,Fair,Jigawa,6919050
Nissan,2019,50078,Petrol,Auto,3.2,102,Fair,Jigawa,11319454
Nissan,2021,12940,Petrol,Auto,2.5,230,Fair,Jigawa,11759420
Nissan,2010,43801,Petrol,Auto,2.4,114,Fair,Jigawa,8533393
Nissan,2017,105419,Petrol,Auto,2.4,313,Fair,Jigawa,11142067
Nissan,2017,123392,Petrol,Auto,3.2,112,Fair,Jigawa,10606256
Nissan,2012,198361,Petrol,Auto,1.5,341,Fair,Jigawa,8221473
Nissan,2015,50790,Petrol,Auto,1.5,126,Fair,Jigawa,7554470
Nissan,2013,193480,Petrol,Auto,2,277,Fair,Jigawa,8765640
Nissan,2020,149362,Petrol,Auto,2.8,224,Fair,Jigawa,11194466
Nissan,2024,85034,Petrol,Auto,3.9,189,Fair,Jigawa,14094762
Nissan,2023,119190,Petrol,Auto,3.9,134,Fair,Jigawa,13155670
Nissan,2017,75947,Petrol,Auto,3,206,Fair,Jigawa,11478371
Nissan,2020,192818,Petrol,Auto,2.1,184,Fair,Jigawa,9090274
Nissan,2013,193522,Petrol,Auto,3.8,313,Fair,Jigawa,12725346
Nissan,2019,131987,Petrol,Auto,1.7,261,Fair,Jigawa,9336091
Nissan,2010,15375,Petrol,Auto,1.8,240,Fair,Jigawa,8792375
Nissan,2017,199456,Petrol,Auto,2.4,333,Fair,Jigawa,10683808
Nissan,2011,108026,Petrol,Auto,1.2,228,Fair,Jigawa,6973818
Nissan,2019,148865,Petrol,Auto,3.8,169,Fair,Jigawa,12497945
Nissan,2012,38780,Petrol,Auto,3.8,105,Fair,Jigawa,11578540
Nissan,2017,12847,Petrol,Auto,3.9,329,Fair,Jigawa,14950071
Nissan,2022,157705,Petrol,Auto,1.9,95,Fair,Jigawa,8346065
Nissan,2013,183304,Petrol,Auto,2.3,101,Fair,Jigawa,7676872
Nissan,2022,157441,Petrol,Auto,1.8,223,Fair,Jigawa,9427913
Nissan,2014,76137,Petrol,Auto,3.5,201,Fair,Jigawa,11977041
Nissan,2012,142264,Petrol,Auto,2.9,131,Fair,Jigawa,9314152
Nissan,2015,167872,Petrol,Auto,3.4,279,Fair,Jigawa,12064896
Nissan,2019,24166,Petrol,Auto,2.7,178,Fair,Jigawa,11260838
Nissan,2021,129365,Petrol,Auto,3.1,342,Fair,Jigawa,13264445
Nissan,2019,151410,Petrol,Auto,1.7,155,Fair,Jigawa,8140130
Nissan,2010,107073,Petrol,Auto,2.3,129,Fair,Jigawa,8040489
Nissan,2013,171558,Petrol,Auto,1,213,Fair,Jigawa,6279094
Nissan,2010,94411,Petrol,Auto,3.6,171,Fair,Jigawa,11149123
Nissan,2011,55244,Petrol,Auto,2.5,242,Fair,Jigawa,10083292
Nissan,2018,96297,Petrol,Auto,2,324,Fair,Jigawa,10665921
Nissan,2014,134114,Petrol,Auto,3.9,164,Fair,Jigawa,12001202
Nissan,2018,13403,Petrol,Auto,3.1,134,Fair,Jigawa,11546179
Nissan,2011,198669,Petrol,Auto,3.7,299,Fair,Jigawa,12049317
Nissan,2024,134939,Petrol,Auto,3.3,206,Fair,Jigawa,12715427
Nissan,2021,103090,Petrol,Auto,3.2,244,Fair,Jigawa,12668370
Nissan,2017,88901,Petrol,Auto,3.1,290,Fair,Jigawa,12427693
Nissan,2015,75012,Petrol,Auto,2,307,Fair,Jigawa,10194916
Nissan,2010,83726,Petrol,Auto,3.1,102,Fair,Jigawa,9533918
Nissan,2019,146717,Petrol,Auto,2.4,293,Fair,Jigawa,10952981
Nissan,2020,170938,Petrol,Auto,3.6,205,Fair,Jigawa,12453434
Nissan,2010,14173,Petrol,Auto,3.9,117,Fair,Jigawa,11770789
Nissan,2013,140857,Petrol,Auto,3.7,260,Fair,Jigawa,12364001
Nissan,2013,32637,Petrol,Auto,2.8,173,Fair,Jigawa,10451541
Nissan,2015,159260,Petrol,Auto,2,345,Fair,Jigawa,9985180
Nissan,2016,35199,Petrol,Auto,2,271,Fair,Jigawa,10263607
Nissan,2022,101234,Petrol,Auto,2.2,214,Fair,Jigawa,10531362
Nissan,2011,93461,Petrol,Auto,2,80,Fair,Jigawa,7195773
Nissan,2017,71401,Petrol,Auto,3.9,275,Fair,Jigawa,14000193
Nissan,2020,150665,Petrol,Auto,2.2,178,Fair,Jigawa,9525345
Nissan,2017,177141,Petrol,Auto,1.4,158,Fair,Jigawa,7090013
Nissan,2020,56584,Petrol,Auto,1.9,343,Fair,Jigawa,11233912
Nissan,2017,195834,Petrol,Auto,3,97,Good,Jigawa,10549162
Nissan,2012,100852,Petrol,Auto,2.6,146,Good,Jigawa,10154036
Nissan,2012,140216,Petrol,Auto,3.3,301,Good,Jigawa,12828488
Nissan,2016,162573,Petrol,Auto,2.4,88,Good,Jigawa,9341989
Nissan,2017,158725,Petrol,Auto,1.6,158,Good,Jigawa,8618925
Nissan,2020,100122,Petrol,Auto,2.6,271,Good,Jigawa,12609146
Nissan,2020,165403,Petrol,Auto,1.5,223,Good,Jigawa,9472179
Nissan,2014,93436,Petrol,Auto,1.7,93,Good,Jigawa,8175948
Nissan,2016,74843,Petrol,Auto,3.2,201,Good,Jigawa,12686099
Nissan,2021,166385,Petrol,Auto,2.8,255,Good,Jigawa,12535305
Nissan,2021,41655,Petrol,Auto,1.6,313,Good,Jigawa,11588415
Nissan,2014,64527,Petrol,Auto,1.7,186,Good,Jigawa,9308311
Nissan,2013,82711,Petrol,Auto,1.1,233,Good,Jigawa,8301023
Nissan,2010,178110,Petrol,Auto,2.6,202,Good,Jigawa,9873230
Nissan,2011,73952,Petrol,Auto,3.1,292,Good,Jigawa,12652336
Nissan,2018,148842,Petrol,Auto,1.9,322,Good,Jigawa,11078106
Nissan,2012,114872,Petrol,Auto,2.9,92,Good,Jigawa,10115896
Nissan,2023,49063,Petrol,Auto,1.3,311,Good,Jigawa,11216559
Nissan,2017,12723,Petrol,Auto,3.7,319,Good,Jigawa,15450939
Nissan,2021,21469,Petrol,Auto,3,163,Good,Jigawa,13029717
Nissan,2022,187075,Petrol,Auto,3.8,308,Good,Jigawa,15070475
Nissan,2011,68653,Petrol,Auto,3.3,301,Good,Jigawa,13179429
Nissan,2015,126090,Petrol,Auto,2.7,283,Good,Jigawa,11997370
Nissan,2018,126476,Petrol,Auto,2.3,298,Good,Jigawa,11794668
Nissan,2019,116004,Petrol,Auto,2.9,128,Good,Jigawa,11517972
Nissan,2018,137443,Petrol,Auto,3.5,105,Good,Jigawa,12187899
Nissan,2019,91465,Petrol,Auto,2.7,219,Good,Jigawa,12199745
Nissan,2019,66202,Petrol,Auto,3.5,255,Good,Jigawa,14336586
Nissan,2019,29989,Petrol,Auto,3.9,151,Good,Jigawa,14350077
Nissan,2018,110035,Petrol,Auto,3,124,Good,Jigawa,11569755
Nissan,2024,193905,Petrol,Auto,2,211,Good,Jigawa,10752665
Nissan,2017,135908,Petrol,Auto,3.7,110,Good,Jigawa,12498644
Nissan,2018,195490,Petrol,Auto,2.7,89,Good,Jigawa,10021570
Nissan,2011,158600,Petrol,Auto,2.7,121,Good,Jigawa,9549800
Nissan,2020,83463,Petrol,Auto,2.9,238,Good,Jigawa,12995759
Nissan,2019,139811,Petrol,Auto,1.9,200,Good,Jigawa,10071323
Nissan,2023,152959,Petrol,Auto,3.5,350,Good,Jigawa,15279287
Nissan,2011,50740,Petrol,Auto,1.5,269,Good,Jigawa,9384820
Nissan,2010,72832,Petrol,Auto,2,222,Good,Jigawa,9610176
Nissan,2013,53204,Petrol,Auto,2.5,145,Good,Jigawa,10427572
Nissan,2014,112440,Petrol,Auto,2.4,254,Good,Jigawa,11052920
Nissan,2024,12431,Petrol,Auto,3.3,238,Good,Jigawa,14892983
Nissan,2017,107791,Petrol,Auto,3.2,302,Good,Jigawa,13615463
Nissan,2021,154581,Petrol,Auto,2.8,209,Good,Jigawa,12157933
Nissan,2020,180344,Petrol,Auto,2.8,83,Good,Jigawa,10567592
Nissan,2014,91157,Petrol,Auto,2,120,Good,Jigawa,9061901
Nissan,2018,181197,Petrol,Auto,2.4,143,Good,Jigawa,10061621
Nissan,2010,102095,Petrol,Auto,2.3,156,Good,Jigawa,9345335
Nissan,2011,157208,Petrol,Auto,3,146,Good,Jigawa,10409544
Nissan,2017,145603,Petrol,Auto,3.5,121,Good,Jigawa,12140779
Nissan,2014,188261,Petrol,Auto,3.8,210,Good,Jigawa,12882173
Nissan,2010,10574,Petrol,Auto,2.2,149,Good,Jigawa,9715982
Nissan,2011,189253,Petrol,Auto,2.1,341,Good,Jigawa,10335229
Nissan,2024,86639,Petrol,Auto,3.5,173,Good,Jigawa,14123527
Nissan,2021,116551,Petrol,Auto,3.7,155,Good,Jigawa,13684143
Nissan,2020,54480,Petrol,Auto,3.9,253,Good,Jigawa,15348640
Nissan,2012,62148,Petrol,Auto,3.8,266,Good,Jigawa,14024964
Nissan,2022,137666,Petrol,Auto,1.8,312,Good,Jigawa,11456338
Nissan,2011,186412,Petrol,Auto,2.7,218,Good,Jigawa,10325116
Nissan,2022,122225,Petrol,Auto,2.6,231,Good,Jigawa,12354425
Nissan,2018,42719,Petrol,Auto,1.2,245,Good,Jigawa,9650967
Nissan,2016,49771,Petrol,Auto,1.2,195,Good,Jigawa,8801603
Nissan,2015,161296,Petrol,Auto,3.3,142,Good,Jigawa,11540928
Nissan,2024,26350,Petrol,Auto,3.7,295,Good,Jigawa,16165550
Nissan,2022,130977,Petrol,Auto,1.3,266,Good,Jigawa,10043161
Nissan,2019,192859,Petrol,Auto,2.9,288,Good,Jigawa,12579987
Nissan,2012,70577,Petrol,Auto,2.4,348,Good,Jigawa,11985961
Nissan,2023,97294,Petrol,Auto,2.1,206,Good,Jigawa,11428942
Nissan,2020,151443,Petrol,Auto,3.3,293,Good,Jigawa,13869899
Nissan,2011,74318,Petrol,Auto,3.1,117,Good,Jigawa,10899774
Nissan,2023,36761,Petrol,Auto,3.8,323,Good,Jigawa,16422673
Nissan,2013,38047,Petrol,Auto,3.9,82,Good,Jigawa,12703671
Nissan,2022,41371,Petrol,Auto,3.4,192,Good,Jigawa,14130403
Nissan,2022,182420,Petrol,Auto,3.4,207,Good,Jigawa,13293060
Nissan,2017,24934,Petrol,Auto,1.9,290,Good,Jigawa,11475462
Nissan,2019,14832,Petrol,Auto,2.6,171,Good,Jigawa,12056176
Nissan,2015,116462,Petrol,Auto,1.8,191,Good,Jigawa,9344766
Nissan,2021,98683,Petrol,Auto,2.5,340,Good,Jigawa,13259219
Nissan,2017,66675,Petrol,Auto,2.6,322,Good,Jigawa,12903275
Nissan,2022,111739,Petrol,Auto,2.4,316,Good,Jigawa,12877827
Nissan,2019,101899,Petrol,Auto,3.3,218,Good,Jigawa,13316707
Nissan,2024,29948,Petrol,Auto,3.2,266,Good,Jigawa,14850364
Nissan,2017,16495,Petrol,Auto,2.8,204,Good,Jigawa,12474535
Nissan,2014,96592,Petrol,Auto,3,143,Good,Jigawa,11253856
Nissan,2015,53429,Petrol,Auto,2.5,328,Good,Jigawa,12555997
Nissan,2023,71666,Petrol,Auto,2.2,296,Good,Jigawa,12708338
Nissan,2018,171881,Petrol,Auto,3.5,253,Good,Jigawa,13426833
Nissan,2016,144665,Petrol,Auto,2.8,242,Good,Jigawa,11807345
Nissan,2022,188885,Petrol,Auto,2,188,Good,Jigawa,10257805
Nissan,2023,32825,Petrol,Auto,1.6,129,Good,Jigawa,10110225
Nissan,2017,191483,Petrol,Auto,3.7,326,Good,Jigawa,14269619
Nissan,2012,98643,Petrol,Auto,1.3,231,Good,Jigawa,8419499
Nissan,2020,19266,Petrol,Auto,2.4,218,Good,Jigawa,12245138
Nissan,2024,69931,Petrol,Auto,2.6,109,Good,Jigawa,11800483
Nissan,2011,11355,Petrol,Auto,2.8,263,Good,Jigawa,12200515
Nissan,2016,191252,Petrol,Auto,1.3,333,Good,Jigawa,9391236
Nissan,2014,190319,Petrol,Auto,2.9,338,Good,Jigawa,12347767
Nissan,2022,141384,Petrol,Auto,1,142,Good,Jigawa,8130312
Nissan,2019,32870,Petrol,Auto,3.2,331,Good,Jigawa,14729910
Nissan,2021,65500,Petrol,Auto,3,117,Good,Jigawa,12261500
Nissan,2023,15702,Petrol,Auto,3.7,125,Good,Jigawa,14390086
Nissan,2015,33686,Petrol,Auto,2.3,234,Good,Jigawa,11354198
Nissan,2015,187748,Petrol,Auto,2,228,Good,Jigawa,9615764
Nissan,2011,31827,Petrol,Auto,2,274,Good,Jigawa,10567211
Nissan,2011,194310,Petrol,Auto,2.6,321,Good,Jigawa,11099830
Nissan,2020,22313,Petrol,Auto,2.5,178,Good,Jigawa,12023809
Nissan,2021,50094,Petrol,Auto,1,187,Good,Jigawa,9069342
Nissan,2013,120450,Petrol,Auto,1.5,219,Good,Jigawa,8696850
Nissan,2024,159588,Petrol,Auto,3.1,249,Good,Jigawa,13572884
Nissan,2016,33910,Petrol,Auto,3.1,189,Good,Jigawa,12652630
Nissan,2014,38201,Petrol,Auto,1.6,201,Good,Jigawa,9442593
Nissan,2014,102927,Petrol,Auto,2.2,110,Good,Jigawa,9279511
Nissan,2021,25643,Petrol,Auto,2.6,115,Good,Jigawa,11720499
Nissan,2020,47147,Petrol,Auto,3.2,109,Good,Jigawa,12559971
Nissan,2011,36856,Petrol,Auto,1.4,181,Good,Jigawa,8402008
Nissan,2011,182874,Petrol,Auto,2.6,266,Good,Jigawa,10629882
Nissan,2022,139578,Petrol,Auto,2.4,239,Good,Jigawa,11912954
Nissan,2017,139400,Petrol,Auto,1.6,96,Good,Jigawa,8134200
Nissan,2014,51671,Petrol,Auto,1.6,283,Good,Jigawa,10168303
Nissan,2020,188260,Petrol,Auto,2.9,155,Good,Jigawa,11432180
Nissan,2016,134956,Petrol,Auto,2.5,161,Good,Jigawa,10465308
Nissan,2015,56448,Petrol,Auto,1.2,338,Good,Jigawa,10034864
Nissan,2010,141512,Petrol,Auto,2.1,114,Good,Jigawa,8249416
Nissan,2015,95175,Petrol,Auto,3,178,Good,Jigawa,11763775
Nissan,2010,179520,Petrol,Auto,3.9,337,Good,Jigawa,13813360
Nissan,2012,188649,Petrol,Auto,1.5,198,Good,Jigawa,7859457
Nissan,2021,111251,Petrol,Auto,4,122,Good,Jigawa,13991243
Nissan,2011,162987,Petrol,Auto,1.4,84,Good,Jigawa,6549091
Nissan,2017,66971,Petrol,Auto,1.4,323,Good,Jigawa,10511203
Nissan,2022,187329,Petrol,Auto,1.7,206,Good,Jigawa,9848697
Nissan,2012,61917,Petrol,Auto,1.7,142,Good,Jigawa,8586581
Nissan,2019,151951,Petrol,Auto,1.5,274,Good,Jigawa,9926343
Nissan,2018,190693,Petrol,Auto,1.8,248,Good,Jigawa,9845149
Nissan,2010,64630,Petrol,Auto,2.6,171,Good,Jigawa,10357590
Nissan,2017,165551,Petrol,Auto,2.5,289,Good,Jigawa,11681143
Nissan,2018,174388,Petrol,Auto,1.2,245,Good,Jigawa,8729284
Nissan,2010,176234,Petrol,Auto,3.6,247,Good,Jigawa,12336362
Nissan,2020,20342,Petrol,Auto,2.8,226,Good,Jigawa,13117606
Nissan,2011,115696,Petrol,Auto,3.4,132,Good,Jigawa,11360128
Nissan,2020,72006,Petrol,Auto,3.5,233,Good,Jigawa,14225958
Nissan,2012,151242,Petrol,Auto,3.5,232,Good,Jigawa,12461306
Nissan,2019,23978,Petrol,Auto,2,119,Good,Jigawa,10272154
Nissan,2022,95978,Petrol,Auto,3.8,299,Good,Jigawa,15618154
Nissan,2017,70754,Petrol,Auto,2,238,Good,Jigawa,10834722
Nissan,2022,30683,Petrol,Auto,2.2,303,Good,Jigawa,12915219
Nissan,2010,73139,Petrol,Auto,3.2,250,Good,Jigawa,12288027
Nissan,2019,50778,Petrol,Auto,2.6,344,Good,Jigawa,13534554
Nissan,2015,71489,Petrol,Auto,2.1,304,Good,Jigawa,11389577
Nissan,2012,116664,Petrol,Auto,3.2,333,Good,Jigawa,13113352
Nissan,2010,147509,Petrol,Auto,1,126,Good,Jigawa,6127437
Nissan,2013,95808,Petrol,Auto,2.1,206,Good,Jigawa,9939344
Nissan,2024,40921,Petrol,Auto,1.2,146,Good,Jigawa,9573553
Nissan,2014,143244,Petrol,Auto,3,206,Good,Jigawa,11557292
Nissan,2020,196964,Petrol,Auto,3.3,146,Good,Jigawa,12081252
Nissan,2022,92077,Petrol,Auto,1.8,283,Good,Jigawa,11485461
Nissan,2018,60841,Petrol,Auto,3.6,169,Good,Jigawa,13564113
Nissan,2024,112340,Petrol,Auto,2.7,94,Good,Jigawa,11553620
Nissan,2013,91153,Petrol,Auto,3.3,141,Good,Jigawa,11721929
Nissan,2017,143325,Petrol,Auto,3.2,300,Good,Jigawa,13346725
Nissan,2021,115567,Petrol,Auto,1.4,303,Good,Jigawa,10571031
Nissan,2024,164791,Petrol,Auto,1.7,174,Good,Jigawa,9986463
Nissan,2017,169959,Petrol,Auto,3.6,142,Good,Jigawa,12380287
Nissan,2012,148683,Petrol,Auto,1.5,226,Good,Jigawa,8419219
Nissan,2011,150066,Petrol,Auto,3.6,99,Good,Jigawa,11189538
Nissan,2024,157420,Petrol,Auto,3.3,185,Good,Jigawa,13348060
Nissan,2013,117825,Petrol,Auto,1.3,235,Good,Jigawa,8475225
Nissan,2019,173923,Petrol,Auto,3.5,342,Good,Jigawa,14452539
Nissan,2014,23086,Petrol,Auto,3.5,83,Good,Jigawa,12168398
Nissan,2013,192826,Petrol,Auto,1.9,226,Good,Jigawa,9060218
Nissan,2020,14775,Petrol,Auto,2.8,285,Good,Jigawa,13746575
Nissan,2019,29884,Petrol,Auto,2.8,327,Good,Jigawa,13910812
Nissan,2019,138202,Petrol,Auto,3.1,233,Good,Jigawa,12812586
Nissan,2011,169198,Petrol,Auto,1.9,186,Good,Jigawa,8525614
Nissan,2013,30276,Petrol,Auto,1.4,251,Good,Jigawa,9448068
Nissan,2014,15372,Petrol,Auto,2.6,92,Good,Jigawa,10512396
Nissan,2011,170160,Petrol,Auto,2,200,Good,Jigawa,8858880
Nissan,2017,156409,Petrol,Auto,1.5,327,Good,Jigawa,10125137
Nissan,2014,36940,Petrol,Auto,1.5,225,Good,Jigawa,9491420
Nissan,2023,44445,Petrol,Auto,2.7,276,Good,Jigawa,13698885
Nissan,2020,104159,Petrol,Auto,1.5,316,Good,Jigawa,10830887
Nissan,2017,95189,Petrol,Auto,1.5,104,Good,Jigawa,8323677
Nissan,2015,159298,Petrol,Auto,3.3,262,Good,Jigawa,12754914
Nissan,2020,135710,Petrol,Auto,3.2,132,Good,Jigawa,12170030
Nissan,2010,167936,Petrol,Auto,2.5,195,Good,Jigawa,9674448
Nissan,2019,62653,Petrol,Auto,2.9,154,Good,Jigawa,12151429
Nissan,2021,187315,Petrol,Auto,3.4,110,Good,Jigawa,12138795
Nissan,2022,76569,Petrol,Auto,2,186,Good,Jigawa,11024017
Nissan,2021,62445,Petrol,Auto,1.4,136,Good,Jigawa,9272885
Nissan,2021,52888,Petrol,Auto,2.4,225,Good,Jigawa,12229784
Nissan,2013,198584,Petrol,Auto,3.7,138,Good,Jigawa,11739912
Nissan,2012,100600,Petrol,Auto,3.4,262,Good,Jigawa,12915800
Nissan,2015,184645,Petrol,Auto,1,95,Good,Jigawa,6307485
Nissan,2012,42540,Petrol,Auto,2.7,95,Good,Jigawa,10252220
Nissan,2014,196417,Petrol,Auto,3.2,192,Good,Jigawa,11445081
Nissan,2021,182771,Petrol,Auto,1.8,283,Good,Jigawa,10700603
Nissan,2020,164997,Petrol,Auto,2.5,318,Good,Jigawa,12425021
Nissan,2015,189753,Petrol,Auto,3.9,151,Good,Jigawa,12631729
Nissan,2016,164427,Petrol,Auto,1.6,343,Good,Jigawa,10279011
Nissan,2019,188973,Petrol,Auto,3.5,220,Good,Jigawa,13127189
Nissan,2022,127305,Petrol,Auto,1.9,253,Good,Jigawa,11138865
Nissan,2014,149522,Petrol,Auto,1.9,346,Good,Jigawa,10713346
Nissan,2018,12231,Petrol,Auto,3.3,160,Good,Jigawa,13214383
Nissan,2022,95615,Petrol,Auto,3.2,237,Good,Jigawa,13800695
Nissan,2011,149250,Petrol,Auto,2.2,293,Good,Jigawa,10335250
Nissan,2010,128090,Petrol,Auto,1.2,129,Good,Jigawa,6693370
Nissan,2015,57335,Petrol,Auto,3.2,243,Good,Jigawa,13078655
Nissan,2013,130022,Petrol,Auto,3.2,131,Good,Jigawa,11149846
Nissan,2024,18019,Petrol,Auto,1.7,153,Good,Jigawa,10803867
Nissan,2013,176191,Petrol,Auto,1.2,171,Good,Jigawa,7226663
Nissan,2010,45417,Petrol,Auto,1.5,119,Good,Jigawa,7772081
Nissan,2015,107516,Petrol,Auto,2.6,298,Good,Jigawa,12077388
Nissan,2022,131874,Petrol,Auto,1.8,274,Good,Jigawa,11116882
Nissan,2018,136404,Petrol,Auto,1.8,274,Good,Jigawa,10485172
Nissan,2011,147956,Petrol,Auto,3.4,173,Good,Jigawa,11544308
Nissan,2010,39914,Petrol,Auto,4,112,Good,Jigawa,12740602
Nissan,2019,17239,Petrol,Auto,1.4,315,Good,Jigawa,11079327
Nissan,2015,28307,Petrol,Auto,4,155,Good,Jigawa,14001851
Nissan,2020,90223,Petrol,Auto,2.3,274,Good,Jigawa,12108439
Nissan,2015,156161,Petrol,Auto,2.1,262,Good,Jigawa,10376873
Nissan,2022,54486,Petrol,Auto,2.7,190,Good,Jigawa,12618598
Nissan,2013,173289,Petrol,Auto,1.8,247,Good,Jigawa,9206977
Nissan,2017,53445,Petrol,Auto,1.1,147,Good,Jigawa,8245885
Nissan,2014,138579,Petrol,Auto,3.5,252,Good,Jigawa,13049947
Nissan,2015,44420,Petrol,Auto,3.6,332,Good,Jigawa,14859060
Nissan,2016,154379,Petrol,Auto,2,167,Good,Jigawa,9389347
Nissan,2014,163466,Petrol,Auto,3.2,227,Good,Jigawa,12025738
Nissan,2024,185860,Petrol,Auto,2.6,274,Good,Jigawa,12638980
Nissan,2012,44088,Petrol,Auto,1.8,345,Good,Jigawa,10941384
Nissan,2011,128026,Petrol,Auto,3.8,132,Good,Jigawa,12073818
Nissan,2011,77752,Petrol,Auto,1.9,80,Good,Jigawa,8105736
Nissan,2016,22391,Petrol,Auto,3.1,154,Good,Jigawa,12383263
Nissan,2013,57219,Petrol,Auto,3.3,275,Good,Jigawa,13299467
Nissan,2012,199142,Petrol,Auto,3.9,258,Good,Jigawa,13186006
Nissan,2013,96946,Petrol,Auto,3.9,170,Good,Jigawa,13171378
Nissan,2011,197279,Petrol,Auto,2.2,170,Good,Jigawa,8769047
Nissan,2024,94995,Petrol,Auto,3.5,123,Good,Jigawa,13565035
Nissan,2019,68789,Petrol,Auto,2.9,186,Good,Jigawa,12428477
Nissan,2023,50122,Petrol,Auto,2.2,307,Good,Jigawa,12969146
Nissan,2013,38765,Petrol,Auto,1.3,166,Good,Jigawa,8338645
Nissan,2016,107620,Petrol,Auto,3,217,Good,Jigawa,12216660
Nissan,2022,186443,Petrol,Auto,1.3,251,Good,Jigawa,9504899
Nissan,2021,134808,Petrol,Auto,3.1,317,Good,Jigawa,13976344
Nissan,2010,197280,Petrol,Auto,3.3,174,Good,Jigawa,10859040
Nissan,2019,142607,Petrol,Auto,2.4,234,Good,Jigawa,11391751
Nissan,2010,192700,Petrol,Auto,3.4,280,Good,Jigawa,12151100
Nissan,2022,12028,Petrol,Auto,2.4,108,Good,Jigawa,11495804
Nissan,2016,91986,Petrol,Auto,2.9,195,Good,Jigawa,11906098
Nissan,2023,58169,Petrol,Auto,2.7,210,Good,Jigawa,12942817
Nissan,2019,120152,Petrol,Auto,2.1,124,Good,Jigawa,9848936
Nissan,2018,125927,Petrol,Auto,1.6,124,Good,Jigawa,8658511
Nissan,2016,84395,Petrol,Auto,3.6,138,Good,Jigawa,12789235
Nissan,2011,83104,Petrol,Auto,3.4,181,Good,Jigawa,12078272
Nissan,2011,177236,Petrol,Auto,3.1,122,Good,Jigawa,10229348
Nissan,2024,62820,Petrol,Auto,2.4,204,Good,Jigawa,12400260
Nissan,2020,96808,Petrol,Auto,1.3,104,Good,Jigawa,8362344
Nissan,2012,82559,Petrol,Auto,1.7,236,Good,Jigawa,9382087
Nissan,2021,123372,Petrol,Auto,2.4,83,Good,Jigawa,10316396
Nissan,2022,177746,Petrol,Auto,1.9,336,Good,Jigawa,11615778
Nissan,2013,94216,Petrol,Auto,2.2,266,Good,Jigawa,10750488
Nissan,2015,94179,Petrol,Auto,2.6,266,Good,Jigawa,11850747
Nissan,2022,85933,Petrol,Auto,1.8,133,Good,Jigawa,10028469
Nissan,2021,68260,Petrol,Auto,2.9,148,Good,Jigawa,12352180
Nissan,2023,191079,Petrol,Auto,3,186,Good,Jigawa,12372447
Nissan,2021,111853,Petrol,Auto,3.4,97,Good,Jigawa,12537029
Nissan,2017,28623,Petrol,Auto,2.1,88,Good,Jigawa,9829639
Nissan,2010,19488,Petrol,Auto,3,118,Good,Jigawa,10943584
Nissan,2020,91326,Petrol,Auto,1.6,165,Good,Jigawa,9610718
Nissan,2010,43898,Petrol,Auto,2.2,264,Good,Jigawa,10632714
Nissan,2018,163766,Petrol,Auto,1,102,Good,Jigawa,6973638
Nissan,2022,156470,Petrol,Auto,2.4,297,Good,Jigawa,12374710
Nissan,2010,159056,Petrol,Auto,3.4,342,Good,Jigawa,13006608
Nissan,2010,54776,Petrol,Auto,1.1,297,Good,Jigawa,8686568
Nissan,2016,74586,Petrol,Auto,1.4,193,Good,Jigawa,9007898
Nissan,2012,123456,Petrol,Auto,3.6,304,Good,Jigawa,13575808
Nissan,2024,132563,Petrol,Auto,3.9,144,Good,Jigawa,14312059
Nissan,2015,170679,Petrol,Auto,2.4,200,Good,Jigawa,10255247
Nissan,2013,91742,Petrol,Auto,2.6,159,Good,Jigawa,10497806
Nissan,2014,124640,Petrol,Auto,3.2,344,Good,Jigawa,13467520
Nissan,2023,128068,Petrol,Auto,2.3,84,Good,Jigawa,10393524
Nissan,2010,177912,Petrol,Auto,1.7,266,Good,Jigawa,8714616
Nissan,2010,60632,Petrol,Auto,2.5,326,Good,Jigawa,11735576
Nissan,2017,53351,Petrol,Auto,3.6,291,Good,Jigawa,14686543
Nissan,2020,77559,Petrol,Auto,1.5,86,Good,Jigawa,8717087
Nissan,2023,126701,Petrol,Auto,3.7,98,Good,Jigawa,13343093
Nissan,2024,11477,Petrol,Auto,2.9,261,Good,Jigawa,14329661
Nissan,2012,64145,Petrol,Auto,2.9,92,Good,Jigawa,10470985
Nissan,2011,115409,Petrol,Auto,1.1,81,Good,Jigawa,6252137
Nissan,2016,65486,Petrol,Auto,1.7,229,Good,Jigawa,10031598
Nissan,2021,32186,Petrol,Auto,1,319,Good,Jigawa,10514698
Nissan,2021,105107,Petrol,Auto,2,234,Good,Jigawa,11154251
Nissan,2023,194827,Petrol,Auto,1.5,143,Good,Jigawa,8916211
Nissan,2020,48295,Petrol,Auto,2.4,231,Good,Jigawa,12171935
Nissan,2019,193907,Petrol,Auto,2.4,336,Good,Jigawa,12052651
Nissan,2017,77526,Petrol,Auto,1.6,319,Good,Jigawa,10797318
Nissan,2014,174567,Petrol,Auto,3.8,313,Good,Jigawa,14008031
Nissan,2023,192524,Petrol,Auto,1.4,80,Good,Jigawa,8102332
Nissan,2013,100558,Petrol,Auto,1.9,348,Good,Jigawa,10926094
Nissan,2019,197050,Petrol,Auto,2.6,327,Good,Jigawa,12340650
Nissan,2013,84551,Petrol,Auto,4,148,Good,Jigawa,13238143
Nissan,2010,87786,Petrol,Auto,2.8,192,Good,Jigawa,10805498
Nissan,2016,127902,Petrol,Auto,2.5,295,Good,Jigawa,11854686
Nissan,2013,54996,Petrol,Auto,2.9,270,Good,Jigawa,12465028
Nissan,2020,21592,Petrol,Auto,1.7,240,Good,Jigawa,11048856
Nissan,2023,77522,Petrol,Auto,1.7,255,Good,Jigawa,11257346
Nissan,2013,171238,Petrol,Auto,2.7,284,Good,Jigawa,11391334
Nissan,2023,186699,Petrol,Auto,2.7,265,Good,Jigawa,12593107
Nissan,2011,49239,Petrol,Auto,1.7,155,Good,Jigawa,8655327
Nissan,2023,94504,Petrol,Auto,3.7,96,Good,Jigawa,13548472
Nissan,2024,52906,Petrol,Auto,3.7,211,Good,Jigawa,15139658
Nissan,2011,39861,Petrol,Auto,3.8,96,Good,Jigawa,12330973
Nissan,2014,179550,Petrol,Auto,3.2,205,Good,Jigawa,11693150
Nissan,2016,154253,Petrol,Auto,2.2,105,Good,Jigawa,9170229
Nissan,2023,25525,Petrol,Auto,2.2,295,Good,Jigawa,13021325
Nissan,2012,54628,Petrol,Auto,1.6,284,Good,Jigawa,9857604
Nissan,2018,145902,Petrol,Auto,3.8,154,Good,Jigawa,13218686
Nissan,2017,103527,Petrol,Auto,3,139,Good,Jigawa,11615311
Nissan,2024,76676,Petrol,Auto,2.4,124,Good,Jigawa,11503268
Nissan,2018,39725,Petrol,Auto,2,141,Good,Jigawa,10231925
Nissan,2012,129643,Petrol,Auto,1.2,196,Good,Jigawa,7652499
Nissan,2023,95852,Petrol,Auto,2.7,184,Good,Jigawa,12419036
Nissan,2017,89499,Petrol,Auto,1.3,316,Good,Jigawa,10083507
Nissan,2015,197544,Petrol,Auto,1.9,147,Good,Jigawa,8537192
Nissan,2017,62790,Petrol,Auto,3.2,160,Good,Jigawa,12510470
Nissan,2017,71498,Petrol,Auto,4,122,Good,Jigawa,13669514
Nissan,2021,142766,Petrol,Auto,2.5,246,Good,Jigawa,12010638
Nissan,2012,157765,Petrol,Auto,3.5,199,Good,Jigawa,12085645
Nissan,2010,23648,Petrol,Auto,1.9,335,Good,Jigawa,10884464
Nissan,2016,154778,Petrol,Auto,1.9,299,Good,Jigawa,10506554
Nissan,2021,62685,Petrol,Auto,1.5,247,Good,Jigawa,10581205
Nissan,2018,153366,Petrol,Auto,3.6,99,Good,Jigawa,12216438
Nissan,2013,143744,Petrol,Auto,3.8,278,Good,Jigawa,13723792
Nissan,2020,155504,Petrol,Auto,3.7,345,Good,Jigawa,15161472
Nissan,2016,148380,Petrol,Auto,1.8,319,Good,Jigawa,10551340
Nissan,2020,164378,Petrol,Auto,2.8,157,Good,Jigawa,11419354
Nissan,2019,42291,Petrol,Auto,1.4,84,Good,Jigawa,8593963
Nissan,2012,88576,Petrol,Auto,2.7,258,Good,Jigawa,11559968
Nissan,2013,116669,Petrol,Auto,3.6,158,Good,Jigawa,12313317
Nissan,2017,92159,Petrol,Auto,1.2,303,Good,Jigawa,9734887
Nissan,2024,57080,Petrol,Auto,3.9,204,Good,Jigawa,15440440
Nissan,2019,159467,Petrol,Auto,1.6,134,Good,Jigawa,8673731
Nissan,2022,179490,Petrol,Auto,1.4,257,Good,Jigawa,9813570
Nissan,2020,168202,Petrol,Auto,1.9,114,Good,Jigawa,9162586
Nissan,2010,154801,Petrol,Auto,2.8,273,Good,Jigawa,11146393
Nissan,2015,10015,Petrol,Auto,3.2,312,Good,Jigawa,14099895
Nissan,2013,188595,Petrol,Auto,3.5,317,Good,Jigawa,13199835
Nissan,2011,143423,Petrol,Auto,2.3,157,Good,Jigawa,9216039
Nissan,2019,152736,Petrol,Auto,2,284,Good,Jigawa,11020848
Nissan,2024,113811,Petrol,Auto,2.1,320,Good,Jigawa,12603323
Nissan,2017,60570,Petrol,Auto,2.3,86,Good,Jigawa,9986010
Nissan,2017,18021,Petrol,Auto,3.1,234,Good,Jigawa,13363853
Nissan,2019,177811,Petrol,Auto,2.7,155,Good,Jigawa,10955323
Nissan,2012,21759,Petrol,Auto,2.8,172,Good,Jigawa,11367687
Nissan,2024,142837,Petrol,Auto,4,245,Good,Jigawa,15450141
Nissan,2022,27563,Petrol,Auto,2.1,229,Good,Jigawa,11997059
Nissan,2022,174299,Petrol,Auto,3.2,348,Good,Jigawa,14359907
Nissan,2019,96227,Petrol,Auto,3.3,247,Good,Jigawa,13646411
Nissan,2013,177339,Petrol,Auto,3.6,254,Good,Jigawa,12848627
Nissan,2020,107838,Petrol,Auto,2.1,308,Good,Jigawa,11925134
Nissan,2016,22145,Petrol,Auto,2.5,284,Good,Jigawa,12484985
Nissan,2024,38396,Petrol,Auto,2.7,225,Good,Jigawa,13381228
Nissan,2021,46509,Petrol,Auto,3.8,86,Good,Jigawa,13684437
Nissan,2014,154667,Petrol,Auto,1.6,286,Good,Jigawa,9477331
Nissan,2021,114271,Petrol,Auto,1.1,308,Good,Jigawa,10030103
Nissan,2019,162906,Petrol,Auto,3.3,85,Good,Jigawa,11559658
Nissan,2017,111398,Petrol,Auto,3.9,138,Good,Jigawa,13350214
Nissan,2019,89526,Petrol,Auto,1.7,260,Good,Jigawa,10623318
Nissan,2019,12304,Petrol,Auto,1.7,346,Good,Jigawa,12023872
Nissan,2013,128081,Petrol,Auto,2.7,290,Good,Jigawa,11753433
Nissan,2016,120551,Petrol,Auto,2.1,241,Good,Jigawa,10566143
Nissan,2012,93905,Petrol,Auto,1.1,148,Good,Jigawa,7222665
Nissan,2015,28521,Petrol,Auto,2.4,137,Good,Jigawa,10620353
Nissan,2024,89354,Petrol,Auto,4,339,Good,Jigawa,16764522
Nissan,2019,92765,Petrol,Auto,3,212,Good,Jigawa,12720645
Nissan,2011,66142,Petrol,Auto,2,192,Good,Jigawa,9507006
Nissan,2010,55352,Petrol,Auto,1.1,349,Good,Jigawa,9202536
Nissan,2016,192594,Petrol,Auto,2.4,165,Good,Jigawa,9901842
Nissan,2014,174738,Petrol,Auto,1.3,204,Good,Jigawa,7916834
Nissan,2015,180885,Petrol,Auto,1.1,86,Good,Jigawa,6443805
Nissan,2022,105831,Petrol,Auto,2,325,Good,Jigawa,12209183
Nissan,2024,35616,Petrol,Auto,1.9,339,Good,Jigawa,12940688
Nissan,2014,125566,Petrol,Auto,2.2,285,Good,Jigawa,10871038
Nissan,2020,144141,Petrol,Auto,1.9,313,Good,Jigawa,11321013
Nissan,2014,196534,Petrol,Auto,3.9,150,Good,Jigawa,12424262
Nissan,2024,111371,Petrol,Auto,1.2,110,Good,Jigawa,8720403
Nissan,2010,113905,Petrol,Auto,1.2,102,Good,Jigawa,6522665
Nissan,2017,143256,Petrol,Auto,2.7,260,Good,Jigawa,11947208
Nissan,2022,38049,Petrol,Auto,3.6,229,Good,Jigawa,14923657
Nissan,2010,10734,Petrol,Auto,2.2,242,Good,Jigawa,10644862
Nissan,2012,187300,Petrol,Auto,1,295,Good,Jigawa,7838900
Nissan,2018,59890,Petrol,Auto,2.5,338,Good,Jigawa,13060770
Nissan,2016,154025,Petrol,Auto,1.7,277,Good,Jigawa,9891825
Nissan,2010,164012,Petrol,Auto,2.4,168,Good,Jigawa,9231916
Nissan,2022,48831,Petrol,Auto,3.9,231,Good,Jigawa,15468183
Nissan,2016,101004,Petrol,Auto,1.8,175,Good,Jigawa,9442972
Nissan,2010,17404,Petrol,Auto,3.5,121,Good,Jigawa,11988172
Nissan,2017,182149,Petrol,Auto,3.7,246,Good,Jigawa,13534957
Nissan,2010,118281,Petrol,Auto,1.5,145,Good,Jigawa,7522033
Nissan,2010,197000,Petrol,Auto,1.6,183,Good,Jigawa,7551000
Nissan,2011,77118,Petrol,Auto,3.9,111,Good,Jigawa,12420174
Nissan,2024,91176,Petrol,Auto,1,344,Good,Jigawa,10801768
Nissan,2021,148354,Petrol,Auto,2.6,230,Good,Jigawa,12011522
Nissan,2011,118816,Petrol,Auto,3.6,328,Good,Jigawa,13698288
Nissan,2014,44025,Petrol,Auto,2.1,186,Good,Jigawa,10251825
Nissan,2017,30244,Petrol,Auto,2.6,184,Good,Jigawa,11778292
Nissan,2019,139776,Petrol,Auto,1.2,85,Good,Jigawa,7521568
Nissan,2013,18470,Petrol,Auto,1.1,198,Good,Jigawa,8400710
Nissan,2016,134849,Petrol,Auto,3.6,271,Good,Jigawa,13766057
Nissan,2015,42926,Petrol,Auto,3.8,327,Good,Jigawa,15219518
Nissan,2012,13985,Petrol,Auto,3.9,125,Good,Jigawa,13152105
Nissan,2021,154664,Petrol,Auto,1.8,216,Good,Jigawa,10227352
Nissan,2020,69471,Petrol,Auto,1.2,311,Good,Jigawa,10423703
Nissan,2018,64905,Petrol,Auto,3.5,83,Good,Jigawa,12475665
Nissan,2015,183476,Petrol,Auto,1.5,275,Good,Jigawa,9115668
Nissan,2012,29560,Petrol,Auto,2.9,266,Good,Jigawa,12453080
Nissan,2016,24015,Petrol,Auto,3.5,95,Good,Jigawa,12581895
Nissan,2021,100707,Petrol,Auto,3.2,230,Good,Jigawa,13545051
Nissan,2011,111705,Petrol,Auto,1.7,209,Good,Jigawa,8758065
Nissan,2015,51480,Petrol,Auto,1.3,110,Good,Jigawa,7989640
Nissan,2020,90279,Petrol,Auto,2.3,138,Good,Jigawa,10748047
Nissan,2020,167070,Petrol,Auto,2.9,142,Good,Jigawa,11450510
Nissan,2022,157874,Petrol,Auto,3.1,260,Good,Jigawa,13394882
Nissan,2023,45514,Petrol,Auto,2.1,222,Good,Jigawa,11951402
Nissan,2018,192697,Petrol,Auto,3.8,81,Good,Jigawa,12161121
Nissan,2020,148870,Petrol,Auto,2.5,246,Good,Jigawa,11817910
Nissan,2015,158507,Petrol,Auto,3.7,83,Good,Jigawa,11770451
Nissan,2021,122767,Petrol,Auto,3.1,315,Good,Jigawa,14040631
Nissan,2019,131249,Petrol,Auto,3.6,89,Good,Jigawa,12421257
Nissan,2010,17849,Petrol,Auto,1.4,327,Good,Jigawa,9845057
Nissan,2016,44123,Petrol,Auto,1.2,217,Good,Jigawa,9061139
Nissan,2011,114752,Petrol,Auto,1.9,312,Good,Jigawa,10166736
Nissan,2016,128715,Petrol,Auto,2.8,121,Good,Jigawa,10708995
Nissan,2020,178007,Petrol,Auto,1.3,99,Good,Jigawa,7743951
Nissan,2019,162453,Petrol,Auto,3.5,228,Good,Jigawa,13392829
Nissan,2014,13559,Petrol,Auto,3.5,142,Good,Jigawa,12825087
Nissan,2021,43249,Petrol,Auto,1.9,126,Good,Jigawa,10307257
Nissan,2024,35075,Petrol,Auto,2.8,140,Good,Jigawa,12754475
Nissan,2019,101002,Petrol,Auto,1.2,348,Good,Jigawa,10422986
Nissan,2011,153288,Petrol,Auto,2.1,89,Good,Jigawa,8066984
Nissan,2014,107623,Petrol,Auto,2.5,117,Good,Jigawa,9916639
Nissan,2017,173701,Petrol,Auto,1.3,338,Good,Jigawa,9714093
Nissan,2010,11621,Petrol,Auto,2,314,Good,Jigawa,10958653
Nissan,2015,23375,Petrol,Auto,2.9,348,Good,Jigawa,13766375
Nissan,2022,13446,Petrol,Auto,2.8,202,Good,Jigawa,13225878
Nissan,2012,114976,Petrol,Auto,3.4,240,Good,Jigawa,12595168
Nissan,2019,45402,Petrol,Auto,4,181,Good,Jigawa,14742186
Nissan,2010,144612,Petrol,Auto,2.3,114,Good,Jigawa,8627716
Nissan,2020,20605,Petrol,Auto,1.5,262,Good,Jigawa,10875765
Nissan,2021,92553,Petrol,Auto,1.9,111,Good,Jigawa,9812129
Nissan,2023,140474,Petrol,Auto,2.4,222,Good,Jigawa,11886682
Nissan,2010,120949,Petrol,Auto,2.2,83,Good,Jigawa,8283357
Nissan,2018,170913,Petrol,Auto,1.1,307,Good,Jigawa,9173609
Nissan,2012,81271,Petrol,Auto,4,177,Good,Jigawa,13401103
Nissan,2010,51062,Petrol,Auto,1.9,176,Good,Jigawa,9102566
Nissan,2013,40130,Petrol,Auto,3.3,255,Good,Jigawa,13219090
Nissan,2023,80206,Petrol,Auto,3.7,333,Good,Jigawa,16018558
Nissan,2015,161776,Petrol,Auto,1.5,272,Good,Jigawa,9237568
Nissan,2023,83884,Petrol,Auto,3.2,343,Good,Jigawa,15092812
Nissan,2017,10834,Petrol,Auto,2.2,89,Good,Jigawa,10164162
Nissan,2010,66058,Petrol,Auto,2.8,121,Good,Jigawa,10247594
Nissan,2020,61002,Petrol,Auto,3.8,200,Good,Jigawa,14572986
Nissan,2024,185721,Petrol,Auto,1.2,183,Good,Jigawa,8929953
Nissan,2017,87166,Petrol,Auto,1.5,146,Good,Jigawa,8799838
Nissan,2022,92178,Petrol,Auto,2,225,Good,Jigawa,11304754
Nissan,2018,80620,Petrol,Auto,3.9,165,Good,Jigawa,13985660
Nissan,2023,148923,Petrol,Auto,2.2,241,Good,Jigawa,11617539
Nissan,2018,165321,Petrol,Auto,3.6,148,Good,Jigawa,12622753
Nissan,2013,161412,Petrol,Auto,1.4,103,Good,Jigawa,7050116
Nissan,2021,135424,Petrol,Auto,3.8,310,Good,Jigawa,15302032
Nissan,2022,68850,Petrol,Auto,3.4,87,Good,Jigawa,12888050
Nissan,2020,190145,Petrol,Auto,1.8,299,Good,Jigawa,10658985
Nissan,2021,47908,Petrol,Auto,3,266,Good,Jigawa,13874644
Nissan,2022,58965,Petrol,Auto,2.9,305,Good,Jigawa,14137245
Nissan,2023,53139,Petrol,Auto,2,182,Good,Jigawa,11298027
Nissan,2023,170748,Petrol,Auto,1.7,175,Good,Jigawa,9804764
Nissan,2015,126554,Petrol,Auto,3.5,101,Good,Jigawa,11774122
Nissan,2023,81011,Petrol,Auto,2.1,249,Good,Jigawa,11972923
Nissan,2019,55219,Petrol,Auto,3.4,230,Good,Jigawa,13963467
Nissan,2010,129648,Petrol,Auto,3.9,137,Good,Jigawa,12162464
Nissan,2024,192560,Petrol,Auto,3.6,155,Good,Jigawa,13402080
Nissan,2017,22024,Petrol,Auto,2.4,83,Good,Jigawa,10425832
Nissan,2023,25096,Petrol,Auto,3.4,269,Good,Jigawa,15164328
Nissan,2010,175525,Petrol,Auto,2.5,106,Good,Jigawa,8731325
Nissan,2012,184531,Petrol,Auto,2.3,204,Good,Jigawa,9548283
Nissan,2010,27929,Petrol,Auto,3.6,299,Good,Jigawa,13894497
Nissan,2013,50352,Petrol,Auto,3.4,194,Good,Jigawa,12737536
Nissan,2016,15922,Petrol,Auto,1.2,125,Good,Jigawa,8338546
Nissan,2021,52221,Petrol,Auto,3.2,179,Good,Jigawa,13374453
Nissan,2019,30263,Petrol,Auto,3.4,223,Good,Jigawa,14068159
Nissan,2015,191113,Petrol,Auto,2.1,102,Good,Jigawa,8532209
Nissan,2021,115264,Petrol,Auto,3.8,140,Good,Jigawa,13743152
Nissan,2019,146949,Petrol,Auto,2.2,167,Good,Jigawa,10291357
Nissan,2010,142804,Petrol,Auto,1.8,157,Good,Jigawa,8070372
Nissan,2016,63541,Petrol,Auto,3,325,Good,Jigawa,13605213
Nissan,2017,160268,Petrol,Auto,2.7,120,Good,Jigawa,10428124
Nissan,2014,111002,Petrol,Auto,4,315,Good,Jigawa,14872986
Nissan,2012,51224,Petrol,Auto,2,272,Good,Jigawa,10561432
Nissan,2018,131228,Petrol,Auto,1.1,316,Good,Jigawa,9541404
Nissan,2013,12555,Petrol,Auto,1.1,308,Good,Jigawa,9542115
Nissan,2019,46488,Petrol,Auto,3.7,106,Good,Jigawa,13384584
Nissan,2013,85383,Petrol,Auto,1.9,202,Good,Jigawa,9572319
Nissan,2017,139171,Petrol,Auto,2.6,181,Good,Jigawa,10985803
Nissan,2024,53017,Petrol,Auto,1.9,120,Good,Jigawa,10628881
Nissan,2013,25931,Petrol,Auto,2.2,320,Good,Jigawa,11768483
Nissan,2019,192163,Petrol,Auto,2.6,296,Good,Jigawa,12064859
Nissan,2021,96108,Petrol,Auto,2.5,323,Good,Jigawa,13107244
Nissan,2023,156278,Petrol,Auto,3.6,208,Good,Jigawa,14036054
Nissan,2023,90103,Petrol,Auto,2.7,139,Good,Jigawa,12009279
Nissan,2013,63708,Petrol,Auto,2,141,Good,Jigawa,9314044
Nissan,2023,198340,Petrol,Auto,1.4,164,Good,Jigawa,8901620
Nissan,2019,138951,Petrol,Auto,3.2,196,Good,Jigawa,12637343
Nissan,2023,192201,Petrol,Auto,3.5,305,Good,Jigawa,14554593
Nissan,2020,43544,Petrol,Auto,2.3,195,Good,Jigawa,11645192
Nissan,2020,193385,Petrol,Auto,2.1,97,Good,Jigawa,9216305
Nissan,2020,172303,Petrol,Auto,2.3,249,Good,Jigawa,11283879
Nissan,2018,54196,Petrol,Auto,2.1,154,Good,Jigawa,10460628
Nissan,2015,72831,Petrol,Auto,1.1,350,Good,Jigawa,9840183
Nissan,2012,60849,Petrol,Auto,1.4,299,Good,Jigawa,9564057
Nissan,2013,128878,Petrol,Auto,1.6,252,Good,Jigawa,9167854
Nissan,2023,155637,Petrol,Auto,1.9,308,Good,Jigawa,11640541
Nissan,2015,158904,Petrol,Auto,3.1,84,Good,Jigawa,10577672
Nissan,2012,121226,Petrol,Auto,1.3,214,Good,Jigawa,8091418
Nissan,2022,179304,Petrol,Auto,1.1,252,Good,Jigawa,9164872
Nissan,2010,113310,Petrol,Auto,1.7,215,Good,Jigawa,8656830
Nissan,2012,52400,Petrol,Auto,2.5,192,Good,Jigawa,10753200
Nissan,2014,195567,Petrol,Auto,3.3,265,Good,Jigawa,12381031
Nissan,2015,46679,Petrol,Auto,2.5,164,Good,Jigawa,10963247
Nissan,2013,49291,Petrol,Auto,2.8,292,Good,Jigawa,12524963
Nissan,2017,129663,Petrol,Auto,2,272,Good,Jigawa,10762359
Nissan,2011,161586,Petrol,Auto,2.1,313,Good,Jigawa,10248898
Nissan,2024,20296,Petrol,Auto,2.8,260,Good,Jigawa,14057928
Nissan,2014,133480,Petrol,Auto,1.8,336,Good,Jigawa,10525640
Nissan,2020,140395,Petrol,Auto,2.1,313,Good,Jigawa,11747235
Nissan,2021,138157,Petrol,Auto,3.2,93,Good,Jigawa,11912901
Nissan,2013,80477,Petrol,Auto,3.5,333,Good,Jigawa,14116661
Nissan,2017,30685,Petrol,Auto,1.2,282,Good,Jigawa,9955205
Nissan,2021,45023,Petrol,Auto,3.5,134,Good,Jigawa,13574839
Nissan,2014,29774,Petrol,Auto,2.4,155,Good,Jigawa,10641582
Nissan,2015,48219,Petrol,Auto,3.3,332,Good,Jigawa,14232467
Nissan,2016,120951,Petrol,Auto,2.9,116,Good,Jigawa,10913343
Nissan,2015,111176,Petrol,Auto,3.5,92,Good,Jigawa,11791768
Nissan,2023,178665,Petrol,Auto,1.4,185,Good,Jigawa,9249345
Nissan,2021,109153,Petrol,Auto,3.6,277,Good,Jigawa,14755929
Nissan,2023,57275,Petrol,Auto,3.4,344,Good,Jigawa,15689075
Nissan,2013,53479,Petrol,Auto,3.9,103,Good,Jigawa,12805647
Nissan,2015,151617,Petrol,Auto,1.7,257,Good,Jigawa,9558681
Nissan,2018,35101,Petrol,Auto,2,183,Good,Jigawa,10684293
Nissan,2018,196209,Petrol,Auto,2.2,296,Good,Jigawa,11086537
Nissan,2018,99388,Petrol,Auto,2.7,180,Good,Jigawa,11604284
Nissan,2013,108647,Petrol,Auto,1.5,188,Good,Jigawa,8469471
Nissan,2024,120909,Petrol,Auto,2.9,237,Good,Jigawa,13323637
Nissan,2022,11717,Petrol,Auto,2.2,219,Good,Jigawa,12207981
Nissan,2012,40435,Petrol,Auto,2.4,301,Good,Jigawa,11726955
Nissan,2021,140725,Petrol,Auto,1.3,319,Good,Jigawa,10354925
Nissan,2017,132349,Petrol,Auto,2.6,215,Good,Jigawa,11373557
Nissan,2014,123382,Petrol,Auto,2.8,275,Good,Jigawa,11986326
Nissan,2021,149812,Petrol,Auto,1.5,167,Good,Jigawa,9171316
Nissan,2018,137194,Petrol,Auto,2.8,318,Good,Jigawa,12919642
Nissan,2012,145589,Petrol,Auto,1.1,301,Good,Jigawa,8390877
Nissan,2018,167290,Petrol,Auto,1.5,327,Good,Jigawa,10198970
Nissan,2010,121579,Petrol,Auto,3,209,Good,Jigawa,11138947
Nissan,2019,102936,Petrol,Auto,3.3,146,Good,Jigawa,12589448
Nissan,2024,118558,Petrol,Auto,2.5,221,Good,Jigawa,12380094
Nissan,2023,11866,Petrol,Auto,1.8,151,Good,Jigawa,10876938
Nissan,2017,116701,Petrol,Auto,3.2,348,Good,Jigawa,14013093
Nissan,2021,21218,Petrol,Auto,1.8,195,Good,Jigawa,10951474
Nissan,2023,94919,Petrol,Auto,2.3,186,Good,Jigawa,11645567
Nissan,2018,182784,Petrol,Auto,3.9,261,Good,Jigawa,14230512
Nissan,2017,190548,Petrol,Auto,4,113,Good,Jigawa,12746164
Nissan,2022,70949,Petrol,Auto,2,291,Good,Jigawa,12113357
Nissan,2015,76500,Petrol,Auto,2,330,Good,Jigawa,11414500
Nissan,2012,50645,Petrol,Auto,2.3,341,Good,Jigawa,11855485
Nissan,2024,138709,Petrol,Auto,1.7,111,Good,Jigawa,9539037
Nissan,2024,11533,Petrol,Auto,3.8,145,Good,Jigawa,14969269
Nissan,2023,113860,Petrol,Auto,1.5,118,Good,Jigawa,9232980
Nissan,2017,59385,Petrol,Auto,1.6,138,Good,Jigawa,9114305
Nissan,2011,126354,Petrol,Auto,1.3,262,Good,Jigawa,8385522
Nissan,2016,55086,Petrol,Auto,3.1,101,Good,Jigawa,11624398
Nissan,2019,75757,Petrol,Auto,3.8,277,Good,Jigawa,15089701
Nissan,2020,35196,Petrol,Auto,3.3,290,Good,Jigawa,14653628
Nissan,2016,139577,Petrol,Auto,3.2,114,Good,Jigawa,11362961
Nissan,2015,103233,Petrol,Auto,3,241,Good,Jigawa,12337369
Nissan,2014,129000,Petrol,Auto,3.5,297,Good,Jigawa,13567000
Nissan,2016,90780,Petrol,Auto,3,126,Good,Jigawa,11424540
Nissan,2011,182814,Petrol,Auto,2.5,315,Good,Jigawa,10920302
Nissan,2024,156971,Petrol,Auto,3.4,220,Good,Jigawa,13901203
Nissan,2012,67647,Petrol,Auto,1.4,282,Good,Jigawa,9346471
Nissan,2019,52482,Petrol,Auto,2.8,240,Good,Jigawa,12882626
Nissan,2021,88207,Petrol,Auto,3.1,296,Good,Jigawa,14092551
Nissan,2019,93607,Petrol,Auto,3.1,339,Good,Jigawa,14184751
Nissan,2015,121043,Petrol,Auto,2,212,Good,Jigawa,9922699
Nissan,2017,115697,Petrol,Auto,1.7,123,Good,Jigawa,8770121
Nissan,2016,16141,Petrol,Auto,2.1,140,Good,Jigawa,10287013
Nissan,2023,110446,Petrol,Auto,1.4,86,Good,Jigawa,8736878
Nissan,2011,51875,Petrol,Auto,2.6,211,Good,Jigawa,10996875
Nissan,2012,127880,Petrol,Auto,2.4,258,Good,Jigawa,10684840
Nissan,2016,60715,Petrol,Auto,3.7,124,Good,Jigawa,13014995
Nissan,2017,23172,Petrol,Auto,1.9,253,Good,Jigawa,11117796
Nissan,2019,79238,Petrol,Auto,2.4,104,Good,Jigawa,10535334
Nissan,2011,112398,Petrol,Auto,3,149,Good,Jigawa,10753214
Nissan,2024,25958,Petrol,Auto,3.5,329,Good,Jigawa,16108294
Nissan,2020,185766,Petrol,Auto,3,222,Good,Jigawa,12319638
Nissan,2017,48990,Petrol,Auto,2,260,Good,Jigawa,11207070
Nissan,2014,192916,Petrol,Auto,3.7,323,Good,Jigawa,13779588
Nissan,2010,140577,Petrol,Auto,3.4,95,Good,Jigawa,10665961
Nissan,2018,38799,Petrol,Auto,3.6,171,Good,Jigawa,13738407
Nissan,2011,25254,Petrol,Auto,1.9,337,Good,Jigawa,11043222
Nissan,2012,104296,Petrol,Auto,2.9,121,Good,Jigawa,10479928
Nissan,2011,190931,Petrol,Auto,2.6,207,Good,Jigawa,9983483
Nissan,2017,92308,Petrol,Auto,1.3,274,Good,Jigawa,9643844
Nissan,2015,160776,Petrol,Auto,1.4,224,Good,Jigawa,8564568
Nissan,2010,32301,Petrol,Auto,3.2,175,Good,Jigawa,11823893
Nissan,2011,88259,Petrol,Auto,3.7,144,Good,Jigawa,12272187
Nissan,2019,187883,Petrol,Auto,1.1,259,Good,Jigawa,8724819
Nissan,2011,103486,Petrol,Auto,2.5,215,Good,Jigawa,10475598
Nissan,2010,136718,Petrol,Auto,3.2,215,Good,Jigawa,11492974
Nissan,2016,191948,Petrol,Auto,2,102,Good,Jigawa,8476364
Nissan,2016,53977,Petrol,Auto,2,348,Good,Jigawa,11902161
Nissan,2016,70640,Petrol,Auto,3.5,217,Good,Jigawa,13475520
Nissan,2020,77318,Petrol,Auto,3.8,276,Good,Jigawa,15218774
Nissan,2013,20987,Petrol,Auto,1.7,261,Good,Jigawa,10213091
Nissan,2021,174783,Petrol,Auto,2.7,226,Good,Jigawa,11986519
Nissan,2010,147489,Petrol,Auto,2.9,157,Good,Jigawa,10237577
Nissan,2013,35775,Petrol,Auto,3.9,178,Good,Jigawa,13679575
Nissan,2020,24385,Petrol,Auto,2.3,241,Good,Jigawa,12239305
Nissan,2012,149914,Petrol,Auto,1.4,316,Good,Jigawa,9110602
Nissan,2018,61289,Petrol,Auto,3.9,91,Good,Jigawa,13380977
Nissan,2016,197336,Petrol,Auto,3,122,Good,Jigawa,10638648
Nissan,2021,167426,Petrol,Auto,1.1,287,Good,Jigawa,9448018
Nissan,2021,103324,Petrol,Auto,1.1,87,Good,Jigawa,7896732
Nissan,2017,96195,Petrol,Auto,3.3,185,Good,Jigawa,12726635
Nissan,2016,137962,Petrol,Auto,2,166,Good,Jigawa,9494266
Nissan,2015,65947,Petrol,Auto,2,316,Good,Jigawa,11348371
Nissan,2022,36194,Petrol,Auto,3.6,108,Good,Jigawa,13726642
Nissan,2016,169737,Petrol,Auto,2.7,307,Good,Jigawa,12081841
Nissan,2010,184082,Petrol,Auto,1.8,125,Good,Jigawa,7461426
Nissan,2011,148050,Petrol,Auto,3.5,127,Good,Jigawa,11283650
Nissan,2024,68905,Petrol,Auto,1.3,160,Good,Jigawa,9717665
Nissan,2012,182091,Petrol,Auto,1.3,177,Good,Jigawa,7295363
Nissan,2019,118768,Petrol,Auto,1.1,162,Good,Jigawa,8238624
Nissan,2019,54409,Petrol,Auto,2.7,286,Good,Jigawa,13129137
Nissan,2011,176735,Petrol,Auto,3.7,89,Good,Jigawa,11102855
Nissan,2011,140033,Petrol,Auto,3.7,198,Good,Jigawa,12449769
Nissan,2012,49858,Petrol,Auto,3.7,338,Good,Jigawa,14630994
Nissan,2013,107232,Petrol,Auto,3.6,301,Good,Jigawa,13809376
Nissan,2016,176222,Petrol,Auto,1.7,306,Good,Jigawa,10026446
Nissan,2024,47224,Petrol,Auto,3.4,121,Good,Jigawa,13679432
Nissan,2012,11360,Petrol,Auto,2.9,186,Good,Jigawa,11780480
Nissan,2013,23068,Petrol,Auto,2.5,222,Good,Jigawa,11408524
Nissan,2012,60398,Petrol,Auto,3.8,101,Good,Jigawa,12387214
Nissan,2024,164498,Petrol,Auto,3.9,193,Good,Jigawa,14578514
Nissan,2020,148447,Petrol,Auto,3.9,341,Good,Jigawa,15570871
Nissan,2024,157665,Petrol,Auto,3.2,144,Good,Jigawa,12736345
Nissan,2014,35788,Petrol,Auto,3,346,Good,Jigawa,13709484
Nissan,2019,17428,Petrol,Auto,3.1,128,Good,Jigawa,12608004
Nissan,2012,130122,Petrol,Auto,3.7,320,Good,Jigawa,13889146
Nissan,2010,103828,Petrol,Auto,1.6,199,Good,Jigawa,8363204
Nissan,2018,155998,Petrol,Auto,2,228,Good,Jigawa,10288014
Nissan,2010,41063,Petrol,Auto,2.1,204,Good,Jigawa,9852559
Nissan,2012,181056,Petrol,Auto,2.5,105,Good,Jigawa,8982608
Nissan,2014,90535,Petrol,Auto,1.4,320,Good,Jigawa,9866255
Nissan,2017,144973,Petrol,Auto,3.4,101,Good,Jigawa,11745189
Nissan,2013,103939,Petrol,Auto,2.3,127,Good,Jigawa,9492427
Nissan,2016,154530,Petrol,Auto,1.8,228,Good,Jigawa,9598290
Nissan,2019,177531,Petrol,Auto,1.7,193,Good,Jigawa,9337283
Nissan,2012,25288,Petrol,Auto,1.8,279,Good,Jigawa,10412984
Nissan,2015,59420,Petrol,Auto,2,292,Good,Jigawa,11154060
Nissan,2023,26105,Petrol,Auto,3,338,Good,Jigawa,15047265
Nissan,2013,30311,Petrol,Auto,2,286,Good,Jigawa,10997823
Nissan,2018,94902,Petrol,Auto,3.1,167,Good,Jigawa,12305686
Nissan,2011,136068,Petrol,Auto,3.2,195,Good,Jigawa,11447524
Nissan,2014,137121,Petrol,Auto,2.2,216,Good,Jigawa,10100153
Nissan,2020,104144,Petrol,Auto,1.1,246,Good,Jigawa,9330992
Nissan,2013,143550,Petrol,Auto,2.8,303,Good,Jigawa,11975150
Nissan,2014,104663,Petrol,Auto,3.4,86,Good,Jigawa,11427359
Nissan,2018,19687,Petrol,Auto,3.8,157,Good,Jigawa,14132191
Nissan,2014,84461,Petrol,Auto,3.6,266,Good,Jigawa,13768773
Nissan,2010,77996,Petrol,Auto,1.2,150,Good,Jigawa,7254028
Nissan,2016,192140,Petrol,Auto,1.7,142,Good,Jigawa,8275020
Nissan,2016,25348,Petrol,Auto,3.8,199,Good,Jigawa,14212564
Nissan,2019,72303,Petrol,Auto,1.3,232,Good,Jigawa,9663879
Nissan,2012,86690,Petrol,Auto,1.1,269,Good,Jigawa,8483170
Nissan,2018,19126,Petrol,Auto,2.5,272,Good,Jigawa,12686118
Nissan,2016,120731,Petrol,Auto,3.4,113,Good,Jigawa,11884883
Nissan,2024,44131,Petrol,Auto,2.8,222,Good,Jigawa,13511083
Nissan,2012,152921,Petrol,Auto,2.2,202,Good,Jigawa,9549553
Nissan,2019,120956,Petrol,Auto,2.2,334,Good,Jigawa,12143308
Nissan,2023,41035,Petrol,Auto,3.2,260,Good,Jigawa,14562755
Nissan,2024,76060,Petrol,Auto,2.8,296,Good,Jigawa,14027580
Nissan,2013,117449,Petrol,Auto,1.9,331,Good,Jigawa,10637857
Nissan,2012,111238,Petrol,Auto,3.3,119,Good,Jigawa,11211334
Nissan,2017,165381,Petrol,Auto,3.7,126,Good,Jigawa,12452333
Nissan,2019,176804,Petrol,Auto,2.4,302,Good,Jigawa,11832372
Nissan,2020,34638,Petrol,Auto,1.6,112,Good,Jigawa,9477534
Nissan,2016,69507,Petrol,Auto,3.2,256,Good,Jigawa,13273451
Nissan,2024,138370,Petrol,Auto,3.7,280,Good,Jigawa,15231410
Nissan,2018,135597,Petrol,Auto,2.3,233,Good,Jigawa,11080821
Nissan,2012,15271,Petrol,Auto,1.3,329,Good,Jigawa,9983103
Nissan,2015,134813,Petrol,Auto,1.5,80,Good,Jigawa,7506309
Nissan,2014,26591,Petrol,Auto,1.2,272,Good,Jigawa,9433863
Nissan,2013,151939,Petrol,Auto,1.6,298,Good,Jigawa,9466427
Nissan,2022,176747,Petrol,Auto,1.8,347,Good,Jigawa,11532771
Nissan,2021,73963,Petrol,Auto,2.4,159,Good,Jigawa,11422259
Nissan,2023,11050,Petrol,Auto,3.1,193,Good,Jigawa,13902650
Nissan,2021,48665,Petrol,Auto,1.3,233,Good,Jigawa,10139345
Nissan,2011,79799,Petrol,Auto,2.9,287,Good,Jigawa,12161407
Nissan,2015,138643,Petrol,Auto,3.9,202,Good,Jigawa,13499499
Nissan,2018,116209,Petrol,Auto,2,184,Good,Jigawa,10126537
Nissan,2010,137089,Petrol,Auto,3,317,Good,Jigawa,12110377
Nissan,2020,187218,Petrol,Auto,1.2,337,Good,Jigawa,9859474
Nissan,2019,84017,Petrol,Auto,3.6,144,Good,Jigawa,13301881
Nissan,2021,127884,Petrol,Auto,1.6,277,Good,Jigawa,10624812
Nissan,2010,36917,Petrol,Auto,2.6,237,Good,Jigawa,11211581
Nissan,2012,161871,Petrol,Auto,3.8,321,Good,Jigawa,13876903
Nissan,2012,154091,Petrol,Auto,2,199,Good,Jigawa,9111363
Nissan,2013,27367,Petrol,Auto,1.1,114,Good,Jigawa,7498431
Nissan,2024,17772,Petrol,Auto,1.7,123,Good,Jigawa,10505596
Nissan,2018,83136,Petrol,Auto,2.8,192,Good,Jigawa,12038048
Nissan,2023,68575,Petrol,Auto,2.4,316,Good,Jigawa,13329975
Nissan,2022,30626,Petrol,Auto,1.4,193,Good,Jigawa,10215618
Nissan,2019,87427,Petrol,Auto,3.7,244,Good,Jigawa,14478011
Nissan,2012,70679,Petrol,Auto,1.1,151,Good,Jigawa,7415247
Nissan,2020,157722,Petrol,Auto,2.9,279,Good,Jigawa,12885946
Nissan,2010,121097,Petrol,Auto,3.6,245,Good,Jigawa,12702321
Nissan,2023,112649,Petrol,Auto,3.6,200,Good,Jigawa,14261457
Nissan,2017,128611,Petrol,Auto,1.3,287,Good,Jigawa,9519723
Nissan,2023,183055,Petrol,Auto,2.9,102,Good,Jigawa,11388615
Nissan,2010,10761,Petrol,Auto,3.4,342,Good,Jigawa,14044673
Nissan,2012,122205,Petrol,Auto,2.9,346,Good,Jigawa,12604565
Nissan,2018,21615,Petrol,Auto,2.9,345,Good,Jigawa,14198695
Nissan,2013,81618,Petrol,Auto,3.2,221,Good,Jigawa,12388674
Nissan,2013,26102,Petrol,Auto,1.7,164,Good,Jigawa,9207286
Nissan,2013,116106,Petrol,Auto,1.7,195,Good,Jigawa,8887258
Nissan,2016,139282,Petrol,Auto,2.2,249,Good,Jigawa,10715026
Nissan,2019,167458,Petrol,Auto,3.5,269,Good,Jigawa,13767794
Nissan,2010,64912,Petrol,Auto,3.3,303,Good,Jigawa,13075616
Nissan,2020,12240,Petrol,Auto,1.5,145,Good,Jigawa,9764320
Nissan,2020,79975,Petrol,Auto,2.2,167,Good,Jigawa,10910175
Nissan,2022,142185,Petrol,Auto,1.3,318,Good,Jigawa,10484705
Nissan,2012,64163,Petrol,Auto,3.4,251,Good,Jigawa,13060859
Nissan,2019,179386,Petrol,Auto,2.9,340,Good,Jigawa,13194298
Nissan,2020,60321,Petrol,Auto,1.5,344,Good,Jigawa,11417753
Nissan,2020,16557,Petrol,Auto,1.7,197,Good,Jigawa,10654101
Nissan,2012,165690,Petrol,Auto,2.4,145,Good,Jigawa,9290170
Nissan,2015,19400,Petrol,Auto,2.6,170,Good,Jigawa,11414200
Nissan,2021,55741,Petrol,Auto,3.8,228,Good,Jigawa,15039813
Nissan,2020,101322,Petrol,Auto,3.1,310,Good,Jigawa,13990746
Nissan,2014,56551,Petrol,Auto,1.1,89,Good,Jigawa,7194143
Nissan,2013,23138,Petrol,Auto,3.9,171,Good,Jigawa,13698034
Nissan,2016,178089,Petrol,Auto,3.2,233,Good,Jigawa,12283377
Nissan,2023,22143,Petrol,Auto,3.8,324,Good,Jigawa,16534999
Nissan,2013,137051,Petrol,Auto,3.7,138,Good,Jigawa,12170643
Nissan,2017,159454,Petrol,Auto,2.7,243,Good,Jigawa,11663822
Nissan,2023,12419,Petrol,Auto,1.5,297,Good,Jigawa,11733067
Nissan,2023,181880,Petrol,Auto,2.2,178,Good,Jigawa,10756840
Nissan,2015,121797,Petrol,Auto,1.6,238,Good,Jigawa,9377421
Nissan,2015,195592,Petrol,Auto,1.2,319,Good,Jigawa,8870856
Nissan,2024,31858,Petrol,Auto,3.4,321,Good,Jigawa,15786994
Nissan,2016,197553,Petrol,Auto,3.3,136,Good,Jigawa,11377129
Nissan,2013,173488,Petrol,Auto,3.4,270,Good,Jigawa,12635584
Nissan,2011,102725,Petrol,Auto,2.7,206,Good,Jigawa,10790925
Nissan,2020,119789,Petrol,Auto,3.5,273,Good,Jigawa,14291477
Nissan,2016,122976,Petrol,Auto,2.1,115,Good,Jigawa,9289168
Nissan,2021,38336,Petrol,Auto,3.7,236,Good,Jigawa,15041648
Nissan,2016,123782,Petrol,Auto,3.4,121,Good,Jigawa,11943526
Nissan,2012,190744,Petrol,Auto,3.7,239,Good,Jigawa,12654792
Nissan,2021,140087,Petrol,Auto,1.4,81,Good,Jigawa,8179391
Nissan,2022,160502,Petrol,Auto,3.7,98,Good,Jigawa,12956486
Nissan,2015,72819,Petrol,Auto,1.2,92,Good,Jigawa,7460267
Nissan,2014,158024,Petrol,Auto,3.4,334,Good,Jigawa,13533832
Nissan,2022,191904,Petrol,Auto,2,277,Good,Jigawa,11126672
Nissan,2011,82997,Petrol,Auto,2.9,189,Good,Jigawa,11159021
Nissan,2024,178947,Petrol,Auto,3.3,274,Good,Jigawa,14087371
Nissan,2017,64743,Petrol,Auto,2.2,330,Good,Jigawa,12196799
Nissan,2024,138746,Petrol,Auto,3.3,280,Good,Jigawa,14428778
Nissan,2013,125313,Petrol,Auto,3.4,253,Good,Jigawa,12802809
Nissan,2020,169347,Petrol,Auto,3.3,235,Good,Jigawa,13164571
Nissan,2023,15538,Petrol,Auto,3.7,290,Good,Jigawa,16041234
Nissan,2017,170722,Petrol,Auto,2.4,285,Good,Jigawa,11404946
Nissan,2023,91723,Petrol,Auto,2.2,341,Good,Jigawa,13017939
Nissan,2020,38406,Petrol,Auto,3.6,152,Good,Jigawa,13851158
Nissan,2010,192371,Petrol,Auto,1.5,145,Good,Jigawa,7003403
Nissan,2010,30879,Petrol,Auto,2.9,162,Good,Jigawa,11103847
Nissan,2015,87565,Petrol,Auto,3.8,124,Good,Jigawa,12877045
Nissan,2010,183717,Petrol,Auto,3.2,338,Good,Jigawa,12393981
Nissan,2010,81814,Petrol,Auto,2.4,164,Good,Jigawa,9767302
Nissan,2012,141024,Petrol,Auto,2,169,Good,Jigawa,8902832
Nissan,2016,151020,Petrol,Auto,2.4,96,Good,Jigawa,9502860
Nissan,2022,75114,Petrol,Auto,2.1,89,Good,Jigawa,10264202
Nissan,2014,92506,Petrol,Auto,2.5,312,Good,Jigawa,11972458
Nissan,2012,19057,Petrol,Auto,2.6,129,Good,Jigawa,10556601
Nissan,2012,131732,Petrol,Auto,4,204,Good,Jigawa,13317876
Nissan,2012,10085,Petrol,Auto,1.5,324,Good,Jigawa,10369405
Nissan,2016,127061,Petrol,Auto,3.6,88,Good,Jigawa,11990573
Nissan,2012,117264,Petrol,Auto,2.7,303,Good,Jigawa,11809152
Nissan,2017,134713,Petrol,Auto,2.2,346,Good,Jigawa,11867009
Nissan,2015,190685,Petrol,Auto,2.5,141,Good,Jigawa,9725205
Nissan,2015,112684,Petrol,Auto,3.9,187,Good,Jigawa,13531212
Nissan,2016,124276,Petrol,Auto,1.9,82,Good,Jigawa,8550068
Nissan,2011,126764,Petrol,Auto,3.3,109,Good,Jigawa,10852652
Nissan,2024,198515,Petrol,Auto,2.4,301,Good,Jigawa,12420395
Nissan,2015,80620,Petrol,Auto,1.7,189,Good,Jigawa,9375660
Nissan,2023,31716,Petrol,Auto,2.2,149,Good,Jigawa,11517988
Nissan,2012,74447,Petrol,Auto,3.6,254,Good,Jigawa,13418871
Nissan,2024,131754,Petrol,Auto,3.3,263,Good,Jigawa,14307722
Nissan,2020,34316,Petrol,Auto,2.8,89,Good,Jigawa,11649788
Nissan,2016,152934,Petrol,Auto,2.2,275,Good,Jigawa,10879462
Nissan,2012,38125,Petrol,Auto,2.7,165,Good,Jigawa,10983125
Nissan,2021,65166,Petrol,Auto,1.6,191,Good,Jigawa,10203838
Nissan,2024,130104,Petrol,Auto,1.8,143,Good,Jigawa,10119272
Nissan,2021,62671,Petrol,Auto,3,113,Good,Jigawa,12241303
Nissan,2012,30600,Petrol,Auto,3.9,111,Good,Jigawa,12895800
Nissan,2010,186131,Petrol,Auto,2.6,82,Good,Jigawa,8617083
Nissan,2016,75946,Petrol,Auto,3.5,196,Good,Jigawa,13228378
Nissan,2024,165416,Petrol,Auto,3.8,148,Good,Jigawa,13922088
Nissan,2010,88998,Petrol,Auto,3,237,Good,Jigawa,11647014
Nissan,2022,83201,Petrol,Auto,3.6,336,Good,Jigawa,15677593
Nissan,2010,116026,Petrol,Auto,3.7,121,Good,Jigawa,11697818
Nissan,2011,110640,Petrol,Auto,1.3,94,Good,Jigawa,6815520
Nissan,2010,173119,Petrol,Auto,1.9,333,Good,Jigawa,9818167
Nissan,2011,149622,Petrol,Auto,3.1,87,Good,Jigawa,10072646
Nissan,2020,174471,Petrol,Auto,2.8,241,Good,Jigawa,12188703
Nissan,2017,41617,Petrol,Auto,3.1,331,Good,Jigawa,14168681
Nissan,2014,55923,Petrol,Auto,1.7,242,Good,Jigawa,9928539
Nissan,2015,44069,Petrol,Auto,2.4,251,Good,Jigawa,11651517
Nissan,2020,195863,Petrol,Auto,2.2,279,Good,Jigawa,11218959
Nissan,2011,53598,Petrol,Auto,1.2,263,Good,Jigawa,8704814
Nissan,2021,179036,Petrol,Auto,1.3,117,Good,Jigawa,8066748
Nissan,2017,189036,Petrol,Auto,2.7,346,Good,Jigawa,12486748
Nissan,2019,92393,Petrol,Auto,2.4,299,Good,Jigawa,12393249
Nissan,2018,191719,Petrol,Auto,1.4,251,Good,Jigawa,9067967
Nissan,2021,133541,Petrol,Auto,3.1,232,Good,Jigawa,13135213
Nissan,2015,135401,Petrol,Auto,3.4,172,Good,Jigawa,12222193
Nissan,2011,109874,Petrol,Auto,2.4,300,Good,Jigawa,11080882
Nissan,2015,169722,Petrol,Auto,1.3,209,Good,Jigawa,8151946
Nissan,2014,23442,Petrol,Auto,2,188,Good,Jigawa,10215906
Nissan,2018,64951,Petrol,Auto,1.9,343,Good,Jigawa,11875343
Nissan,2012,102160,Petrol,Auto,1.8,222,Good,Jigawa,9304880
Nissan,2021,49214,Petrol,Auto,1.3,115,Good,Jigawa,8955502
Nissan,2022,27936,Petrol,Auto,3.2,267,Good,Jigawa,14574448
Nissan,2019,155161,Petrol,Auto,3.6,96,Good,Jigawa,12323873
Nissan,2013,74578,Petrol,Auto,3,257,Good,Jigawa,12397954
Nissan,2022,40565,Petrol,Auto,2.5,203,Good,Jigawa,12446045
Nissan,2014,12395,Petrol,Auto,2.7,300,Good,Jigawa,12813235
Nissan,2015,33927,Petrol,Auto,1.8,207,Good,Jigawa,10082511
Nissan,2016,170336,Petrol,Auto,3.5,309,Good,Jigawa,13697648
Nissan,2020,146681,Petrol,Auto,3.1,326,Good,Jigawa,13833233
Nissan,2023,72537,Petrol,Auto,3.8,151,Good,Jigawa,14452241
Nissan,2024,151362,Petrol,Auto,2.9,88,Good,Jigawa,11620466
Nissan,2013,80872,Petrol,Auto,3.7,288,Good,Jigawa,14063896
Nissan,2023,78540,Petrol,Auto,1.3,141,Good,Jigawa,9310220
Nissan,2012,113219,Petrol,Auto,3.4,169,Good,Jigawa,11897467
Nissan,2019,87277,Petrol,Auto,2.9,194,Good,Jigawa,12379061
Nissan,2022,46754,Petrol,Auto,2.7,237,Good,Jigawa,13142722
Nissan,2016,69736,Petrol,Auto,4,209,Good,Jigawa,14401848
Nissan,2022,187422,Petrol,Auto,1.1,198,Good,Jigawa,8568046
Nissan,2018,166462,Petrol,Auto,2.4,116,Good,Jigawa,9894766
Nissan,2011,65650,Petrol,Auto,3.2,144,Good,Jigawa,11430450
Nissan,2023,44098,Petrol,Auto,2.7,142,Good,Jigawa,12361314
Nissan,2017,77073,Petrol,Auto,2.8,235,Good,Jigawa,12360489
Nissan,2010,44745,Petrol,Auto,2.7,167,Good,Jigawa,10656785
Nissan,2021,181033,Petrol,Auto,3.4,224,Good,Jigawa,13322769
Nissan,2011,68815,Petrol,Auto,2,143,Good,Jigawa,8998295
Nissan,2022,32737,Petrol,Auto,3.7,192,Good,Jigawa,14790841
Nissan,2021,168980,Petrol,Auto,2,222,Good,Jigawa,10587140
Nissan,2013,63506,Petrol,Auto,1.6,305,Good,Jigawa,10155458
Nissan,2017,49538,Petrol,Auto,3.6,238,Good,Jigawa,14183234
Nissan,2013,186992,Petrol,Auto,2.1,99,Good,Jigawa,8231056
Nissan,2018,193722,Petrol,Auto,2.7,337,Good,Jigawa,12513946
Nissan,2017,146781,Petrol,Auto,1.6,136,Good,Jigawa,8482533
Nissan,2010,33307,Petrol,Auto,3.3,285,Good,Jigawa,13116851
Nissan,2015,122697,Petrol,Auto,1.2,261,Good,Jigawa,8801121
Nissan,2010,42014,Petrol,Auto,1.3,285,Good,Jigawa,9055902
Nissan,2013,24612,Petrol,Auto,1.2,84,Good,Jigawa,7417716
Nissan,2013,158493,Petrol,Auto,2.3,266,Good,Jigawa,10500549
Nissan,2018,57527,Petrol,Auto,1.2,270,Good,Jigawa,9797311
Nissan,2012,144992,Petrol,Auto,1.2,111,Good,Jigawa,6695056
Nissan,2020,11478,Petrol,Auto,1.8,250,Good,Jigawa,11419654
Nissan,2022,104615,Petrol,Auto,1.8,316,Good,Jigawa,11727695
Nissan,2022,32868,Petrol,Auto,2,176,Good,Jigawa,11229924
Nissan,2019,170980,Petrol,Auto,3.6,194,Good,Jigawa,13193140
Nissan,2011,11339,Petrol,Auto,2.9,115,Good,Jigawa,10920627
Nissan,2015,59417,Petrol,Auto,1.3,256,Good,Jigawa,9394081
Nissan,2020,61658,Petrol,Auto,1.4,323,Good,Jigawa,10998394
Nissan,2014,128568,Petrol,Auto,2.1,348,Good,Jigawa,11280024
Nissan,2019,167019,Petrol,Auto,3.8,191,Good,Jigawa,13590867
Nissan,2018,64980,Petrol,Auto,1.8,187,Good,Jigawa,10115140
Nissan,2023,21663,Petrol,Auto,4,251,Good,Jigawa,16208359
Nissan,2019,170072,Petrol,Auto,1.4,349,Good,Jigawa,10349496
Nissan,2017,102981,Petrol,Auto,2.9,236,Good,Jigawa,12389133
Nissan,2015,28248,Petrol,Auto,3.1,333,Good,Jigawa,13982264
Nissan,2015,113254,Petrol,Auto,2.5,344,Good,Jigawa,12297222
Nissan,2023,159786,Petrol,Auto,2.1,249,Good,Jigawa,11421498
Nissan,2022,90719,Petrol,Auto,1.2,152,Good,Jigawa,8984967
Nissan,2024,168429,Petrol,Auto,1.2,289,Good,Jigawa,10110997
Nissan,2012,182145,Petrol,Auto,1.1,296,Good,Jigawa,8084985
Nissan,2022,155188,Petrol,Auto,2.7,143,Good,Jigawa,11443684
Nissan,2013,16385,Petrol,Auto,4,307,Good,Jigawa,15305305
Nissan,2010,94366,Petrol,Auto,2.3,201,Good,Jigawa,9849438
Nissan,2019,30116,Petrol,Auto,1.8,182,Good,Jigawa,10459188
Nissan,2023,117983,Petrol,Auto,1.8,225,Good,Jigawa,10874119
Nissan,2019,153120,Petrol,Auto,1.5,112,Good,Jigawa,8298160
Nissan,2010,112261,Petrol,Auto,3.5,303,Good,Jigawa,13144173
Nissan,2017,122831,Petrol,Auto,1,319,Good,Jigawa,9280183
Nissan,2013,101310,Petrol,Auto,3,166,Good,Jigawa,11300830
Nissan,2023,128591,Petrol,Auto,3.7,164,Good,Jigawa,13989863
Nissan,2012,88616,Petrol,Auto,1.4,314,Good,Jigawa,9519688
Nissan,2012,112101,Petrol,Auto,1,328,Good,Jigawa,8695293
Nissan,2019,132810,Petrol,Auto,3.9,260,Good,Jigawa,14720330
Nissan,2016,70450,Petrol,Auto,2.8,277,Good,Jigawa,12676850
Nissan,2015,191969,Petrol,Auto,3.2,104,Good,Jigawa,10746217
Nissan,2016,138843,Petrol,Auto,1,87,Good,Jigawa,6698099
Nissan,2020,56960,Petrol,Auto,4,126,Good,Jigawa,14261280
Nissan,2011,142890,Petrol,Auto,1.7,221,Good,Jigawa,8659770
Nissan,2011,111542,Petrol,Auto,1.1,190,Good,Jigawa,7369206
Nissan,2015,136343,Petrol,Auto,3.5,328,Good,Jigawa,13975599
Nissan,2010,90166,Petrol,Auto,3.2,132,Good,Jigawa,10988838
Nissan,2016,148317,Petrol,Auto,3.5,135,Good,Jigawa,12111781
Nissan,2012,69487,Petrol,Auto,2,105,Good,Jigawa,8763591
Nissan,2011,130910,Petrol,Auto,3.9,326,Good,Jigawa,14193630
Nissan,2020,48554,Petrol,Auto,2,167,Good,Jigawa,10730122
Nissan,2011,63650,Petrol,Auto,1.3,118,Good,Jigawa,7384450
Nissan,2018,58050,Petrol,Auto,1.2,246,Good,Jigawa,9553650
Nissan,2015,199535,Petrol,Auto,1.1,254,Good,Jigawa,7993255
Nissan,2019,94059,Petrol,Auto,2.8,93,Good,Jigawa,11121587
Nissan,2010,111605,Petrol,Auto,2.1,203,Good,Jigawa,9348765
Nissan,2020,122272,Petrol,Auto,2.8,316,Good,Jigawa,13304096
Nissan,2015,161412,Petrol,Auto,1.3,114,Good,Jigawa,7260116
Nissan,2021,57327,Petrol,Auto,2.3,276,Good,Jigawa,12508711
Nissan,2016,36314,Petrol,Auto,2.6,320,Good,Jigawa,12945802
Nissan,2015,166717,Petrol,Auto,1.6,275,Good,Jigawa,9432981
Nissan,2017,153336,Petrol,Auto,1.9,278,Good,Jigawa,10456648
Nissan,2017,137810,Petrol,Auto,1.4,263,Good,Jigawa,9415330
Nissan,2024,171587,Petrol,Auto,2.9,155,Good,Jigawa,12148891
Nissan,2012,144578,Petrol,Auto,2.8,103,Good,Jigawa,9817954
Nissan,2016,63753,Petrol,Auto,2.1,111,Good,Jigawa,9663729
Nissan,2023,54368,Petrol,Auto,3.5,108,Good,Jigawa,13549424
Nissan,2011,124889,Petrol,Auto,1.2,300,Good,Jigawa,8575777
Nissan,2013,117766,Petrol,Auto,3.7,229,Good,Jigawa,13215638
Nissan,2019,110292,Petrol,Auto,2.1,95,Good,Jigawa,9627956
Nissan,2011,134467,Petrol,Auto,1.1,229,Good,Jigawa,7598731
Nissan,2014,123436,Petrol,Auto,1.2,122,Good,Jigawa,7255948
Nissan,2014,14278,Petrol,Auto,2.8,133,Good,Jigawa,11330054
Nissan,2020,172757,Petrol,Auto,3.1,152,Good,Jigawa,11910701
Nissan,2012,150880,Petrol,Auto,1.7,235,Good,Jigawa,8893840
Nissan,2015,13389,Petrol,Auto,1.8,214,Good,Jigawa,10296277
Nissan,2017,189177,Petrol,Auto,3.5,218,Good,Jigawa,12805761
Nissan,2012,80405,Petrol,Auto,1.2,346,Good,Jigawa,9497165
Nissan,2010,59837,Petrol,Auto,1.4,186,Good,Jigawa,8141141
Nissan,2021,23827,Petrol,Auto,3.4,132,Good,Jigawa,13503211
Nissan,2011,37531,Petrol,Auto,1.1,148,Good,Jigawa,7467283
Nissan,2017,24127,Petrol,Auto,3.8,255,Good,Jigawa,14931111
Nissan,2014,144996,Petrol,Auto,1.8,237,Good,Jigawa,9455028
Nissan,2012,34335,Petrol,Auto,2.7,322,Good,Jigawa,12579655
Nissan,2024,173710,Petrol,Auto,3.4,147,Good,Jigawa,13054030
Nissan,2019,58143,Petrol,Auto,2.3,219,Good,Jigawa,11632999
Nissan,2021,131704,Petrol,Auto,1.1,343,Good,Jigawa,10258072
Nissan,2013,107090,Petrol,Auto,1,165,Good,Jigawa,7250370
Nissan,2012,82705,Petrol,Auto,2.1,124,Good,Jigawa,9061065
Nissan,2015,16303,Petrol,Auto,2.8,223,Good,Jigawa,12365879
Nissan,2014,131719,Petrol,Auto,2.7,208,Good,Jigawa,11057967
Nissan,2010,180975,Petrol,Auto,2.6,178,Good,Jigawa,9613175
Nissan,2024,196255,Petrol,Auto,2.1,116,Good,Jigawa,9986215
Nissan,2013,64121,Petrol,Auto,1.6,86,Good,Jigawa,7961153
Nissan,2020,158197,Petrol,Auto,2.6,249,Good,Jigawa,11982621
Nissan,2022,138595,Petrol,Auto,2.3,251,Good,Jigawa,11839835
Nissan,2010,123396,Petrol,Auto,2.2,80,Good,Jigawa,8236228
Nissan,2018,41968,Petrol,Auto,3.2,282,Good,Jigawa,14026224
Nissan,2013,31570,Petrol,Auto,3.9,209,Good,Jigawa,14019010
Nissan,2024,101278,Petrol,Auto,3.2,132,Good,Jigawa,13011054
Nissan,2010,49099,Petrol,Auto,2.5,137,Good,Jigawa,9926307
Nissan,2017,190446,Petrol,Auto,1.4,306,Good,Jigawa,9476878
Nissan,2014,119982,Petrol,Auto,1.3,98,Good,Jigawa,7240126
Nissan,2023,74591,Petrol,Auto,2.5,95,Good,Jigawa,11277863
Nissan,2013,199893,Petrol,Auto,2.2,149,Good,Jigawa,8840749
Nissan,2011,137356,Petrol,Auto,2.5,142,Good,Jigawa,9508508
Nissan,2021,38418,Petrol,Auto,1.6,317,Good,Jigawa,11651074
Nissan,2019,86212,Petrol,Auto,1.4,186,Good,Jigawa,9306516
Nissan,2017,153265,Petrol,Auto,1.7,133,Good,Jigawa,8607145
Nissan,2017,13157,Petrol,Auto,2.2,229,Good,Jigawa,11547901
Nissan,2024,45195,Petrol,Auto,1.3,101,Good,Jigawa,9293635
Nissan,2022,148808,Petrol,Auto,3.6,86,Good,Jigawa,12718344
Nissan,2020,68360,Petrol,Auto,2.3,252,Good,Jigawa,12041480
Nissan,2018,15599,Petrol,Auto,3.4,176,Good,Jigawa,13550807
Nissan,2020,47395,Petrol,Auto,1.9,158,Good,Jigawa,10448235
Nissan,2023,89464,Petrol,Auto,1.7,114,Good,Jigawa,9763752
Nissan,2020,133789,Petrol,Auto,3,189,Good,Jigawa,12353477
Nissan,2014,77912,Petrol,Auto,3.2,247,Good,Jigawa,12824616
Nissan,2010,158016,Petrol,Auto,1.2,311,Good,Jigawa,8303888
Nissan,2023,105366,Petrol,Auto,3.6,297,Good,Jigawa,15282438
Nissan,2016,106465,Petrol,Auto,2.2,193,Good,Jigawa,10384745
Nissan,2010,139580,Petrol,Auto,3.6,319,Good,Jigawa,13312940
Nissan,2010,180452,Petrol,Auto,2.2,309,Good,Jigawa,10126836
Nissan,2010,175154,Petrol,Auto,2.7,232,Good,Jigawa,10393922
Nissan,2010,62539,Petrol,Auto,1.1,219,Good,Jigawa,7852227
Nissan,2011,189899,Petrol,Auto,3.6,251,Good,Jigawa,12430707
Nissan,2022,171989,Petrol,Auto,1.9,127,Good,Jigawa,9566077
Nissan,2017,133482,Petrol,Auto,3.8,186,Good,Jigawa,13475626
Nissan,2013,39288,Petrol,Auto,3.1,252,Good,Jigawa,12794984
Nissan,2021,31802,Petrol,Auto,2.2,271,Good,Jigawa,12437386
Nissan,2024,164415,Petrol,Auto,2.7,346,Good,Jigawa,13709095
Nissan,2024,120941,Petrol,Auto,3.4,239,Good,Jigawa,14343413
Nissan,2019,165642,Petrol,Auto,2.2,80,Good,Jigawa,9290506
Nissan,2022,171543,Petrol,Auto,1.1,297,Good,Jigawa,9669199
Nissan,2013,94669,Petrol,Auto,1.6,190,Good,Jigawa,8787317
Nissan,2015,168109,Petrol,Auto,2,281,Good,Jigawa,10283237
Nissan,2019,50856,Petrol,Auto,2.5,317,Good,Jigawa,13064008
Nissan,2013,11210,Petrol,Auto,2.7,333,Good,Jigawa,13001530
Nissan,2023,188841,Petrol,Auto,3,271,Good,Jigawa,13238113
Nissan,2015,172178,Petrol,Auto,2.8,99,Good,Jigawa,10034754
Nissan,2012,171750,Petrol,Auto,1.3,239,Good,Jigawa,7987750
Nissan,2016,40288,Petrol,Auto,1.9,105,Good,Jigawa,9367984
Nissan,2021,99314,Petrol,Auto,1.4,94,Good,Jigawa,8594802
Nissan,2020,69370,Petrol,Auto,1.8,262,Good,Jigawa,11134410
Nissan,2018,116437,Petrol,Auto,1.3,169,Good,Jigawa,8574941
Nissan,2010,143997,Petrol,Auto,2.6,260,Good,Jigawa,10692021
Nissan,2010,106126,Petrol,Auto,1.9,154,Good,Jigawa,8497118
Nissan,2017,84767,Petrol,Auto,1.3,316,Good,Jigawa,10116631
Nissan,2014,19615,Petrol,Auto,1.7,119,Good,Jigawa,8952695
Nissan,2023,31502,Petrol,Auto,1,102,Good,Jigawa,8649486
Nissan,2015,196673,Petrol,Auto,2.6,130,Good,Jigawa,9773289
Nissan,2022,193113,Petrol,Auto,3.5,312,Good,Jigawa,14468209
Nissan,2010,136633,Petrol,Auto,3,165,Good,Jigawa,10593569
Nissan,2020,100567,Petrol,Auto,2,260,Good,Jigawa,11296031
Nissan,2023,37777,Petrol,Auto,2.5,263,Good,Jigawa,13215561
Nissan,2014,121246,Petrol,Auto,1.6,216,Good,Jigawa,9011278
Nissan,2020,183765,Petrol,Auto,2.8,289,Good,Jigawa,12603645
Nissan,2016,21292,Petrol,Auto,1.4,318,Good,Jigawa,10630956
Nissan,2023,23024,Petrol,Auto,2.2,108,Good,Jigawa,11168832
Nissan,2023,12943,Petrol,Auto,2.6,301,Good,Jigawa,13969399
Nissan,2019,38580,Petrol,Auto,2.8,121,Good,Jigawa,11789940
Nissan,2010,166962,Petrol,Auto,3.8,114,Good,Jigawa,11471266
Nissan,2012,173034,Petrol,Auto,1,191,Good,Jigawa,6898762
Nissan,2020,100923,Petrol,Auto,3.4,102,Good,Jigawa,12513539
Nissan,2012,174101,Petrol,Auto,2.4,253,Good,Jigawa,10311293
Nissan,2012,152507,Petrol,Auto,3.9,186,Good,Jigawa,12792451
Nissan,2019,147579,Petrol,Auto,2,150,Good,Jigawa,9716947
Nissan,2015,52461,Petrol,Auto,2.2,134,Good,Jigawa,10022773
Nissan,2020,152245,Petrol,Auto,1,225,Good,Jigawa,8584285
Nissan,2014,170349,Petrol,Auto,3.7,224,Good,Jigawa,12947557
Nissan,2016,134301,Petrol,Auto,1.7,258,Good,Jigawa,9839893
Nissan,2023,121288,Petrol,Auto,1.1,189,Good,Jigawa,9090984
Nissan,2024,157250,Petrol,Auto,1.2,177,Good,Jigawa,9069250
Nissan,2010,114443,Petrol,Auto,2.1,94,Good,Jigawa,8238899
Nissan,2016,69659,Petrol,Auto,2.6,203,Good,Jigawa,11542387
Nissan,2018,10469,Petrol,Auto,2.2,305,Good,Jigawa,12476717
Nissan,2013,164174,Petrol,Auto,1.3,334,Good,Jigawa,9140782
Nissan,2016,102675,Petrol,Auto,2.1,209,Good,Jigawa,10371275
Nissan,2024,24342,Petrol,Auto,2.3,164,Good,Jigawa,12069606
Nissan,2021,122420,Petrol,Auto,3.5,343,Good,Jigawa,15123060
Nissan,2022,57965,Petrol,Auto,1.1,208,Good,Jigawa,9574245
Nissan,2010,39050,Petrol,Auto,1.8,215,Good,Jigawa,9376650
Nissan,2016,30462,Petrol,Auto,2.2,334,Good,Jigawa,12326766
Nissan,2012,164714,Petrol,Auto,3.1,338,Good,Jigawa,12627002
Nissan,2014,93214,Petrol,Auto,3.9,130,Good,Jigawa,12947502
Nissan,2016,166719,Petrol,Auto,2.2,80,Good,Jigawa,8832967
Nissan,2014,36240,Petrol,Auto,1.4,320,Good,Jigawa,10246320
Nissan,2010,57847,Petrol,Auto,2.8,295,Good,Jigawa,12045071
Nissan,2024,66511,Petrol,Auto,1.9,182,Good,Jigawa,11154423
Nissan,2013,49163,Petrol,Auto,1.8,292,Good,Jigawa,10525859
Nissan,2010,153173,Petrol,Auto,2.9,321,Good,Jigawa,11837789
Nissan,2013,165932,Petrol,Auto,3.4,184,Good,Jigawa,11828476
Nissan,2016,71203,Petrol,Auto,1.2,241,Good,Jigawa,9111579
Nissan,2010,156667,Petrol,Auto,3.1,224,Good,Jigawa,11243331
Nissan,2021,44483,Petrol,Auto,2.8,227,Good,Jigawa,13108619
Nissan,2013,114624,Petrol,Auto,2,218,Good,Jigawa,9727632
Nissan,2012,31329,Petrol,Auto,2.2,338,Good,Jigawa,11760697
Nissan,2021,94697,Petrol,Auto,2.7,184,Good,Jigawa,12127121
Nissan,2024,67359,Petrol,Auto,3.3,119,Good,Jigawa,13318487
Nissan,2021,111267,Petrol,Auto,1.5,130,Good,Jigawa,9071131
Nissan,2010,13582,Petrol,Auto,3.5,295,Good,Jigawa,13754926
Nissan,2014,32198,Petrol,Auto,2.9,302,Good,Jigawa,13094614
Nissan,2016,89589,Petrol,Auto,2.4,340,Good,Jigawa,12372877
Nissan,2014,195554,Petrol,Auto,1.6,124,Good,Jigawa,7571122
Nissan,2013,188738,Petrol,Auto,2.1,244,Good,Jigawa,9668834
Nissan,2023,143545,Petrol,Auto,3.1,193,Good,Jigawa,12975185
Nissan,2011,110115,Petrol,Auto,1.6,102,Good,Jigawa,7499195
Nissan,2010,95796,Petrol,Auto,3.4,160,Good,Jigawa,11629428
Nissan,2019,131063,Petrol,Auto,3.3,282,Good,Jigawa,13752559
Nissan,2021,182287,Petrol,Auto,3.4,246,Good,Jigawa,13533991
Nissan,2024,122778,Petrol,Auto,3.3,258,Good,Jigawa,14320554
Nissan,2018,74519,Petrol,Auto,3.2,311,Good,Jigawa,14088367
Nissan,2023,178637,Petrol,Auto,1.2,314,Good,Jigawa,10139541
Nissan,2023,132176,Petrol,Auto,2.4,223,Good,Jigawa,11954768
Toyota,2018,45868,Petrol,Auto,3.7,180,Good,Jigawa,14878924
Camry,2024,64816,Petrol,Auto,1.2,95,Good,Jigawa,8496288
Camry,2015,168311,Petrol,Auto,2.4,340,Good,Jigawa,11271823
Camry,2023,197256,Petrol,Auto,1.4,195,Good,Jigawa,8819208
Camry,2016,158391,Petrol,Auto,3.9,95,Good,Jigawa,12041263
Camry,2018,163081,Petrol,Auto,3.8,247,Good,Jigawa,13628433
Camry,2021,137741,Petrol,Auto,1.9,333,Good,Jigawa,11315813
Camry,2019,20323,Petrol,Auto,3.8,249,Good,Jigawa,14797739
Camry,2019,48395,Petrol,Auto,2.4,87,Good,Jigawa,10181235
Camry,2023,142732,Petrol,Auto,3.4,118,Good,Jigawa,12430876
Camry,2017,159707,Petrol,Auto,3,334,Good,Jigawa,12772051
Camry,2013,88524,Petrol,Auto,3.1,87,Good,Jigawa,10400332
Camry,2012,101512,Petrol,Auto,2.8,342,Good,Jigawa,12109416
Camry,2010,37040,Petrol,Auto,3.7,260,Good,Jigawa,13240720
Camry,2016,112434,Petrol,Auto,3.5,312,Good,Jigawa,13732962
Camry,2018,30035,Petrol,Auto,3.2,100,Good,Jigawa,11889755
Camry,2021,15052,Petrol,Auto,1.6,250,Good,Jigawa,10744636
Camry,2019,186213,Petrol,Auto,1.7,113,Good,Jigawa,8076509
Camry,2015,97708,Petrol,Auto,2.2,298,Good,Jigawa,10946044
Camry,2018,165915,Petrol,Auto,3.2,167,Good,Jigawa,11608595
Camry,2010,132704,Petrol,Auto,2.5,109,Good,Jigawa,8661072
Camry,2010,128400,Petrol,Auto,3.1,304,Good,Jigawa,11841200
Camry,2020,178197,Petrol,Auto,2.1,287,Good,Jigawa,10822621
Camry,2023,163300,Petrol,Auto,1.1,89,Good,Jigawa,7396900
Camry,2011,187275,Petrol,Auto,2.9,246,Good,Jigawa,10599075
Camry,2018,72987,Petrol,Auto,1.1,312,Good,Jigawa,9509091
Camry,2013,22463,Petrol,Auto,1.7,109,Good,Jigawa,8282759
Camry,2014,167697,Petrol,Auto,1.8,313,Good,Jigawa,9656121
Camry,2022,133164,Petrol,Auto,2.6,170,Good,Jigawa,11267852
Camry,2014,181984,Petrol,Auto,2.3,284,Good,Jigawa,10266112
Camry,2023,120166,Petrol,Auto,1.5,170,Good,Jigawa,9308838
Camry,2010,96763,Petrol,Auto,1.1,217,Good,Jigawa,7192659
Camry,2018,121749,Petrol,Auto,3.3,272,Good,Jigawa,13167757
Camry,2022,11439,Petrol,Auto,2.7,204,Good,Jigawa,12659927
Camry,2015,32036,Petrol,Auto,3.2,122,Good,Jigawa,11645748
Camry,2013,173474,Petrol,Auto,2.4,105,Good,Jigawa,8585682
Camry,2017,27573,Petrol,Auto,1.8,124,Good,Jigawa,9196989
Camry,2011,176046,Petrol,Auto,3.1,94,Good,Jigawa,9557678
Camry,2010,192482,Petrol,Auto,1.2,321,Good,Jigawa,7762626
Camry,2014,16127,Petrol,Auto,1.1,249,Good,Jigawa,8677111
Camry,2015,108748,Petrol,Auto,2.9,256,Good,Jigawa,11848764
Camry,2012,170905,Petrol,Auto,3.8,91,Good,Jigawa,11113665
Camry,2015,118616,Petrol,Auto,2.9,209,Good,Jigawa,11309688
Camry,2017,46964,Petrol,Auto,3.3,131,Good,Jigawa,12131252
GLK,2016,77664,Petrol,Auto,1.9,314,Good,Jigawa,14796352
GLK,2020,179128,Petrol,Auto,2.8,178,Good,Jigawa,15126104
GLK,2017,70183,Petrol,Auto,2.2,329,Good,Jigawa,15748719
GLK,2015,107300,Petrol,Auto,1.7,124,Good,Jigawa,12138900
GLK,2020,77086,Petrol,Auto,1.5,241,Good,Jigawa,13870398
GLK,2023,15653,Petrol,Auto,2.3,307,Good,Jigawa,17010429
GLK,2021,149088,Petrol,Auto,3.4,270,Good,Jigawa,17606384
GLK,2012,81040,Petrol,Auto,2,272,Good,Jigawa,13952720
GLK,2019,145835,Petrol,Auto,3.2,154,Good,Jigawa,15769155
GLK,2023,193266,Petrol,Auto,1.7,132,Good,Jigawa,12817138
GLK,2018,189185,Petrol,Auto,3.5,129,Good,Jigawa,15665705
GLK,2022,52224,Petrol,Auto,2.2,304,Good,Jigawa,16374432
GLK,2017,28511,Petrol,Auto,4,195,Good,Jigawa,18300423
GLK,2022,163460,Petrol,Auto,3.2,99,Good,Jigawa,15545780
GLK,2014,110736,Petrol,Auto,3.8,97,Good,Jigawa,15894848
GLK,2017,37822,Petrol,Auto,3.9,237,Good,Jigawa,18455246
GLK,2012,67711,Petrol,Auto,1.2,264,Good,Jigawa,12366023
GLK,2012,168222,Petrol,Auto,3.8,257,Good,Jigawa,16792446
GLK,2013,34370,Petrol,Auto,1.6,82,Good,Jigawa,11729410
GLK,2011,43627,Petrol,Auto,3,139,Good,Jigawa,14734611
GLK,2014,24830,Petrol,Auto,3.7,220,Good,Jigawa,17526190
GLK,2011,99726,Petrol,Auto,3.7,332,Good,Jigawa,17671918
GLK,2017,187511,Petrol,Auto,2.3,87,Good,Jigawa,12707423
GLK,2024,67953,Petrol,Auto,1.3,92,Good,Jigawa,12644329
GLK,2014,140648,Petrol,Auto,2.9,289,Good,Jigawa,15805464
GLK,2010,176913,Petrol,Auto,1.8,252,Good,Jigawa,12381609
GLK,2019,199133,Petrol,Auto,2.8,104,Good,Jigawa,14096069
GLK,2016,47482,Petrol,Auto,1.3,196,Good,Jigawa,12627626
GLK,2020,28666,Petrol,Auto,3.9,129,Good,Jigawa,17889338
GLK,2022,146496,Petrol,Auto,1.8,346,Good,Jigawa,15334528
GLK,2019,190217,Petrol,Auto,2.3,229,Good,Jigawa,14408481
GLK,2013,148706,Petrol,Auto,1.2,132,Good,Jigawa,10629058
GLK,2010,64423,Petrol,Auto,2.2,182,Good,Jigawa,13269039
GLK,2011,79001,Petrol,Auto,2.8,257,Good,Jigawa,15266993
GLK,2018,79908,Petrol,Auto,1.7,292,Good,Jigawa,14460644
GLK,2011,128248,Petrol,Auto,3.4,243,Good,Jigawa,15982264
GLK,2017,30955,Petrol,Auto,2.5,128,Good,Jigawa,14613315
GLK,2011,196000,Petrol,Auto,1.9,304,Good,Jigawa,13118000
GLK,2012,135858,Petrol,Auto,1.7,151,Good,Jigawa,11758994
GLK,2023,145670,Petrol,Auto,1.6,348,Good,Jigawa,15110310
GLK,2018,177211,Petrol,Auto,2.3,126,Good,Jigawa,13319523
GLK,2018,114387,Petrol,Auto,1.9,287,Good,Jigawa,14569291
GLK,2022,65285,Petrol,Auto,2.1,196,Good,Jigawa,15003005
GLK,2021,41584,Petrol,Auto,1.2,261,Good,Jigawa,13868912
GLK,2019,55860,Petrol,Auto,2.8,175,Good,Jigawa,15808980
GLK,2022,147419,Petrol,Auto,3.9,162,Good,Jigawa,17688067
GLK,2021,198217,Petrol,Auto,3.8,130,Good,Jigawa,16662481
GLK,2014,128869,Petrol,Auto,1.6,211,Good,Jigawa,12507917
GLK,2017,179800,Petrol,Auto,3.5,326,Good,Jigawa,17551400
GLK,2014,191981,Petrol,Auto,2.4,218,Good,Jigawa,13736133
GLK,2010,73844,Petrol,Auto,3.6,199,Good,Jigawa,16173092
GLK,2024,127132,Petrol,Auto,2.5,226,Good,Jigawa,15970076
GLK,2015,83876,Petrol,Auto,1.8,268,Good,Jigawa,13942868
GLK,2017,45964,Petrol,Auto,1.9,340,Good,Jigawa,15428252
GLK,2021,20958,Petrol,Auto,1.9,203,Good,Jigawa,14833294
GLK,2015,91616,Petrol,Auto,3.2,82,Good,Jigawa,14828688
GLK,2017,90222,Petrol,Auto,1.3,121,Good,Jigawa,11728446
GLK,2020,182772,Petrol,Auto,2.6,344,Good,Jigawa,16360596
GLK,2020,37992,Petrol,Auto,1,120,Good,Jigawa,11934056
GLK,2015,82020,Petrol,Auto,3.3,208,Good,Jigawa,16355860
GLK,2022,101788,Petrol,Auto,1.3,121,Good,Jigawa,12397484
GLK,2017,76487,Petrol,Auto,2.6,154,Good,Jigawa,14754591
GLK,2014,136171,Petrol,Auto,1.1,235,Good,Jigawa,11696803
GLK,2012,19953,Petrol,Auto,3.7,288,Good,Jigawa,17940329
GLK,2011,43353,Petrol,Auto,2.2,217,Good,Jigawa,13916529
GLK,2019,136878,Petrol,Auto,2.8,284,Good,Jigawa,16331854
GLK,2015,143339,Petrol,Auto,1.8,160,Good,Jigawa,12446627
GLK,2014,158136,Petrol,Auto,1.5,138,Good,Jigawa,11373048
GLK,2021,39862,Petrol,Auto,3.2,274,Good,Jigawa,18010966
GLK,2018,76556,Petrol,Auto,3.1,280,Good,Jigawa,17164108
GLK,2010,169140,Petrol,Auto,1.2,154,Good,Jigawa,10256020
GLK,2024,57342,Petrol,Auto,3,317,Good,Jigawa,18368606
GLK,2014,159969,Petrol,Auto,3.2,84,Good,Jigawa,14220217
GLK,2023,150146,Petrol,Auto,2.8,228,Good,Jigawa,16278978
GLK,2020,114076,Petrol,Auto,2,294,Good,Jigawa,15141468
GLK,2016,63013,Petrol,Auto,1.1,125,Good,Jigawa,11408909
GLK,2021,33044,Petrol,Auto,1.1,195,Good,Jigawa,13068692
GLK,2014,197720,Petrol,Auto,3.5,163,Good,Jigawa,15345960
GLK,2022,119639,Petrol,Auto,3.9,171,Good,Jigawa,17972527
GLK,2020,25411,Petrol,Auto,1.6,285,Good,Jigawa,14872123
GLK,2019,68769,Petrol,Auto,2.5,252,Good,Jigawa,15888617
GLK,2010,63333,Petrol,Auto,1.2,145,Good,Jigawa,10906669
GLK,2020,105411,Petrol,Auto,1.4,262,Good,Jigawa,13682123
GLK,2020,197092,Petrol,Auto,3.8,308,Good,Jigawa,18300356
GLK,2010,109822,Petrol,Auto,3.9,307,Good,Jigawa,17601246
GLK,2013,77541,Petrol,Auto,2.3,111,Good,Jigawa,13117213
GLK,2021,123559,Petrol,Auto,1,265,Good,Jigawa,12935087
GLK,2013,171184,Petrol,Auto,1.9,285,Good,Jigawa,13401712
GLK,2019,165507,Petrol,Auto,3,201,Good,Jigawa,15701451
GLK,2020,187188,Petrol,Auto,3.1,100,Good,Jigawa,14889684
GLK,2019,45841,Petrol,Auto,3,270,Good,Jigawa,17229113
GLK,2022,24351,Petrol,Auto,2,313,Good,Jigawa,16259543
GLK,2014,14422,Petrol,Auto,1.4,140,Good,Jigawa,12199046
GLK,2011,157884,Petrol,Auto,2.7,157,Good,Jigawa,13514812
GLK,2023,93969,Petrol,Auto,3.6,326,Good,Jigawa,19252217
GLK,2010,152500,Petrol,Auto,2.2,121,Good,Jigawa,12042500
GLK,2012,46806,Petrol,Auto,3.5,328,Good,Jigawa,17752358
GLK,2019,61241,Petrol,Auto,2.6,310,Good,Jigawa,16721313
GLK,2016,165441,Petrol,Auto,3.9,225,Good,Jigawa,17291913
GLK,2021,89293,Petrol,Auto,2.2,277,Good,Jigawa,15694949
GLK,2010,117689,Petrol,Auto,3.4,296,Good,Jigawa,16436177
GLK,2018,18313,Petrol,Auto,1.9,108,Good,Jigawa,13451809
GLK,2022,159581,Petrol,Auto,2.8,212,Good,Jigawa,15902933
GLK,2015,100044,Petrol,Auto,2.5,234,Good,Jigawa,14889692
GLK,2018,85936,Petrol,Auto,2.8,230,Good,Jigawa,15998448
GLK,2017,100079,Petrol,Auto,2.2,314,Good,Jigawa,15389447
GLK,2018,12283,Petrol,Auto,1.7,267,Good,Jigawa,14684019
GLK,2012,25047,Petrol,Auto,2.3,97,Good,Jigawa,13194671
GLK,2023,138296,Petrol,Auto,2.5,90,Good,Jigawa,14381928
GLK,2020,158992,Petrol,Auto,2.7,225,Good,Jigawa,15537056
GLK,2010,24467,Petrol,Auto,1.5,124,Good,Jigawa,11568731
GLK,2021,170159,Petrol,Auto,1.5,267,Good,Jigawa,13628887
GLK,2012,141858,Petrol,Auto,1.3,166,Good,Jigawa,11066994
GLK,2022,36103,Petrol,Auto,2.1,126,Good,Jigawa,14507279
GLK,2013,58113,Petrol,Auto,1.6,314,Good,Jigawa,13883209
GLK,2024,101703,Petrol,Auto,2.3,279,Good,Jigawa,16278079
GLK,2019,152035,Petrol,Auto,2.5,231,Good,Jigawa,15095755
GLK,2016,136690,Petrol,Auto,1.3,213,Good,Jigawa,12173170
GLK,2019,29617,Petrol,Auto,3.2,165,Good,Jigawa,16692681
GLK,2012,196712,Petrol,Auto,2.3,104,Good,Jigawa,12063016
GLK,2024,174647,Petrol,Auto,1.1,178,Good,Jigawa,12357471
GLK,2019,186512,Petrol,Auto,1.7,229,Good,Jigawa,13234416
GLK,2023,16081,Petrol,Auto,1.4,200,Good,Jigawa,14137433
GLK,2018,96342,Petrol,Auto,3.8,107,Good,Jigawa,16695606
GLK,2012,146342,Petrol,Auto,1.3,337,Good,Jigawa,12745606
GLK,2020,97474,Petrol,Auto,1.4,115,Good,Jigawa,12267682
GLK,2015,188888,Petrol,Auto,2.9,167,Good,Jigawa,14397784
GLK,2018,43812,Petrol,Auto,3.1,273,Good,Jigawa,17323316
GLK,2019,173683,Petrol,Auto,2.4,171,Good,Jigawa,14144219
GLK,2023,106804,Petrol,Auto,2.5,329,Good,Jigawa,16992372
GLK,2013,100638,Petrol,Auto,1.6,153,Good,Jigawa,11975534
GLK,2024,63032,Petrol,Auto,3.6,131,Good,Jigawa,17668776
GLK,2015,199548,Petrol,Auto,3.6,139,Good,Jigawa,15443164
GLK,2019,150638,Petrol,Auto,3.2,231,Good,Jigawa,16505534
GLK,2011,43777,Petrol,Auto,3.7,109,Good,Jigawa,15833561
GLK,2023,135463,Petrol,Auto,2.8,216,Good,Jigawa,16261759
GLK,2012,36094,Petrol,Auto,2,134,Good,Jigawa,12887342
GLK,2014,170060,Petrol,Auto,2.6,242,Good,Jigawa,14529580
GLK,2012,162449,Petrol,Auto,1.2,232,Good,Jigawa,11382857
GLK,2020,107382,Petrol,Auto,3.6,267,Good,Jigawa,18118326
GLK,2023,132318,Petrol,Auto,3.2,174,Good,Jigawa,16663774
GLK,2013,68265,Petrol,Auto,3.9,216,Good,Jigawa,17432145
GLK,2010,81558,Petrol,Auto,3.7,260,Good,Jigawa,16929094
GLK,2010,167439,Petrol,Auto,2.7,89,Good,Jigawa,12617927
GLK,2014,109884,Petrol,Auto,2,224,Good,Jigawa,13570812
GLK,2016,170892,Petrol,Auto,1.7,191,Good,Jigawa,12513756
GLK,2020,74603,Petrol,Auto,1.5,153,Good,Jigawa,13007779
GLK,2011,148422,Petrol,Auto,2.9,114,Good,Jigawa,13551046
GLK,2017,115687,Petrol,Auto,3.9,172,Good,Jigawa,17260191
GLK,2014,41737,Petrol,Auto,3.3,226,Good,Jigawa,16667841
GLK,2020,186476,Petrol,Auto,2.6,234,Good,Jigawa,15234668
GLK,2018,174921,Petrol,Auto,2.1,114,Good,Jigawa,12815553
GLK,2012,140654,Petrol,Auto,1.6,128,Good,Jigawa,11295422
GLK,2016,164332,Petrol,Auto,3.7,226,Good,Jigawa,16909676
GLK,2011,10828,Petrol,Auto,1.2,348,Good,Jigawa,13454204
GLK,2024,119286,Petrol,Auto,3.3,237,Good,Jigawa,17734998
GLK,2017,31585,Petrol,Auto,3.7,166,Good,Jigawa,17388905
GLK,2021,35199,Petrol,Auto,2.9,208,Good,Jigawa,16783607
GLK,2021,32145,Petrol,Auto,3.5,301,Good,Jigawa,18934985
GLK,2017,198403,Petrol,Auto,2.3,110,Good,Jigawa,12861179
GLK,2024,118677,Petrol,Auto,3.7,198,Good,Jigawa,18149261
GLK,2016,197845,Petrol,Auto,3.6,148,Good,Jigawa,15695085
GLK,2015,98908,Petrol,Auto,2.2,82,Good,Jigawa,12777644
GLK,2012,57210,Petrol,Auto,2.8,161,Good,Kano,15909530
GLK,2017,191904,Petrol,Auto,1.5,187,Good,Kano,13376672
GLK,2010,188344,Petrol,Auto,3.5,237,Good,Kano,16851592
GLK,2022,77077,Petrol,Auto,2.4,237,Good,Kano,17230461
GLK,2022,39077,Petrol,Auto,1.8,318,Good,Kano,17106461
GLK,2017,45761,Petrol,Auto,3.6,80,Good,Kano,17529673
GLK,2018,28682,Petrol,Auto,3.6,110,Good,Kano,18099226
GLK,2015,70264,Petrol,Auto,1.3,332,Good,Kano,14978152
GLK,2015,181167,Petrol,Auto,2.4,183,Good,Kano,14911831
GLK,2022,110180,Petrol,Auto,3.6,245,Good,Kano,19478740
GLK,2016,147556,Petrol,Auto,2.1,265,Good,Kano,15517108
GLK,2021,16084,Petrol,Auto,3.1,99,Good,Kano,17527412
GLK,2022,137790,Petrol,Auto,3.7,90,Good,Kano,17935470
GLK,2022,83323,Petrol,Auto,1.8,84,Good,Kano,14456739
GLK,2019,31073,Petrol,Auto,2,239,Good,Kano,16322489
GLK,2024,145207,Petrol,Auto,1.1,237,Good,Kano,14453551
GLK,2017,45447,Petrol,Auto,3.9,229,Good,Kano,19621871
GLK,2019,77428,Petrol,Auto,3.2,211,Good,Kano,18118004
GLK,2017,194275,Petrol,Auto,2.5,240,Good,Kano,15890075
GLK,2021,88964,Petrol,Auto,1.3,244,Good,Kano,14867252
GLK,2020,52049,Petrol,Auto,3.9,299,Good,Kano,20725657
GLK,2022,49691,Petrol,Auto,3.7,288,Good,Kano,20532163
GLK,2011,177737,Petrol,Auto,2.2,269,Good,Kano,14795841
GLK,2010,138768,Petrol,Auto,3.3,151,Good,Lagos,17638624
GLK,2018,84843,Petrol,Auto,2.9,87,Good,Lagos,17776099
GLK,2013,116230,Petrol,Auto,3.9,168,Good,Lagos,19616390
GLK,2011,143393,Petrol,Auto,2.4,94,Good,Lagos,15386249
GLK,2017,51019,Petrol,Auto,1.7,182,Good,Lagos,16412867
GLK,2016,43793,Petrol,Auto,3.4,90,Good,Lagos,18793449
GLK,2013,133666,Petrol,Auto,3.7,85,Good,Lagos,18264338
GLK,2015,111923,Petrol,Auto,1.3,267,Good,Lagos,15736539
GLK,2012,37532,Petrol,Auto,3.8,339,Good,Lagos,21527276
GLK,2012,145731,Petrol,Auto,3,249,Good,Lagos,18269883
GLK,2011,22713,Petrol,Auto,3.1,333,Good,Lagos,20021009
GLK,2011,174443,Petrol,Auto,2.1,184,Good,Lagos,15468899
GLK,2021,175555,Petrol,Auto,1.3,163,Good,Lagos,15151115
GLK,2018,163972,Petrol,Auto,3.8,240,Good,Lagos,20552196
GLK,2018,111434,Petrol,Auto,2.9,293,Good,Lagos,19649962
GLK,2011,57735,Petrol,Auto,3.2,204,Good,Lagos,18685855
GLK,2020,86486,Petrol,Auto,3.9,143,Good,Lagos,20624598
GLK,2012,158547,Petrol,Auto,2.9,193,Good,Lagos,17420171
GLK,2016,51398,Petrol,Auto,1.3,173,Good,Lagos,15370214
GLK,2014,62657,Petrol,Auto,3.6,252,Good,Lagos,20381401
GLK,2020,171003,Petrol,Auto,2.9,180,Good,Lagos,18402979
GLK,2010,164428,Petrol,Auto,1,280,Good,Lagos,14149004
GLK,2017,192443,Petrol,Auto,3.2,250,Good,Lagos,19102899
GLK,2014,44865,Petrol,Auto,1.2,113,Good,Lagos,14315945
GLK,2015,46088,Petrol,Auto,3.8,315,Good,Lagos,21677384
GLK,2019,81646,Petrol,Auto,1.9,314,Good,Lagos,18218478
GLK,2022,70912,Petrol,Auto,1.5,198,Good,Lagos,16783616
GLK,2019,98170,Petrol,Auto,3.2,223,Good,Lagos,19792810
GLK,2020,190800,Petrol,Auto,2.4,121,Good,Lagos,16674400
GLK,2013,31403,Petrol,Auto,4,247,Good,Lagos,21200179
GLK,2021,152077,Petrol,Auto,2.7,99,Good,Lagos,17475461
GLK,2010,168951,Petrol,Auto,1.3,246,Good,Lagos,14377343
GLK,2017,19441,Petrol,Auto,2.6,235,Good,Lagos,18963913
GLK,2016,83257,Petrol,Auto,1.2,166,Good,Lagos,14877201
GLK,2012,43430,Petrol,Auto,1.4,229,Good,Lagos,15585990
GLK,2016,197267,Petrol,Auto,3.6,178,Good,Lagos,18999131
GLK,2016,51344,Petrol,Auto,1.1,301,Good,Lagos,16250592
GLK,2016,163738,Petrol,Auto,2.8,347,Good,Lagos,19323834
GLK,2022,114385,Petrol,Auto,2.8,310,Good,Lagos,20199305
GLK,2012,173527,Petrol,Auto,2.5,346,Good,Lagos,18045311
GLK,2019,90617,Petrol,Auto,2.3,146,Good,Lagos,17275681
GLK,2015,79303,Petrol,Auto,2.5,104,Good,Lagos,16734879
GLK,2016,128012,Petrol,Auto,3.9,194,Good,Lagos,20243916
GLK,2013,159173,Petrol,Auto,1.3,254,Good,Lagos,14975789
GLK,2010,195101,Petrol,Auto,1.6,156,Good,Lagos,13894293
GLK,2021,158118,Petrol,Auto,3.6,300,Good,Lagos,21243174
GLK,2022,110213,Petrol,Auto,2.9,244,Good,Lagos,19768509
GLK,2014,47850,Petrol,Auto,3.7,133,Good,Lagos,19495050
GLK,2016,179281,Petrol,Auto,1.1,291,Good,Lagos,15255033
GLK,2019,79473,Petrol,Auto,1.3,189,Good,Lagos,15783689
GLK,2014,145778,Petrol,Auto,1.1,170,Good,Lagos,13979554
GLK,2019,111487,Petrol,Auto,2.9,221,Good,Lagos,19079591
GLK,2024,195087,Petrol,Auto,1.4,142,Good,Lagos,15454391
GLK,2019,10258,Petrol,Auto,3,274,Good,Lagos,20518194
GLK,2021,122676,Petrol,Auto,3.6,190,Good,Lagos,20391268
GLK,2024,130201,Petrol,Auto,3.8,306,Good,Lagos,22348593
GLK,2013,55487,Petrol,Auto,3,248,Good,Lagos,19041591
GLK,2016,199333,Petrol,Auto,3.8,187,Good,Lagos,19474669
GLK,2023,37560,Petrol,Auto,2.4,206,Good,Lagos,19047080
GLK,2014,85359,Petrol,Auto,2.7,259,Good,Lagos,18492487
GLK,2022,99985,Petrol,Auto,3.7,126,Good,Lagos,20260105
GLK,2017,31705,Petrol,Auto,3.4,332,Good,Lagos,21448065
GLK,2015,19380,Petrol,Auto,2.2,160,Good,Lagos,17114340
GLK,2010,80958,Petrol,Auto,3.3,213,Good,Lagos,18663294
GLK,2016,72354,Petrol,Auto,1.4,180,Good,Lagos,15493522
GLK,2015,176859,Petrol,Auto,2.6,228,Good,Lagos,17491987
GLK,2018,75179,Petrol,Auto,1.3,259,Good,Lagos,16363747
GLK,2014,31766,Petrol,Auto,1.4,280,Good,Lagos,16477638
GLK,2012,111495,Petrol,Auto,3.5,183,Good,Lagos,18849535
GLK,2013,86506,Petrol,Auto,2,305,Good,Lagos,17394458
GLK,2015,12042,Petrol,Auto,1.9,212,Good,Lagos,17085706
GLK,2015,175108,Petrol,Auto,1.7,115,Good,Lagos,14574244
GLK,2011,141391,Petrol,Auto,2.3,109,Good,Lagos,15350263
GLK,2017,196564,Petrol,Auto,2.6,143,Good,Lagos,16804052
GLK,2010,188305,Petrol,Auto,3.5,203,Good,Lagos,18211865
GLK,2010,13734,Petrol,Auto,3.8,229,Good,Lagos,20293862
GLK,2010,141527,Petrol,Auto,2.5,96,Good,Lagos,15469311
GLK,2019,70553,Petrol,Auto,1.5,213,Good,Lagos,16486129
GLK,2019,159773,Petrol,Auto,1.2,230,Good,Lagos,15431589
GLK,2016,152898,Petrol,Auto,2.9,332,Good,Lagos,19449714
GLK,2016,195775,Petrol,Auto,2.8,303,Good,Lagos,18659575
GLK,2017,48164,Petrol,Auto,3.5,112,Good,Lagos,19332852
GLK,2022,10061,Petrol,Auto,3.8,145,Good,Lagos,21279573
GLK,2011,19682,Petrol,Auto,1.4,296,Good,Lagos,16272226
GLK,2013,192462,Petrol,Auto,3.4,136,Good,Lagos,17762766
GLK,2019,181181,Petrol,Auto,2.8,224,Good,Lagos,18421733
GLK,2015,130702,Petrol,Auto,1.3,169,Good,Lagos,14625086
GLK,2019,134605,Petrol,Auto,1.6,288,Good,Lagos,16987765
GLK,2012,80436,Petrol,Auto,1.7,184,Good,Lagos,15476948
GLK,2010,140895,Petrol,Auto,3.6,106,Good,Lagos,17773735
GLK,2017,190809,Petrol,Auto,1.7,125,Good,Lagos,14864337
GLK,2013,91229,Petrol,Auto,2.4,110,Good,Lagos,16211397
GLK,2022,198281,Petrol,Auto,2.5,95,Good,Lagos,16862033
GLK,2020,118616,Petrol,Auto,2.9,208,Good,Lagos,19049688
GLK,2022,139071,Petrol,Auto,2.4,236,Good,Lagos,18486503
GLK,2015,69155,Petrol,Auto,2,231,Good,Lagos,17075915
GLK,2011,161928,Petrol,Auto,1.7,179,Good,Lagos,14706504
GLK,2015,86799,Petrol,Auto,1.2,317,Good,Lagos,16212407
GLK,2015,185682,Petrol,Auto,2.3,138,Good,Lagos,15930226
GLK,2021,157490,Petrol,Auto,3.6,178,Good,Lagos,20027570
GLK,2016,192344,Petrol,Auto,2.6,227,Good,Lagos,17523592
GLK,2024,101709,Petrol,Auto,2.2,216,Good,Lagos,18448037
GLK,2024,147228,Petrol,Auto,3.5,142,Good,Lagos,19989404
GLK,2023,172919,Petrol,Auto,3.1,318,Good,Lagos,20619567
GLK,2017,151088,Petrol,Auto,2.1,246,Good,Lagos,17152384
GLK,2021,109003,Petrol,Auto,3.3,194,Good,Lagos,19926979
GLK,2022,138078,Petrol,Auto,3.8,86,Good,Lagos,19793454
GLK,2019,186131,Petrol,Auto,1.8,207,Good,Lagos,16217083
GLK,2016,33334,Petrol,Auto,3.7,93,Good,Lagos,19496662
GLK,2016,66899,Petrol,Auto,2,304,Good,Lagos,17971707
GLK,2017,169107,Petrol,Auto,3.5,256,Good,Lagos,19926251
GLK,2017,162478,Petrol,Auto,1.9,266,Good,Lagos,16872654
GLK,2022,132248,Petrol,Auto,3.2,210,Good,Lagos,19874264
GLK,2023,20434,Petrol,Auto,1.8,242,Good,Lagos,18326962
GLK,2023,29039,Petrol,Auto,3.9,98,Good,Lagos,21026727
GLK,2015,198857,Petrol,Auto,2,282,Good,Lagos,16678001
GLK,2011,43113,Petrol,Auto,1.1,136,Good,Lagos,13908209
GLK,2021,100556,Petrol,Auto,3.1,212,Good,Lagos,19766108
GLK,2020,44033,Petrol,Auto,1.7,338,Good,Lagos,18471769
GLK,2023,107856,Petrol,Auto,1.9,234,Good,Lagos,17835008
GLK,2015,24807,Petrol,Auto,3.2,317,Good,Lagos,20646351
GLK,2018,92004,Petrol,Auto,3.4,349,Good,Lagos,21345972
GLK,2011,129366,Petrol,Auto,2.1,250,Good,Lagos,16444438
GLK,2019,60185,Petrol,Auto,3.5,310,Good,Lagos,21528705
GLK,2017,37335,Petrol,Auto,1.5,342,Good,Lagos,17708655
GLK,2013,133994,Petrol,Auto,1.6,245,Good,Lagos,15662042
GLK,2024,84374,Petrol,Auto,1.2,328,Good,Lagos,17689382
GLK,2020,59653,Petrol,Auto,3.8,94,Good,Lagos,20122429
GLK,2016,77343,Petrol,Auto,2.4,344,Good,Lagos,19098599
GLK,2013,69334,Petrol,Auto,2.9,311,Good,Lagos,19374662
GLK,2021,164866,Petrol,Auto,3.5,246,Good,Lagos,20455938
GLK,2012,78199,Petrol,Auto,1.5,168,Good,Lagos,14932607
GLK,2020,55384,Petrol,Auto,3.9,86,Good,Lagos,20272312
GLK,2020,47977,Petrol,Auto,1.6,248,Good,Lagos,17344161
GLK,2017,91137,Petrol,Auto,2.6,288,Good,Lagos,18992041
GLK,2014,79275,Petrol,Auto,3.7,267,Good,Lagos,20615075
GLK,2023,26901,Petrol,Auto,3.9,211,Good,Lagos,22171693
GLK,2010,178368,Petrol,Auto,1.3,237,Good,Lagos,14221424
GLK,2017,142437,Petrol,Auto,1.3,287,Good,Lagos,16022941
GLK,2011,91009,Petrol,Auto,1,164,Good,Lagos,13652937
GLK,2013,75980,Petrol,Auto,1.6,240,Good,Lagos,16018140
GLK,2010,115693,Petrol,Auto,1.3,241,Good,Lagos,14700149
GLK,2013,98785,Petrol,Auto,2.3,201,Good,Lagos,16868505
GLK,2015,116044,Petrol,Auto,3.4,80,Good,Lagos,18037692
GLK,2021,176349,Petrol,Auto,3,309,Good,Lagos,20005557
GLK,2013,193995,Petrol,Auto,3.9,255,Good,Lagos,19942035
GLK,2010,150917,Petrol,Auto,1.6,350,Good,Lagos,16143581
GLK,2024,17754,Petrol,Auto,3,215,Good,Lagos,20625722
GLK,2011,159006,Petrol,Auto,1.5,168,Good,Lagos,14216958
GLK,2019,99300,Petrol,Auto,4,180,Good,Lagos,20954900
GLK,2012,68183,Petrol,Auto,1.8,292,Good,Lagos,16842719
GLK,2017,84987,Petrol,Auto,1.8,198,Good,Lagos,16535091
GLK,2022,51169,Petrol,Auto,2.2,266,Good,Lagos,19001817
GLK,2022,63613,Petrol,Auto,2.7,334,Good,Lagos,20594709
GLK,2013,109913,Petrol,Auto,1.4,277,Good,Lagos,15750609
GLK,2021,57018,Petrol,Auto,2.7,97,Good,Lagos,18120874
GLK,2012,147369,Petrol,Auto,3.2,229,Good,Lagos,18458417
GLK,2023,94003,Petrol,Auto,3.2,140,Good,Lagos,19591979
GLK,2013,20239,Petrol,Auto,1.1,285,Good,Lagos,15858327
GLK,2012,59489,Petrol,Auto,3.9,312,Good,Lagos,21303577
GLK,2020,42527,Petrol,Auto,3,248,Good,Lagos,20182311
GLK,2023,177282,Petrol,Auto,2,239,Good,Lagos,17599026
GLK,2022,157015,Petrol,Auto,3.6,140,Good,Lagos,19800895
GLK,2020,199457,Petrol,Auto,1.3,219,Good,Jigawa,12393801
GLK,2015,125096,Petrol,Auto,1.5,288,Good,Jigawa,13254328
GLK,2012,42212,Petrol,Auto,3.2,326,Good,Jigawa,17164516
GLK,2012,93858,Petrol,Auto,1.7,348,Good,Jigawa,14022994
GLK,2024,84095,Petrol,Auto,2.9,331,Good,Jigawa,18121335
GLK,2021,64841,Petrol,Auto,1.8,269,Good,Jigawa,14986113
GLK,2021,89809,Petrol,Auto,1.1,264,Good,Jigawa,13361337
GLK,2015,43590,Petrol,Auto,2.9,136,Good,Jigawa,15104870
GLK,2020,30436,Petrol,Auto,3.8,324,Good,Jigawa,19626948
GLK,2014,165525,Petrol,Auto,3.1,229,Good,Jigawa,15431325
GLK,2024,173192,Petrol,Auto,1.5,149,Good,Jigawa,12877656
GLK,2017,74065,Petrol,Auto,3.6,271,Good,Jigawa,17941545
GLK,2015,21400,Petrol,Auto,2.1,129,Good,Jigawa,13590200
GLK,2010,105887,Petrol,Auto,1.4,347,Good,Jigawa,13028791
GLK,2024,93693,Petrol,Auto,3.7,269,Good,Jigawa,19034149
GLK,2020,37784,Petrol,Auto,2,327,Good,Jigawa,16005512
GLK,2013,41686,Petrol,Auto,3.4,142,Good,Jigawa,15878198
GLK,2010,73593,Petrol,Auto,3.8,331,Good,Jigawa,17894849
GLK,2020,74860,Petrol,Auto,2.9,194,Good,Jigawa,16215980
GLK,2024,90753,Petrol,Auto,3.6,259,Good,Jigawa,18754729
GLK,2022,145020,Petrol,Auto,3.4,101,Good,Jigawa,16094860
GLK,2023,49609,Petrol,Auto,3.1,228,Good,Jigawa,17582737
GLK,2014,17940,Petrol,Auto,3.7,201,Good,Jigawa,17384420
GLK,2014,11353,Petrol,Auto,1.5,252,Good,Jigawa,13540529
GLK,2021,39918,Petrol,Auto,3.7,96,Good,Jigawa,17230574
GLK,2015,160311,Petrol,Auto,2,240,Good,Jigawa,13527823
GLK,2014,165455,Petrol,Auto,3.2,344,Good,Jigawa,16781815
GLK,2019,137822,Petrol,Auto,1.7,194,Good,Jigawa,13225246
GLK,2019,159818,Petrol,Auto,2.4,243,Good,Jigawa,14961274
GLK,2023,60234,Petrol,Auto,3.5,148,Good,Jigawa,17508362
GLK,2020,100865,Petrol,Auto,3.6,206,Good,Jigawa,17553945
GLK,2014,120186,Petrol,Auto,2.6,101,Good,Jigawa,13468698
GLK,2023,60244,Petrol,Auto,3.6,313,Good,Jigawa,19358292
GLK,2013,132412,Petrol,Auto,3.1,346,Good,Jigawa,16683116
GLK,2011,115795,Petrol,Auto,1.6,158,Good,Jigawa,11619435
GLK,2020,170551,Petrol,Auto,3.8,214,Good,Jigawa,17546143
GLK,2024,115958,Petrol,Auto,2.7,317,Good,Jigawa,17358294
GLK,2016,178770,Petrol,Auto,3.9,84,Good,Jigawa,15788610
GLK,2015,152012,Petrol,Auto,1.8,240,Good,Jigawa,13185916
GLK,2013,72825,Petrol,Auto,2.1,320,Good,Jigawa,14840225
GLK,2020,58882,Petrol,Auto,3.5,119,Good,Jigawa,16777826
GLK,2018,14905,Petrol,Auto,1.3,320,Good,Jigawa,14395665
GLK,2015,10974,Petrol,Auto,2.1,277,Good,Jigawa,15143182
GLK,2020,29276,Petrol,Auto,3.4,223,Good,Jigawa,17825068
GLK,2017,145427,Petrol,Auto,1.3,189,Good,Jigawa,12022011
GLK,2023,62776,Petrol,Auto,3.3,119,Good,Jigawa,16800568
GLK,2012,128055,Petrol,Auto,1.4,270,Good,Jigawa,12403615
GLK,2022,20078,Petrol,Auto,3.3,128,Good,Jigawa,17039454
GLK,2010,152264,Petrol,Auto,2.9,106,Good,Jigawa,13294152
GLK,2019,134443,Petrol,Auto,2.2,321,Good,Jigawa,15518899
GLK,2019,189332,Petrol,Auto,3.2,243,Good,Jigawa,16354676
GLK,2014,29719,Petrol,Auto,3.6,198,Good,Jigawa,17071967
GLK,2014,112938,Petrol,Auto,1.8,168,Good,Jigawa,12589434
GLK,2023,28645,Petrol,Auto,1.5,233,Good,Jigawa,14579485
GLK,2024,61381,Petrol,Auto,2.2,187,Good,Jigawa,15440333
GLK,2018,150035,Petrol,Auto,3.7,304,Good,Jigawa,18089755
GLK,2017,53388,Petrol,Auto,1.1,152,Good,Jigawa,11896284
GLK,2024,149585,Petrol,Auto,3.6,179,Good,Jigawa,17542905
GLK,2016,175143,Petrol,Auto,1.1,313,Good,Jigawa,12503999
GLK,2014,98425,Petrol,Auto,1.9,257,Good,Jigawa,13781025
GLK,2018,59675,Petrol,Auto,2.6,316,Good,Jigawa,16642275
GLK,2021,45364,Petrol,Auto,3.7,332,Good,Jigawa,19552452
GLK,2013,143379,Petrol,Auto,3.7,114,Good,Jigawa,15486347
GLK,2018,179811,Petrol,Auto,3.5,331,Good,Jigawa,17751323
GLK,2021,97517,Petrol,Auto,2.3,255,Good,Jigawa,15617381
GLK,2021,97003,Petrol,Auto,2.2,90,Good,Jigawa,13770979
GLK,2011,179091,Petrol,Auto,2.4,310,Good,Jigawa,14296363
GLK,2012,61981,Petrol,Auto,3.7,139,Good,Jigawa,16156133
GLK,2018,60924,Petrol,Auto,2.2,123,Good,Jigawa,13903532
GLK,2016,73825,Petrol,Auto,2.7,151,Good,Jigawa,14793225
GLK,2012,47639,Petrol,Auto,1.2,291,Good,Jigawa,12776527
GLK,2011,181871,Petrol,Auto,2.5,187,Good,Jigawa,13246903
GLK,2014,82017,Petrol,Auto,1.1,105,Good,Jigawa,10775881
GLK,2023,37772,Petrol,Auto,2.5,223,Good,Jigawa,16415596
GLK,2024,74991,Petrol,Auto,1.5,304,Good,Jigawa,15115063
GLK,2019,98615,Petrol,Auto,1.2,96,Good,Jigawa,11519695
GLK,2014,24632,Petrol,Auto,1.4,84,Good,Jigawa,11567576
GLK,2021,81043,Petrol,Auto,2.9,288,Good,Jigawa,17262699
GLK,2012,59086,Petrol,Auto,1.1,234,Good,Jigawa,11926398
GLK,2020,151204,Petrol,Auto,3.9,221,Good,Jigawa,17951572
GLK,2022,68374,Petrol,Auto,2.3,297,Good,Jigawa,16391382
GLK,2018,15581,Petrol,Auto,2.2,134,Good,Jigawa,14330933
GLK,2017,196881,Petrol,Auto,2.1,281,Good,Jigawa,14181833
GLK,2019,67725,Petrol,Auto,2.5,197,Good,Jigawa,15345925
GLK,2020,152318,Petrol,Auto,3.1,195,Good,Jigawa,16083774
GLK,2014,130533,Petrol,Auto,3.5,326,Good,Jigawa,17446269
GLK,2019,53001,Petrol,Auto,1.1,214,Good,Jigawa,12818993
GLK,2021,62277,Petrol,Auto,2.4,237,Good,Jigawa,15884061
GLK,2022,59417,Petrol,Auto,3.9,190,Good,Jigawa,18584081
GLK,2020,96339,Petrol,Auto,2.8,260,Good,Jigawa,16525627
GLK,2024,176866,Petrol,Auto,1.1,304,Good,Jigawa,13601938
GLK,2020,49150,Petrol,Auto,1.3,172,Good,Jigawa,12975950
GLK,2014,117317,Petrol,Auto,1.9,318,Good,Jigawa,14258781
GLK,2024,52403,Petrol,Auto,1.6,168,Good,Jigawa,14113179
GLK,2012,122914,Petrol,Auto,1.2,139,Good,Jigawa,10729602
GLK,2022,195194,Petrol,Auto,1.7,198,Good,Jigawa,13313642
GLK,2017,76482,Petrol,Auto,3.8,281,Good,Jigawa,18424626
GLK,2021,21198,Petrol,Auto,2.8,228,Good,Jigawa,16881614
GLK,2014,174759,Petrol,Auto,2.1,116,Good,Jigawa,12236687
GLK,2013,72864,Petrol,Auto,3.7,112,Good,Jigawa,15959952
GLK,2018,160615,Petrol,Auto,2.5,294,Good,Jigawa,15515695
GLK,2024,167976,Petrol,Auto,2.8,245,Excellent,Jigawa,17474168
GLK,2014,104774,Petrol,Auto,3.5,231,Excellent,Jigawa,17676582
